priority_tier,total_score,volume_score,pipeline_need_score,ci_need_score,technology_gap_score,market_access_score,epm,plant_name,owner,city,state,status,capacity_mgy,capacity_mgy_used_for_scoring,estimated_fermentation_co2_mt_per_year,latest_available_ci_scores,pipeline_ccs_status,ccs_committed_flag,technology_flags,nearest_market,nearest_market_miles,market_access_note,rationale,tier_reason
High,86.8,12,25,17.8,20,12,3649,Mid-Missouri Energy LLC,Mid-Missouri Energy,Malta Bend,MO,Active,66.0,66.0,191400,CA/latest 71.31; corn 71.31; fiber 22.92,No clear public pipeline/CCS access in available data,False,limited public low-carbon tech flags,Kansas City,64.4,near major urban/industrial market,"66.0 MGY implies roughly 191,400 metric tons/year of fermentation CO2. No clear public pipeline/CCS access in available data CI position score 17.8/20 based on available corn/latest CI percentile. Technology screen: limited public low-carbon tech flags. Nearest listed market is Kansas City at about 64 miles (near major urban/industrial market).","Large/meaningful CO2 source with no clear CCS route, average-to-weaker CI position, limited carbon tech, and/or useful market access."
High,85.2,16,25,19.2,13,12,3550,Al-Corn Clean Fuel,Al-Corn Clean Fuel,Claremont,MN,Active,130.0,130.0,377000,CA/latest 73.04; corn 73.04; fiber 26.86,No clear public pipeline/CCS access in available data,False,fiber/D3,Minneapolis / St. Paul,65.3,near major urban/industrial market,"130.0 MGY implies roughly 377,000 metric tons/year of fermentation CO2. No clear public pipeline/CCS access in available data CI position score 19.2/20 based on available corn/latest CI percentile. Technology screen: fiber/D3. Nearest listed market is Minneapolis / St. Paul at about 65 miles (near major urban/industrial market).","Large/meaningful CO2 source with no clear CCS route, average-to-weaker CI position, limited carbon tech, and/or useful market access."
High,80.0,16,25,10.0,17,12,3755,Aztalan Bio LLC,Clonbio/Pannonia,Johnson Creek,WI,Active,106.0,106.0,307400,,No clear public pipeline/CCS access in available data,False,high protein,Chicago industrial corridor,99.9,near major urban/industrial market,"106.0 MGY implies roughly 307,400 metric tons/year of fermentation CO2. No clear public pipeline/CCS access in available data CI position is unclear in available LCFS data. Technology screen: high protein. Nearest listed market is Chicago industrial corridor at about 100 miles (near major urban/industrial market).","Large/meaningful CO2 source with no clear CCS route, average-to-weaker CI position, limited carbon tech, and/or useful market access."
High,79.4,16,25,19.4,13,6,3607,Glacial Lakes Energy,Glacial Lakes Cooperative,Watertown,SD,Active,148.0,148.0,429200,CA/latest 73.64; corn 73.64; fiber 34.31; WA min 33.18,No clear public pipeline/CCS access in available data,False,fiber/D3,Sioux City,168.2,moderate market access,"148.0 MGY implies roughly 429,200 metric tons/year of fermentation CO2. No clear public pipeline/CCS access in available data CI position score 19.4/20 based on available corn/latest CI percentile. Technology screen: fiber/D3. Nearest listed market is Sioux City at about 168 miles (moderate market access).","Large/meaningful CO2 source with no clear CCS route, average-to-weaker CI position, limited carbon tech, and/or useful market access."
High,79.0,16,25,10.0,13,15,3620,Green Plains Shenandoah LLC,Green Plains,Shenandoah,IA,Active,100.0,100.0,290000,,No clear public pipeline/CCS access in available data,False,"high protein, corn oil",Omaha / Council Bluffs,44.6,very near major urban/industrial market,"100.0 MGY implies roughly 290,000 metric tons/year of fermentation CO2. No clear public pipeline/CCS access in available data CI position is unclear in available LCFS data. Technology screen: high protein, corn oil. Nearest listed market is Omaha / Council Bluffs at about 45 miles (very near major urban/industrial market).","Large/meaningful CO2 source with no clear CCS route, average-to-weaker CI position, limited carbon tech, and/or useful market access."
High,79.0,12,25,10.0,20,12,3704,Show Me Ethanol,Show Me Ethanol,Carrollton,MO,Active,65.5,65.5,189950,,No clear public pipeline/CCS access in available data,False,limited public low-carbon tech flags,Kansas City,63.1,near major urban/industrial market,"65.5 MGY implies roughly 189,950 metric tons/year of fermentation CO2. No clear public pipeline/CCS access in available data CI position is unclear in available LCFS data. Technology screen: limited public low-carbon tech flags. Nearest listed market is Kansas City at about 63 miles (near major urban/industrial market).","Large/meaningful CO2 source with no clear CCS route, average-to-weaker CI position, limited carbon tech, and/or useful market access."
High,79.0,12,25,10.0,20,12,3584,CIE Norfolk GNS LLC,Central Indiana Ethanol,Norfolk,NE,Active,60.0,60.0,174000,,No clear public pipeline/CCS access in available data,False,limited public low-carbon tech flags,Sioux City,58.1,near major urban/industrial market,"60.0 MGY implies roughly 174,000 metric tons/year of fermentation CO2. No clear public pipeline/CCS access in available data CI position is unclear in available LCFS data. Technology screen: limited public low-carbon tech flags. Nearest listed market is Sioux City at about 58 miles (near major urban/industrial market).","Large/meaningful CO2 source with no clear CCS route, average-to-weaker CI position, limited carbon tech, and/or useful market access."
High,77.0,20,25,10.0,16,6,3606,Glacial Lakes Energy,Glacial Lakes Cooperative,Mina,SD,Active,162.0,162.0,469800,,No clear public pipeline/CCS access in available data,False,White Fox,Sioux City,235.5,moderate market access,"162.0 MGY implies roughly 469,800 metric tons/year of fermentation CO2. No clear public pipeline/CCS access in available data CI position is unclear in available LCFS data. Technology screen: White Fox. Nearest listed market is Sioux City at about 235 miles (moderate market access).","Large/meaningful CO2 source with no clear CCS route, average-to-weaker CI position, limited carbon tech, and/or useful market access."
High,77.0,16,25,10.0,20,6,3645,United Energy Necadah,United Cooperative,Necedah,WI,Active,106.0,106.0,307400,,No clear public pipeline/CCS access in available data,False,limited public low-carbon tech flags,Cedar Rapids / Iowa City,160.8,moderate market access,"106.0 MGY implies roughly 307,400 metric tons/year of fermentation CO2. No clear public pipeline/CCS access in available data CI position is unclear in available LCFS data. Technology screen: limited public low-carbon tech flags. Nearest listed market is Cedar Rapids / Iowa City at about 161 miles (moderate market access).","Large/meaningful CO2 source with no clear CCS route, average-to-weaker CI position, limited carbon tech, and/or useful market access."
High,76.4,12,25,17.4,13,9,3631,Highwater Ethanol LLC,High Water Ethanol,Lamberton,MN,Active,72.0,72.0,208800,CA/latest 71.09; corn 71.09; fiber 25.13,No clear public pipeline/CCS access in available data,False,fiber/D3,Minneapolis / St. Paul,112.6,reasonable regional market access,"72.0 MGY implies roughly 208,800 metric tons/year of fermentation CO2. No clear public pipeline/CCS access in available data CI position score 17.4/20 based on available corn/latest CI percentile. Technology screen: fiber/D3. Nearest listed market is Minneapolis / St. Paul at about 113 miles (reasonable regional market access).","Large/meaningful CO2 source with no clear CCS route, average-to-weaker CI position, limited carbon tech, and/or useful market access."
High,75.0,12,25,10.0,16,12,3719,United Energy Milton,United Cooperative,Milton,WI,Active,61.0,61.0,176900,,No clear public pipeline/CCS access in available data,False,White Fox,Chicago industrial corridor,89.7,near major urban/industrial market,"61.0 MGY implies roughly 176,900 metric tons/year of fermentation CO2. No clear public pipeline/CCS access in available data CI position is unclear in available LCFS data. Technology screen: White Fox. Nearest listed market is Chicago industrial corridor at about 90 miles (near major urban/industrial market).","Large/meaningful CO2 source with no clear CCS route, average-to-weaker CI position, limited carbon tech, and/or useful market access."
High,73.0,12,25,10.0,20,6,3604,Hub City Energy LLC,Glacial Lakes Cooperative,Aberdeen,SD,Active,70.0,70.0,203000,WA min 32.36,No clear public pipeline/CCS access in available data,False,limited public low-carbon tech flags,Sioux City,230.7,moderate market access,"70.0 MGY implies roughly 203,000 metric tons/year of fermentation CO2. No clear public pipeline/CCS access in available data CI position is unclear in available LCFS data. Technology screen: limited public low-carbon tech flags. Nearest listed market is Sioux City at about 231 miles (moderate market access).","Large/meaningful CO2 source with no clear CCS route, average-to-weaker CI position, limited carbon tech, and/or useful market access."
High,72.5,16,25,7.5,9,15,3686,Poet Biorefinning-Menlo,POET Biorefining,Menlo,IA,Active,132.0,132.0,382800,CA/latest 66.31; corn 66.31; fiber 26.60,No clear public pipeline/CCS access in available data,False,"fiber/D3, waste heat, corn oil",Des Moines / Ames,39.4,very near major urban/industrial market,"132.0 MGY implies roughly 382,800 metric tons/year of fermentation CO2. No clear public pipeline/CCS access in available data CI position score 7.5/20 based on available corn/latest CI percentile. Technology screen: fiber/D3, waste heat, corn oil. Nearest listed market is Des Moines / Ames at about 39 miles (very near major urban/industrial market).","Large/meaningful CO2 source with no clear CCS route, average-to-weaker CI position, limited carbon tech, and/or useful market access."
High,72.3,16,25,13.3,6,12,3692,Poet Biorefinning-Shell Rock LLC,POET Biorefining,Shell Rock,IA,Active,128.0,128.0,371200,CA/latest 69.03; corn 69.03; fiber 28.31,No clear public pipeline/CCS access in available data,False,"fiber/D3, waste heat, high protein, corn oil",Cedar Rapids / Iowa City,71.5,near major urban/industrial market,"128.0 MGY implies roughly 371,200 metric tons/year of fermentation CO2. No clear public pipeline/CCS access in available data CI position score 13.3/20 based on available corn/latest CI percentile. Technology screen: fiber/D3, waste heat, high protein, corn oil. Nearest listed market is Cedar Rapids / Iowa City at about 71 miles (near major urban/industrial market).","Large/meaningful CO2 source with no clear CCS route, average-to-weaker CI position, limited carbon tech, and/or useful market access."
High,72.0,12,25,10.0,16,9,3720,United Wisconsin Grain Producers LLC,United WI Grain Producers,Friesland,WI,Active,71.0,71.0,205900,,No clear public pipeline/CCS access in available data,False,"high protein, corn oil",Chicago industrial corridor,137.7,reasonable regional market access,"71.0 MGY implies roughly 205,900 metric tons/year of fermentation CO2. No clear public pipeline/CCS access in available data CI position is unclear in available LCFS data. Technology screen: high protein, corn oil. Nearest listed market is Chicago industrial corridor at about 138 miles (reasonable regional market access).","Large/meaningful CO2 source with no clear CCS route, average-to-weaker CI position, limited carbon tech, and/or useful market access."
High,72.0,12,25,10.0,19,6,3735,Western New York Energy LLC,Western New York Energy,Medina,NY,Active,62.0,62.0,179800,,No clear public pipeline/CCS access in available data,False,corn oil,Detroit / Toledo,245.0,moderate market access,"62.0 MGY implies roughly 179,800 metric tons/year of fermentation CO2. No clear public pipeline/CCS access in available data CI position is unclear in available LCFS data. Technology screen: corn oil. Nearest listed market is Detroit / Toledo at about 245 miles (moderate market access).","Large/meaningful CO2 source with no clear CCS route, average-to-weaker CI position, limited carbon tech, and/or useful market access."
High,72.0,8,25,10.0,20,9,3596,Didion Ethanol LLC,Didion Milling,Cambria,WI,Active,54.0,54.0,156600,,No clear public pipeline/CCS access in available data,False,limited public low-carbon tech flags,Chicago industrial corridor,136.9,reasonable regional market access,"54.0 MGY implies roughly 156,600 metric tons/year of fermentation CO2. No clear public pipeline/CCS access in available data CI position is unclear in available LCFS data. Technology screen: limited public low-carbon tech flags. Nearest listed market is Chicago industrial corridor at about 137 miles (reasonable regional market access).","Large/meaningful CO2 source with no clear CCS route, average-to-weaker CI position, limited carbon tech, and/or useful market access."
High,71.1,16,25,6.1,9,15,3671,Poet Biorefinning-Fairbank,POET Biorefining,Fairbank,IA,Active,132.0,132.0,382800,CA/latest 65.36; corn 65.36; fiber 25.94,No clear public pipeline/CCS access in available data,False,"fiber/D3, waste heat, corn oil",Cedar Rapids / Iowa City,49.4,very near major urban/industrial market,"132.0 MGY implies roughly 382,800 metric tons/year of fermentation CO2. No clear public pipeline/CCS access in available data CI position score 6.1/20 based on available corn/latest CI percentile. Technology screen: fiber/D3, waste heat, corn oil. Nearest listed market is Cedar Rapids / Iowa City at about 49 miles (very near major urban/industrial market).","Large/meaningful CO2 source with no clear CCS route, average-to-weaker CI position, limited carbon tech, and/or useful market access."
High,70.5,16,25,8.5,9,12,3662,Poet Biorefinning-Arthur LLC,POET Biorefining,Arthur,IA,Active,132.0,132.0,382800,CA/latest 66.66; corn 66.66; fiber 26.89,No clear public pipeline/CCS access in available data,False,"fiber/D3, waste heat, corn oil",Sioux City,55.2,near major urban/industrial market,"132.0 MGY implies roughly 382,800 metric tons/year of fermentation CO2. No clear public pipeline/CCS access in available data CI position score 8.5/20 based on available corn/latest CI percentile. Technology screen: fiber/D3, waste heat, corn oil. Nearest listed market is Sioux City at about 55 miles (near major urban/industrial market).","Large/meaningful CO2 source with no clear CCS route, average-to-weaker CI position, limited carbon tech, and/or useful market access."
High,70.1,12,25,9.1,9,15,3678,Poet Biorefining- Hudson,POET Biorefining,Hudson,SD,Active,80.0,80.0,232000,CA/latest 66.79; corn 66.79; fiber 26.85; WA min 25.93,No clear public pipeline/CCS access in available data,False,"fiber/D3, CHP",Sioux City,41.7,very near major urban/industrial market,"80.0 MGY implies roughly 232,000 metric tons/year of fermentation CO2. No clear public pipeline/CCS access in available data CI position score 9.1/20 based on available corn/latest CI percentile. Technology screen: fiber/D3, CHP. Nearest listed market is Sioux City at about 42 miles (very near major urban/industrial market).","Large/meaningful CO2 source with no clear CCS route, average-to-weaker CI position, limited carbon tech, and/or useful market access."
High,69.7,12,25,8.7,12,12,3754,Poet Biorefinning-Emmetsburg LLC,POET Biorefining,Emmetsburg,IA,Active,68.0,68.0,197200,CA/latest 66.77; corn 66.77; fiber 27.51,No clear public pipeline/CCS access in available data,False,"fiber/D3, corn oil",Sioux City,98.1,near major urban/industrial market,"68.0 MGY implies roughly 197,200 metric tons/year of fermentation CO2. No clear public pipeline/CCS access in available data CI position score 8.7/20 based on available corn/latest CI percentile. Technology screen: fiber/D3, corn oil. Nearest listed market is Sioux City at about 98 miles (near major urban/industrial market).","Large/meaningful CO2 source with no clear CCS route, average-to-weaker CI position, limited carbon tech, and/or useful market access."
High,69.0,12,25,10.0,16,6,3601,Fox River Valley Ethanol LLC,ACE Ethanol,Oshkosh,WI,Active,64.0,64.0,185600,,No clear public pipeline/CCS access in available data,False,White Fox,Chicago industrial corridor,154.2,moderate market access,"64.0 MGY implies roughly 185,600 metric tons/year of fermentation CO2. No clear public pipeline/CCS access in available data CI position is unclear in available LCFS data. Technology screen: White Fox. Nearest listed market is Chicago industrial corridor at about 154 miles (moderate market access).","Large/meaningful CO2 source with no clear CCS route, average-to-weaker CI position, limited carbon tech, and/or useful market access."
High,69.0,8,25,10.0,20,6,3698,Red River Energy LLC,Red River Energy,Rosholt,SD,Active,36.0,36.0,104400,,No clear public pipeline/CCS access in available data,False,limited public low-carbon tech flags,Minneapolis / St. Paul,178.8,moderate market access,"36.0 MGY implies roughly 104,400 metric tons/year of fermentation CO2. No clear public pipeline/CCS access in available data CI position is unclear in available LCFS data. Technology screen: limited public low-carbon tech flags. Nearest listed market is Minneapolis / St. Paul at about 179 miles (moderate market access).","Large/meaningful CO2 source with no clear CCS route, average-to-weaker CI position, limited carbon tech, and/or useful market access."
High,68.7,12,25,12.7,13,6,3676,Poet Biorefining- Groton LLC,POET Biorefining,Groton,SD,Active,68.0,68.0,197200,CA/latest 68.73; corn 68.73; fiber 28.95; WA min 23.77,No clear public pipeline/CCS access in available data,False,fiber/D3,Sioux City,221.8,moderate market access,"68.0 MGY implies roughly 197,200 metric tons/year of fermentation CO2. No clear public pipeline/CCS access in available data CI position score 12.7/20 based on available corn/latest CI percentile. Technology screen: fiber/D3. Nearest listed market is Sioux City at about 222 miles (moderate market access).","Large/meaningful CO2 source with no clear CCS route, average-to-weaker CI position, limited carbon tech, and/or useful market access."
High,68.5,16,25,6.5,9,12,3679,Poet Biorefinning-Iowa Falls LLC,POET Biorefining,Iowa Falls,IA,Active,112.0,112.0,324800,CA/latest 65.49; corn 65.49; fiber 25.25,No clear public pipeline/CCS access in available data,False,"fiber/D3, waste heat, corn oil",Des Moines / Ames,66.0,near major urban/industrial market,"112.0 MGY implies roughly 324,800 metric tons/year of fermentation CO2. No clear public pipeline/CCS access in available data CI position score 6.5/20 based on available corn/latest CI percentile. Technology screen: fiber/D3, waste heat, corn oil. Nearest listed market is Des Moines / Ames at about 66 miles (near major urban/industrial market).","Large/meaningful CO2 source with no clear CCS route, average-to-weaker CI position, limited carbon tech, and/or useful market access."
High,68.3,12,25,7.3,12,12,3669,Poet Biorefinning-Coon Rapids,POET Biorefining,Coon Rapids,IA,Active,65.0,65.0,188500,CA/latest 66.28; corn 66.28; fiber 26.63; WA min 26.31,No clear public pipeline/CCS access in available data,False,"fiber/D3, corn oil",Des Moines / Ames,55.4,near major urban/industrial market,"65.0 MGY implies roughly 188,500 metric tons/year of fermentation CO2. No clear public pipeline/CCS access in available data CI position score 7.3/20 based on available corn/latest CI percentile. Technology screen: fiber/D3, corn oil. Nearest listed market is Des Moines / Ames at about 55 miles (near major urban/industrial market).","Large/meaningful CO2 source with no clear CCS route, average-to-weaker CI position, limited carbon tech, and/or useful market access."
High,68.1,16,25,12.1,9,6,3664,Poet Biorefining- Big Stone LLC,POET Biorefining,Big Stone City,SD,Active,105.0,105.0,304500,CA/latest 67.98; corn 67.98; fiber 28.31; WA min 27.61,No clear public pipeline/CCS access in available data,False,"fiber/D3, CHP",Minneapolis / St. Paul,159.8,moderate market access,"105.0 MGY implies roughly 304,500 metric tons/year of fermentation CO2. No clear public pipeline/CCS access in available data CI position score 12.1/20 based on available corn/latest CI percentile. Technology screen: fiber/D3, CHP. Nearest listed market is Minneapolis / St. Paul at about 160 miles (moderate market access).","Large/meaningful CO2 source with no clear CCS route, average-to-weaker CI position, limited carbon tech, and/or useful market access."
High,67.5,12,25,10.5,8,12,3680,Poet Biorefinning-Jewell LLC,POET Biorefining,Jewell,IA,Active,90.0,90.0,261000,CA/latest 67.19; corn 67.19; fiber 27.18; WA min 25.98,No clear public pipeline/CCS access in available data,False,"fiber/D3, CHP, corn oil",Des Moines / Ames,51.3,near major urban/industrial market,"90.0 MGY implies roughly 261,000 metric tons/year of fermentation CO2. No clear public pipeline/CCS access in available data CI position score 10.5/20 based on available corn/latest CI percentile. Technology screen: fiber/D3, CHP, corn oil. Nearest listed market is Des Moines / Ames at about 51 miles (near major urban/industrial market).","Large/meaningful CO2 source with no clear CCS route, average-to-weaker CI position, limited carbon tech, and/or useful market access."
High,67.0,8,25,10.0,15,9,3547,Ace Ethanol LLC,ACE Ethanol,Stanley,WI,Active,52.0,52.0,150800,,No clear public pipeline/CCS access in available data,False,"White Fox, corn oil",Minneapolis / St. Paul,112.6,reasonable regional market access,"52.0 MGY implies roughly 150,800 metric tons/year of fermentation CO2. No clear public pipeline/CCS access in available data CI position is unclear in available LCFS data. Technology screen: White Fox, corn oil. Nearest listed market is Minneapolis / St. Paul at about 113 miles (reasonable regional market access).","Large/meaningful CO2 source with no clear CCS route, average-to-weaker CI position, limited carbon tech, and/or useful market access."
High,66.9,12,25,10.9,13,6,3605,Huron Energy LLC,Glacial Lakes Cooperative,Huron,SD,Active,60.0,60.0,174000,CA/latest 67.45; corn 67.45; fiber 29.31,No clear public pipeline/CCS access in available data,False,fiber/D3,Sioux City,159.5,moderate market access,"60.0 MGY implies roughly 174,000 metric tons/year of fermentation CO2. No clear public pipeline/CCS access in available data CI position score 10.9/20 based on available corn/latest CI percentile. Technology screen: fiber/D3. Nearest listed market is Sioux City at about 159 miles (moderate market access).","Large/meaningful CO2 source with no clear CCS route, average-to-weaker CI position, limited carbon tech, and/or useful market access."
High,66.5,8,25,11.5,13,9,3690,Poet Biorefining--Preston LLC,POET Biorefining,Preston,MN,Active,55.0,55.0,159500,CA/latest 67.61; corn 67.61; fiber 27.92,No clear public pipeline/CCS access in available data,False,fiber/D3,Minneapolis / St. Paul,106.4,reasonable regional market access,"55.0 MGY implies roughly 159,500 metric tons/year of fermentation CO2. No clear public pipeline/CCS access in available data CI position score 11.5/20 based on available corn/latest CI percentile. Technology screen: fiber/D3. Nearest listed market is Minneapolis / St. Paul at about 106 miles (reasonable regional market access).","Large/meaningful CO2 source with no clear CCS route, average-to-weaker CI position, limited carbon tech, and/or useful market access."
High,66.1,12,25,7.1,13,9,3687,Poet Biorefining- Mitchell LLC,POET Biorefining,Mitchell,SD,Active,86.0,86.0,249400,CA/latest 66.07; corn 66.07; fiber 26.48; WA min 25.32,No clear public pipeline/CCS access in available data,False,fiber/D3,Sioux City,124.5,reasonable regional market access,"86.0 MGY implies roughly 249,400 metric tons/year of fermentation CO2. No clear public pipeline/CCS access in available data CI position score 7.1/20 based on available corn/latest CI percentile. Technology screen: fiber/D3. Nearest listed market is Sioux City at about 124 miles (reasonable regional market access).","Large/meaningful CO2 source with no clear CCS route, average-to-weaker CI position, limited carbon tech, and/or useful market access."
High,65.8,12,25,0.8,13,15,3705,Siouxland Energy Cooperative,Sioux Center,Sioux Center,IA,Active,65.0,65.0,188500,CA/latest 61.09; corn 61.09; fiber 22.23; WA min 21.50,No clear public pipeline/CCS access in available data,False,fiber/D3,Sioux City,41.6,very near major urban/industrial market,"65.0 MGY implies roughly 188,500 metric tons/year of fermentation CO2. No clear public pipeline/CCS access in available data CI position score 0.8/20 based on available corn/latest CI percentile. Technology screen: fiber/D3. Nearest listed market is Sioux City at about 42 miles (very near major urban/industrial market).","Large/meaningful CO2 source with no clear CCS route, average-to-weaker CI position, limited carbon tech, and/or useful market access."
High,65.1,12,25,8.1,8,12,3670,Poet Biorefinning-Corning LLC,POET Biorefining,Corning,IA,Active,90.0,90.0,261000,CA/latest 66.57; corn 66.57; fiber 26.96; WA min 25.64,No clear public pipeline/CCS access in available data,False,"fiber/D3, CHP, corn oil",Omaha / Council Bluffs,62.6,near major urban/industrial market,"90.0 MGY implies roughly 261,000 metric tons/year of fermentation CO2. No clear public pipeline/CCS access in available data CI position score 8.1/20 based on available corn/latest CI percentile. Technology screen: fiber/D3, CHP, corn oil. Nearest listed market is Omaha / Council Bluffs at about 63 miles (near major urban/industrial market).","Large/meaningful CO2 source with no clear CCS route, average-to-weaker CI position, limited carbon tech, and/or useful market access."
Medium,77.0,20,12,10.0,20,15,3580,Cargill Inc,Cargill,Blair,NE,Active,210.0,210.0,609000,,Possible future pipeline optionality,False,limited public low-carbon tech flags,Omaha / Council Bluffs,22.5,very near major urban/industrial market,"210.0 MGY implies roughly 609,000 metric tons/year of fermentation CO2. Possible future pipeline optionality CI position is unclear in available LCFS data. Technology screen: limited public low-carbon tech flags. Nearest listed market is Omaha / Council Bluffs at about 22 miles (very near major urban/industrial market).","Some Decycle strategic need, but one or more factors are weaker: smaller CO2 volume, partial technology adoption, less market access, or possible pipeline optionality."
Medium,74.0,20,12,10.0,20,12,3715,The Andersons Marathon Holdings LLC,The Andersons,Greenville,OH,Active,154.0,154.0,446600,,Possible future pipeline optionality,False,limited public low-carbon tech flags,Cincinnati,67.7,near major urban/industrial market,"154.0 MGY implies roughly 446,600 metric tons/year of fermentation CO2. Possible future pipeline optionality CI position is unclear in available LCFS data. Technology screen: limited public low-carbon tech flags. Nearest listed market is Cincinnati at about 68 miles (near major urban/industrial market).","Some Decycle strategic need, but one or more factors are weaker: smaller CO2 volume, partial technology adoption, less market access, or possible pipeline optionality."
Medium,74.0,12,12,18.0,20,12,3549,Aemetis Advanced Fuels Keys Inc,Amentis,Keyes,CA,Active,70.0,70.0,203000,CA/latest 71.50; corn 71.50,Possible future pipeline optionality,False,limited public low-carbon tech flags,San Francisco Bay Area,83.6,near major urban/industrial market,"70.0 MGY implies roughly 203,000 metric tons/year of fermentation CO2. Possible future pipeline optionality CI position score 18.0/20 based on available corn/latest CI percentile. Technology screen: limited public low-carbon tech flags. Nearest listed market is San Francisco Bay Area at about 84 miles (near major urban/industrial market).","Some Decycle strategic need, but one or more factors are weaker: smaller CO2 volume, partial technology adoption, less market access, or possible pipeline optionality."
Medium,73.7,20,12,14.7,12,15,3600,Elite Octane LLC,Elite Octane,Atlantic,IA,Active,175.0,175.0,507500,CA/latest 70.15; corn 70.15; fiber 28.35,Possible future pipeline optionality,False,"fiber/D3, corn oil",Omaha / Council Bluffs,48.1,very near major urban/industrial market,"175.0 MGY implies roughly 507,500 metric tons/year of fermentation CO2. Possible future pipeline optionality CI position score 14.7/20 based on available corn/latest CI percentile. Technology screen: fiber/D3, corn oil. Nearest listed market is Omaha / Council Bluffs at about 48 miles (very near major urban/industrial market).","Some Decycle strategic need, but one or more factors are weaker: smaller CO2 volume, partial technology adoption, less market access, or possible pipeline optionality."
Medium,73.0,16,12,10.0,20,15,3616,Green Plains Madison LLC,Green Plains,Madison,IL,Active,100.0,100.0,290000,,Possible future pipeline optionality,False,limited public low-carbon tech flags,St. Louis / Metro East,3.9,very near major urban/industrial market,"100.0 MGY implies roughly 290,000 metric tons/year of fermentation CO2. Possible future pipeline optionality CI position is unclear in available LCFS data. Technology screen: limited public low-carbon tech flags. Nearest listed market is St. Louis / Metro East at about 4 miles (very near major urban/industrial market).","Some Decycle strategic need, but one or more factors are weaker: smaller CO2 volume, partial technology adoption, less market access, or possible pipeline optionality."
Medium,72.8,20,12,15.8,13,12,3625,Guardian Energy LLC,"Guardian Energy, LLC",Janesville,MN,Active,164.0,164.0,475600,CA/latest 70.79; corn 70.79; fiber 24.50,Possible future pipeline optionality,False,fiber/D3,Minneapolis / St. Paul,63.2,near major urban/industrial market,"164.0 MGY implies roughly 475,600 metric tons/year of fermentation CO2. Possible future pipeline optionality CI position score 15.8/20 based on available corn/latest CI percentile. Technology screen: fiber/D3. Nearest listed market is Minneapolis / St. Paul at about 63 miles (near major urban/industrial market).","Some Decycle strategic need, but one or more factors are weaker: smaller CO2 volume, partial technology adoption, less market access, or possible pipeline optionality."
Medium,70.0,16,12,10.0,20,12,3713,The Andersons Marathon Holdings LLC,The Andersons,Clymers,IN,Active,140.0,140.0,406000,,Possible future pipeline optionality,False,limited public low-carbon tech flags,Indianapolis,67.3,near major urban/industrial market,"140.0 MGY implies roughly 406,000 metric tons/year of fermentation CO2. Possible future pipeline optionality CI position is unclear in available LCFS data. Technology screen: limited public low-carbon tech flags. Nearest listed market is Indianapolis at about 67 miles (near major urban/industrial market).","Some Decycle strategic need, but one or more factors are weaker: smaller CO2 volume, partial technology adoption, less market access, or possible pipeline optionality."
Medium,70.0,16,12,10.0,20,12,3589,CHS - Rochelle,CHS,Rochelle,IL,Active,138.0,138.0,400200,,Possible future pipeline optionality,False,limited public low-carbon tech flags,Chicago industrial corridor,72.0,near major urban/industrial market,"138.0 MGY implies roughly 400,200 metric tons/year of fermentation CO2. Possible future pipeline optionality CI position is unclear in available LCFS data. Technology screen: limited public low-carbon tech flags. Nearest listed market is Chicago industrial corridor at about 72 miles (near major urban/industrial market).","Some Decycle strategic need, but one or more factors are weaker: smaller CO2 volume, partial technology adoption, less market access, or possible pipeline optionality."
Medium,70.0,16,12,10.0,20,12,3707,Southbend Ethanol LLC,Verbio,South Bend,IN,Active,100.0,100.0,290000,,Possible future pipeline optionality,False,limited public low-carbon tech flags,Chicago industrial corridor,70.4,near major urban/industrial market,"100.0 MGY implies roughly 290,000 metric tons/year of fermentation CO2. Possible future pipeline optionality CI position is unclear in available LCFS data. Technology screen: limited public low-carbon tech flags. Nearest listed market is Chicago industrial corridor at about 70 miles (near major urban/industrial market).","Some Decycle strategic need, but one or more factors are weaker: smaller CO2 volume, partial technology adoption, less market access, or possible pipeline optionality."
Medium,69.0,16,12,10.0,19,12,3582,Cargill Inc,Cargill,Fort Dodge,IA,Active,130.0,130.0,377000,,Possible future pipeline optionality,False,corn oil,Des Moines / Ames,72.7,near major urban/industrial market,"130.0 MGY implies roughly 377,000 metric tons/year of fermentation CO2. Possible future pipeline optionality CI position is unclear in available LCFS data. Technology screen: corn oil. Nearest listed market is Des Moines / Ames at about 73 miles (near major urban/industrial market).","Some Decycle strategic need, but one or more factors are weaker: smaller CO2 volume, partial technology adoption, less market access, or possible pipeline optionality."
Medium,69.0,16,12,10.0,16,15,3588,CHS - Annawan,CHS,Annawan,IL,Active,130.0,130.0,377000,,Possible future pipeline optionality,False,White Fox,Quad Cities,34.2,very near major urban/industrial market,"130.0 MGY implies roughly 377,000 metric tons/year of fermentation CO2. Possible future pipeline optionality CI position is unclear in available LCFS data. Technology screen: White Fox. Nearest listed market is Quad Cities at about 34 miles (very near major urban/industrial market).","Some Decycle strategic need, but one or more factors are weaker: smaller CO2 volume, partial technology adoption, less market access, or possible pipeline optionality."
Medium,69.0,12,12,17.0,13,15,3668,Poet Biorefining-Cloverdale,POET Biorefining,Cloverdale,IN,Active,88.0,88.0,255200,CA/latest 71.08; corn 71.08; fiber 31.05,Possible future pipeline optionality,False,fiber/D3,Indianapolis,38.1,very near major urban/industrial market,"88.0 MGY implies roughly 255,200 metric tons/year of fermentation CO2. Possible future pipeline optionality CI position score 17.0/20 based on available corn/latest CI percentile. Technology screen: fiber/D3. Nearest listed market is Indianapolis at about 38 miles (very near major urban/industrial market).","Some Decycle strategic need, but one or more factors are weaker: smaller CO2 volume, partial technology adoption, less market access, or possible pipeline optionality."
Medium,69.0,12,12,10.0,20,15,3646,Marysville Ethanol LLC,DCP Midstream,Marysville,MI,Active,60.0,60.0,174000,,Possible future pipeline optionality,False,limited public low-carbon tech flags,Detroit / Toledo,47.4,very near major urban/industrial market,"60.0 MGY implies roughly 174,000 metric tons/year of fermentation CO2. Possible future pipeline optionality CI position is unclear in available LCFS data. Technology screen: limited public low-carbon tech flags. Nearest listed market is Detroit / Toledo at about 47 miles (very near major urban/industrial market).","Some Decycle strategic need, but one or more factors are weaker: smaller CO2 volume, partial technology adoption, less market access, or possible pipeline optionality."
Medium,69.0,12,12,10.0,20,15,3734,Verbio,Verbio,Nevada,IA,Active,60.0,60.0,174000,,Possible future pipeline optionality,False,limited public low-carbon tech flags,Des Moines / Ames,30.7,very near major urban/industrial market,"60.0 MGY implies roughly 174,000 metric tons/year of fermentation CO2. Possible future pipeline optionality CI position is unclear in available LCFS data. Technology screen: limited public low-carbon tech flags. Nearest listed market is Des Moines / Ames at about 31 miles (very near major urban/industrial market).","Some Decycle strategic need, but one or more factors are weaker: smaller CO2 volume, partial technology adoption, less market access, or possible pipeline optionality."
Medium,68.0,12,12,15.0,20,9,3612,Green America Biofuels Ord LLC,GreenAmerica,Ord,NE,Active,68.0,68.0,197200,CA/latest 70.16; corn 70.16,Possible future pipeline optionality,False,limited public low-carbon tech flags,Sioux City,139.5,reasonable regional market access,"68.0 MGY implies roughly 197,200 metric tons/year of fermentation CO2. Possible future pipeline optionality CI position score 15.0/20 based on available corn/latest CI percentile. Technology screen: limited public low-carbon tech flags. Nearest listed market is Sioux City at about 140 miles (reasonable regional market access).","Some Decycle strategic need, but one or more factors are weaker: smaller CO2 volume, partial technology adoption, less market access, or possible pipeline optionality."
Medium,66.0,16,12,10.0,16,12,3712,The Andersons Marathon Holdings LLC,The Andersons,Albion,MI,Active,147.0,147.0,426300,,Possible future pipeline optionality,False,CHP,Detroit / Toledo,89.3,near major urban/industrial market,"147.0 MGY implies roughly 426,300 metric tons/year of fermentation CO2. Possible future pipeline optionality CI position is unclear in available LCFS data. Technology screen: CHP. Nearest listed market is Detroit / Toledo at about 89 miles (near major urban/industrial market).","Some Decycle strategic need, but one or more factors are weaker: smaller CO2 volume, partial technology adoption, less market access, or possible pipeline optionality."
Medium,66.0,16,12,10.0,16,12,3618,Poet Biorefining-Obion LLC,POET Biorefining,Rives,TN,Active,135.0,135.0,391500,,Possible future pipeline optionality,False,"high protein, corn oil",Memphis,93.2,near major urban/industrial market,"135.0 MGY implies roughly 391,500 metric tons/year of fermentation CO2. Possible future pipeline optionality CI position is unclear in available LCFS data. Technology screen: high protein, corn oil. Nearest listed market is Memphis at about 93 miles (near major urban/industrial market).","Some Decycle strategic need, but one or more factors are weaker: smaller CO2 volume, partial technology adoption, less market access, or possible pipeline optionality."
Medium,66.0,12,12,10.0,20,12,3553,Alto ICP LLC,Alto,Pekin,IL,Active,82.0,82.0,237800,,Possible future pipeline optionality,False,limited public low-carbon tech flags,Quad Cities,79.2,near major urban/industrial market,"82.0 MGY implies roughly 237,800 metric tons/year of fermentation CO2. Possible future pipeline optionality CI position is unclear in available LCFS data. Technology screen: limited public low-carbon tech flags. Nearest listed market is Quad Cities at about 79 miles (near major urban/industrial market).","Some Decycle strategic need, but one or more factors are weaker: smaller CO2 volume, partial technology adoption, less market access, or possible pipeline optionality."
Medium,66.0,12,12,10.0,20,12,3572,Biourja Renewables LLC,BioUrja,Peoria,IL,Active,61.0,61.0,176900,,Possible future pipeline optionality,False,limited public low-carbon tech flags,Quad Cities,74.3,near major urban/industrial market,"61.0 MGY implies roughly 176,900 metric tons/year of fermentation CO2. Possible future pipeline optionality CI position is unclear in available LCFS data. Technology screen: limited public low-carbon tech flags. Nearest listed market is Quad Cities at about 74 miles (near major urban/industrial market).","Some Decycle strategic need, but one or more factors are weaker: smaller CO2 volume, partial technology adoption, less market access, or possible pipeline optionality."
Medium,65.0,8,12,10.0,20,15,3647,MGP,MGP,Lawrenceburg,IN,Active,50.0,50.0,145000,,Possible future pipeline optionality,False,limited public low-carbon tech flags,Cincinnati,18.7,very near major urban/industrial market,"50.0 MGY implies roughly 145,000 metric tons/year of fermentation CO2. Possible future pipeline optionality CI position is unclear in available LCFS data. Technology screen: limited public low-carbon tech flags. Nearest listed market is Cincinnati at about 19 miles (very near major urban/industrial market).","Some Decycle strategic need, but one or more factors are weaker: smaller CO2 volume, partial technology adoption, less market access, or possible pipeline optionality."
Medium,64.3,12,25,10.3,8,9,3677,Poet Biorefinning-Hanlontown LLC,POET Biorefining,Hanlontown,IA,Active,80.0,80.0,232000,CA/latest 67.07; corn 67.07; fiber 27.88,No clear public pipeline/CCS access in available data,False,"fiber/D3, CHP, corn oil",Minneapolis / St. Paul,116.7,reasonable regional market access,"80.0 MGY implies roughly 232,000 metric tons/year of fermentation CO2. No clear public pipeline/CCS access in available data CI position score 10.3/20 based on available corn/latest CI percentile. Technology screen: fiber/D3, CHP, corn oil. Nearest listed market is Minneapolis / St. Paul at about 117 miles (reasonable regional market access).","Some Decycle strategic need, but one or more factors are weaker: smaller CO2 volume, partial technology adoption, less market access, or possible pipeline optionality."
Medium,64.2,16,25,2.2,9,12,3633,Husker Ag LLC,Husker Ag,Plainview,NE,Active,109.0,109.0,316100,CA/latest 63.99; corn 63.99; fiber 25.83; WA min 26.40,No clear public pipeline/CCS access in available data,False,"fiber/D3, CHP",Sioux City,67.2,near major urban/industrial market,"109.0 MGY implies roughly 316,100 metric tons/year of fermentation CO2. No clear public pipeline/CCS access in available data CI position score 2.2/20 based on available corn/latest CI percentile. Technology screen: fiber/D3, CHP. Nearest listed market is Sioux City at about 67 miles (near major urban/industrial market).","Some Decycle strategic need, but one or more factors are weaker: smaller CO2 volume, partial technology adoption, less market access, or possible pipeline optionality."
Medium,64.0,12,25,10.0,5,12,3659,Pine Lake Corn Processors,Innovative Ag Services,Steamboat Rock,IA,Active,87.12,87.12,252648,,No clear public pipeline/CCS access in available data,False,"White Fox, CHP, waste heat, corn oil",Des Moines / Ames,66.9,near major urban/industrial market,"87.1 MGY implies roughly 252,648 metric tons/year of fermentation CO2. No clear public pipeline/CCS access in available data CI position is unclear in available LCFS data. Technology screen: White Fox, CHP, waste heat, corn oil. Nearest listed market is Des Moines / Ames at about 67 miles (near major urban/industrial market).","Some Decycle strategic need, but one or more factors are weaker: smaller CO2 volume, partial technology adoption, less market access, or possible pipeline optionality."
Medium,64.0,12,12,10.0,15,15,3609,Grain Processing Corp,Grain Processing Corp,Muscatine,IA,Active,82.5,82.5,239250,,Possible future pipeline optionality,False,"White Fox, corn oil",Quad Cities,29.3,very near major urban/industrial market,"82.5 MGY implies roughly 239,250 metric tons/year of fermentation CO2. Possible future pipeline optionality CI position is unclear in available LCFS data. Technology screen: White Fox, corn oil. Nearest listed market is Quad Cities at about 29 miles (very near major urban/industrial market).","Some Decycle strategic need, but one or more factors are weaker: smaller CO2 volume, partial technology adoption, less market access, or possible pipeline optionality."
Medium,63.9,20,12,12.9,13,6,3626,Hankinson Renewable Energy LLC,"Guardian Energy, LLC",Hankinson,ND,Active,157.4,157.4,456460,CA/latest 68.88; corn 68.88; fiber 26.00; WA min 23.53,Possible future pipeline optionality,False,fiber/D3,Minneapolis / St. Paul,190.9,moderate market access,"157.4 MGY implies roughly 456,460 metric tons/year of fermentation CO2. Possible future pipeline optionality CI position score 12.9/20 based on available corn/latest CI percentile. Technology screen: fiber/D3. Nearest listed market is Minneapolis / St. Paul at about 191 miles (moderate market access).","Some Decycle strategic need, but one or more factors are weaker: smaller CO2 volume, partial technology adoption, less market access, or possible pipeline optionality."
Medium,63.4,16,25,1.4,9,12,3667,Poet Biorefining- Chancellor LLC,POET Biorefining,Chancellor,SD,Active,125.0,125.0,362500,CA/latest 62.63; corn 62.63; fiber 23.48; WA min 21.54,No clear public pipeline/CCS access in available data,False,"fiber/D3, CHP",Sioux City,66.6,near major urban/industrial market,"125.0 MGY implies roughly 362,500 metric tons/year of fermentation CO2. No clear public pipeline/CCS access in available data CI position score 1.4/20 based on available corn/latest CI percentile. Technology screen: fiber/D3, CHP. Nearest listed market is Sioux City at about 67 miles (near major urban/industrial market).","Some Decycle strategic need, but one or more factors are weaker: smaller CO2 volume, partial technology adoption, less market access, or possible pipeline optionality."
Medium,63.0,16,12,10.0,16,9,3617,Green Plains Mount Vernon LLC,Green Plains,Mount Vernon,IN,Active,135.0,135.0,391500,,Possible future pipeline optionality,False,"high protein, corn oil",Louisville,109.6,reasonable regional market access,"135.0 MGY implies roughly 391,500 metric tons/year of fermentation CO2. Possible future pipeline optionality CI position is unclear in available LCFS data. Technology screen: high protein, corn oil. Nearest listed market is Louisville at about 110 miles (reasonable regional market access).","Some Decycle strategic need, but one or more factors are weaker: smaller CO2 volume, partial technology adoption, less market access, or possible pipeline optionality."
Medium,63.0,12,12,10.0,20,9,3627,Guardian Lima LLC,"Guardian Energy, LLC",Lima,OH,Active,84.0,84.0,243600,,Possible future pipeline optionality,False,limited public low-carbon tech flags,Cincinnati,113.1,reasonable regional market access,"84.0 MGY implies roughly 243,600 metric tons/year of fermentation CO2. Possible future pipeline optionality CI position is unclear in available LCFS data. Technology screen: limited public low-carbon tech flags. Nearest listed market is Cincinnati at about 113 miles (reasonable regional market access).","Some Decycle strategic need, but one or more factors are weaker: smaller CO2 volume, partial technology adoption, less market access, or possible pipeline optionality."
Medium,62.1,12,25,5.1,8,12,3663,Poet Biorefinning-Ashton LLC,POET Biorefining,Ashton,IA,Active,68.0,68.0,197200,CA/latest 65.00; corn 65.00; fiber 25.42,No clear public pipeline/CCS access in available data,False,"fiber/D3, CHP, corn oil",Sioux City,61.8,near major urban/industrial market,"68.0 MGY implies roughly 197,200 metric tons/year of fermentation CO2. No clear public pipeline/CCS access in available data CI position score 5.1/20 based on available corn/latest CI percentile. Technology screen: fiber/D3, CHP, corn oil. Nearest listed market is Sioux City at about 62 miles (near major urban/industrial market).","Some Decycle strategic need, but one or more factors are weaker: smaller CO2 volume, partial technology adoption, less market access, or possible pipeline optionality."
Medium,62.0,12,12,10.0,16,12,3548,Adkins Energy LLC,Pearl City Elevator,Lena,IL,Active,60.0,60.0,174000,,Possible future pipeline optionality,False,CHP,Quad Cities,69.3,near major urban/industrial market,"60.0 MGY implies roughly 174,000 metric tons/year of fermentation CO2. Possible future pipeline optionality CI position is unclear in available LCFS data. Technology screen: CHP. Nearest listed market is Quad Cities at about 69 miles (near major urban/industrial market).","Some Decycle strategic need, but one or more factors are weaker: smaller CO2 volume, partial technology adoption, less market access, or possible pipeline optionality."
Medium,62.0,12,12,10.0,16,12,3656,Innergex Renewable Energy Inc.,Innergex Renewable Energy Inc.,Stockton,CA,Active,60.0,60.0,174000,,Possible future pipeline optionality,False,White Fox,San Francisco Bay Area,60.1,near major urban/industrial market,"60.0 MGY implies roughly 174,000 metric tons/year of fermentation CO2. Possible future pipeline optionality CI position is unclear in available LCFS data. Technology screen: White Fox. Nearest listed market is San Francisco Bay Area at about 60 miles (near major urban/industrial market).","Some Decycle strategic need, but one or more factors are weaker: smaller CO2 volume, partial technology adoption, less market access, or possible pipeline optionality."
Medium,62.0,8,12,10.0,20,12,3583,Central Indiana Ethanol,Central Indiana Ethanol,Marion,IN,Active,50.0,50.0,145000,,Possible future pipeline optionality,False,limited public low-carbon tech flags,Indianapolis,59.5,near major urban/industrial market,"50.0 MGY implies roughly 145,000 metric tons/year of fermentation CO2. Possible future pipeline optionality CI position is unclear in available LCFS data. Technology screen: limited public low-carbon tech flags. Nearest listed market is Indianapolis at about 60 miles (near major urban/industrial market).","Some Decycle strategic need, but one or more factors are weaker: smaller CO2 volume, partial technology adoption, less market access, or possible pipeline optionality."
Medium,62.0,8,12,10.0,20,12,3598,East Kansas Agri-Energy LLC,East Kansas Agri-Energy,Garnett,KS,Active,48.0,48.0,139200,,Possible future pipeline optionality,False,limited public low-carbon tech flags,Kansas City,67.4,near major urban/industrial market,"48.0 MGY implies roughly 139,200 metric tons/year of fermentation CO2. Possible future pipeline optionality CI position is unclear in available LCFS data. Technology screen: limited public low-carbon tech flags. Nearest listed market is Kansas City at about 67 miles (near major urban/industrial market).","Some Decycle strategic need, but one or more factors are weaker: smaller CO2 volume, partial technology adoption, less market access, or possible pipeline optionality."
Medium,62.0,8,12,10.0,20,12,3624,Greenfield Global Corn Plus LLC,Greenfield Global,Winnebago,MN,Active,43.0,43.0,124700,,Possible future pipeline optionality,False,limited public low-carbon tech flags,Minneapolis / St. Paul,94.8,near major urban/industrial market,"43.0 MGY implies roughly 124,700 metric tons/year of fermentation CO2. Possible future pipeline optionality CI position is unclear in available LCFS data. Technology screen: limited public low-carbon tech flags. Nearest listed market is Minneapolis / St. Paul at about 95 miles (near major urban/industrial market).","Some Decycle strategic need, but one or more factors are weaker: smaller CO2 volume, partial technology adoption, less market access, or possible pipeline optionality."
Medium,62.0,8,12,10.0,20,12,3610,Grain Processing Corp,Grain Processing Corp,Washington,IN,Active,36.72,36.72,106488,,Possible future pipeline optionality,False,limited public low-carbon tech flags,Louisville,83.6,near major urban/industrial market,"36.7 MGY implies roughly 106,488 metric tons/year of fermentation CO2. Possible future pipeline optionality CI position is unclear in available LCFS data. Technology screen: limited public low-carbon tech flags. Nearest listed market is Louisville at about 84 miles (near major urban/industrial market).","Some Decycle strategic need, but one or more factors are weaker: smaller CO2 volume, partial technology adoption, less market access, or possible pipeline optionality."
Medium,61.0,16,12,10.0,20,3,3657,Pennsylvania Grain Processing LLC,Pennsylvania Grain Processing,Clearfield,PA,Active,128.0,128.0,371200,,Possible future pipeline optionality,False,limited public low-carbon tech flags,Detroit / Toledo,254.5,distant but possible market access,"128.0 MGY implies roughly 371,200 metric tons/year of fermentation CO2. Possible future pipeline optionality CI position is unclear in available LCFS data. Technology screen: limited public low-carbon tech flags. Nearest listed market is Detroit / Toledo at about 255 miles (distant but possible market access).","Some Decycle strategic need, but one or more factors are weaker: smaller CO2 volume, partial technology adoption, less market access, or possible pipeline optionality."
Medium,61.0,12,12,10.0,15,12,3581,Cargill Inc,Cargill,Eddyville,IA,Active,71.0,71.0,205900,,Possible future pipeline optionality,False,"CHP, corn oil",Des Moines / Ames,51.3,near major urban/industrial market,"71.0 MGY implies roughly 205,900 metric tons/year of fermentation CO2. Possible future pipeline optionality CI position is unclear in available LCFS data. Technology screen: CHP, corn oil. Nearest listed market is Des Moines / Ames at about 51 miles (near major urban/industrial market).","Some Decycle strategic need, but one or more factors are weaker: smaller CO2 volume, partial technology adoption, less market access, or possible pipeline optionality."
Medium,60.8,12,25,3.8,8,12,3675,Poet Biorefinning-Gowrie LLC,POET Biorefining,Gowrie,IA,Active,90.0,90.0,261000,CA/latest 64.56; corn 64.56; fiber 24.96,No clear public pipeline/CCS access in available data,False,"fiber/D3, CHP, corn oil",Des Moines / Ames,61.4,near major urban/industrial market,"90.0 MGY implies roughly 261,000 metric tons/year of fermentation CO2. No clear public pipeline/CCS access in available data CI position score 3.8/20 based on available corn/latest CI percentile. Technology screen: fiber/D3, CHP, corn oil. Nearest listed market is Des Moines / Ames at about 61 miles (near major urban/industrial market).","Some Decycle strategic need, but one or more factors are weaker: smaller CO2 volume, partial technology adoption, less market access, or possible pipeline optionality."
Medium,60.7,20,12,10.7,9,9,3685,Poet Biorefining-Marion,POET Biorefining,Marion,OH,Active,162.0,162.0,469800,CA/latest 67.27; corn 67.27; fiber 27.76,Possible future pipeline optionality,False,"fiber/D3, CHP",Detroit / Toledo,118.5,reasonable regional market access,"162.0 MGY implies roughly 469,800 metric tons/year of fermentation CO2. Possible future pipeline optionality CI position score 10.7/20 based on available corn/latest CI percentile. Technology screen: fiber/D3, CHP. Nearest listed market is Detroit / Toledo at about 118 miles (reasonable regional market access).","Some Decycle strategic need, but one or more factors are weaker: smaller CO2 volume, partial technology adoption, less market access, or possible pipeline optionality."
Medium,60.0,16,12,10.0,16,6,3710,Tate & Lyle,Tate & Lyle,Loudon,TN,Active,110.0,110.0,319000,,Possible future pipeline optionality,False,CHP,Louisville,191.2,moderate market access,"110.0 MGY implies roughly 319,000 metric tons/year of fermentation CO2. Possible future pipeline optionality CI position is unclear in available LCFS data. Technology screen: CHP. Nearest listed market is Louisville at about 191 miles (moderate market access).","Some Decycle strategic need, but one or more factors are weaker: smaller CO2 volume, partial technology adoption, less market access, or possible pipeline optionality."
Medium,59.6,12,25,1.6,9,12,3681,Poet Biorefining-Laddonia LLC,POET Biorefining,Laddonia,MO,Active,80.0,80.0,232000,CA/latest 63.53; corn 63.53; fiber 24.02,No clear public pipeline/CCS access in available data,False,"fiber/D3, CHP",St. Louis / Metro East,88.6,near major urban/industrial market,"80.0 MGY implies roughly 232,000 metric tons/year of fermentation CO2. No clear public pipeline/CCS access in available data CI position score 1.6/20 based on available corn/latest CI percentile. Technology screen: fiber/D3, CHP. Nearest listed market is St. Louis / Metro East at about 89 miles (near major urban/industrial market).","Some Decycle strategic need, but one or more factors are weaker: smaller CO2 volume, partial technology adoption, less market access, or possible pipeline optionality."
Medium,59.5,8,12,14.5,13,12,3674,Poet Biorefining--Glenville LLC,POET Biorefining,Albert Lea,MN,Active,48.0,48.0,139200,CA/latest 70.00; corn 70.00; fiber 30.39,Possible future pipeline optionality,False,fiber/D3,Minneapolis / St. Paul,96.9,near major urban/industrial market,"48.0 MGY implies roughly 139,200 metric tons/year of fermentation CO2. Possible future pipeline optionality CI position score 14.5/20 based on available corn/latest CI percentile. Technology screen: fiber/D3. Nearest listed market is Minneapolis / St. Paul at about 97 miles (near major urban/industrial market).","Some Decycle strategic need, but one or more factors are weaker: smaller CO2 volume, partial technology adoption, less market access, or possible pipeline optionality."
Medium,59.1,16,12,14.1,5,12,3597,E Energy Adams LLC,"E Energy Adams, LLC",Adams,NE,Active,101.0,101.0,292900,CA/latest 69.81; corn 69.81; fiber 30.47,Possible future pipeline optionality,False,"fiber/D3, White Fox, waste heat, corn oil",Omaha / Council Bluffs,62.2,near major urban/industrial market,"101.0 MGY implies roughly 292,900 metric tons/year of fermentation CO2. Possible future pipeline optionality CI position score 14.1/20 based on available corn/latest CI percentile. Technology screen: fiber/D3, White Fox, waste heat, corn oil. Nearest listed market is Omaha / Council Bluffs at about 62 miles (near major urban/industrial market).","Some Decycle strategic need, but one or more factors are weaker: smaller CO2 volume, partial technology adoption, less market access, or possible pipeline optionality."
Medium,59.0,8,12,10.0,20,9,3578,Carbon Green Bioenergy LLC,Carbon Green Bioenergy,Lake Odessa,MI,Active,59.0,59.0,171100,,Possible future pipeline optionality,False,limited public low-carbon tech flags,Detroit / Toledo,107.5,reasonable regional market access,"59.0 MGY implies roughly 171,100 metric tons/year of fermentation CO2. Possible future pipeline optionality CI position is unclear in available LCFS data. Technology screen: limited public low-carbon tech flags. Nearest listed market is Detroit / Toledo at about 108 miles (reasonable regional market access).","Some Decycle strategic need, but one or more factors are weaker: smaller CO2 volume, partial technology adoption, less market access, or possible pipeline optionality."
Medium,59.0,8,12,10.0,20,9,3551,Alto Columbia LLC,Alto,Boardman,OR,Active,40.0,40.0,116000,WA min 67.49,Possible future pipeline optionality,False,limited public low-carbon tech flags,Portland,147.8,reasonable regional market access,"40.0 MGY implies roughly 116,000 metric tons/year of fermentation CO2. Possible future pipeline optionality CI position is unclear in available LCFS data. Technology screen: limited public low-carbon tech flags. Nearest listed market is Portland at about 148 miles (reasonable regional market access).","Some Decycle strategic need, but one or more factors are weaker: smaller CO2 volume, partial technology adoption, less market access, or possible pipeline optionality."
Medium,59.0,8,12,10.0,20,9,3703,Seaboard,Seaboard,Madera,CA,Active,40.0,40.0,116000,,Possible future pipeline optionality,False,limited public low-carbon tech flags,San Francisco Bay Area,146.6,reasonable regional market access,"40.0 MGY implies roughly 116,000 metric tons/year of fermentation CO2. Possible future pipeline optionality CI position is unclear in available LCFS data. Technology screen: limited public low-carbon tech flags. Nearest listed market is San Francisco Bay Area at about 147 miles (reasonable regional market access).","Some Decycle strategic need, but one or more factors are weaker: smaller CO2 volume, partial technology adoption, less market access, or possible pipeline optionality."
Medium,58.5,12,12,13.5,9,12,3567,Badger State Ethanol LLC,Badger State Ethanol,Monroe,WI,Active,97.0,97.0,281300,CA/latest 69.20; corn 69.20; fiber 27.22,Possible future pipeline optionality,False,"fiber/D3, high protein, corn oil",Quad Cities,86.9,near major urban/industrial market,"97.0 MGY implies roughly 281,300 metric tons/year of fermentation CO2. Possible future pipeline optionality CI position score 13.5/20 based on available corn/latest CI percentile. Technology screen: fiber/D3, high protein, corn oil. Nearest listed market is Quad Cities at about 87 miles (near major urban/industrial market).","Some Decycle strategic need, but one or more factors are weaker: smaller CO2 volume, partial technology adoption, less market access, or possible pipeline optionality."
Medium,57.7,12,12,9.7,9,15,3661,Poet Biorefining-Alexandria LLC,POET Biorefining,Alexandria,IN,Active,90.0,90.0,261000,CA/latest 66.96; corn 66.96; fiber 26.95,Possible future pipeline optionality,False,"fiber/D3, CHP",Indianapolis,45.2,very near major urban/industrial market,"90.0 MGY implies roughly 261,000 metric tons/year of fermentation CO2. Possible future pipeline optionality CI position score 9.7/20 based on available corn/latest CI percentile. Technology screen: fiber/D3, CHP. Nearest listed market is Indianapolis at about 45 miles (very near major urban/industrial market).","Some Decycle strategic need, but one or more factors are weaker: smaller CO2 volume, partial technology adoption, less market access, or possible pipeline optionality."
Medium,57.5,12,12,12.5,9,12,3682,Poet Biorefining--Lake Crystal LLC,POET Biorefining,Lake Crystal,MN,Active,68.0,68.0,197200,CA/latest 68.51; corn 68.51; fiber 28.01,Possible future pipeline optionality,False,"fiber/D3, CHP",Minneapolis / St. Paul,76.8,near major urban/industrial market,"68.0 MGY implies roughly 197,200 metric tons/year of fermentation CO2. Possible future pipeline optionality CI position score 12.5/20 based on available corn/latest CI percentile. Technology screen: fiber/D3, CHP. Nearest listed market is Minneapolis / St. Paul at about 77 miles (near major urban/industrial market).","Some Decycle strategic need, but one or more factors are weaker: smaller CO2 volume, partial technology adoption, less market access, or possible pipeline optionality."
Medium,57.3,8,25,5.3,13,6,3717,Trenton Agri Products LLC,Trenton Agri Products,Trenton,NE,Active,55.0,55.0,159500,CA/latest 65.05; corn 65.05; fiber 26.52; WA min 26.68,No clear public pipeline/CCS access in available data,False,fiber/D3,Denver,214.7,moderate market access,"55.0 MGY implies roughly 159,500 metric tons/year of fermentation CO2. No clear public pipeline/CCS access in available data CI position score 5.3/20 based on available corn/latest CI percentile. Technology screen: fiber/D3. Nearest listed market is Denver at about 215 miles (moderate market access).","Some Decycle strategic need, but one or more factors are weaker: smaller CO2 volume, partial technology adoption, less market access, or possible pipeline optionality."
Medium,57.1,12,12,12.1,9,12,3666,Poet Biorefinning-Caro,POET Biorefining,Caro,MI,Active,80.0,80.0,232000,CA/latest 67.98; corn 67.98; fiber 28.59,Possible future pipeline optionality,False,"fiber/D3, CHP",Detroit / Toledo,81.0,near major urban/industrial market,"80.0 MGY implies roughly 232,000 metric tons/year of fermentation CO2. Possible future pipeline optionality CI position score 12.1/20 based on available corn/latest CI percentile. Technology screen: fiber/D3, CHP. Nearest listed market is Detroit / Toledo at about 81 miles (near major urban/industrial market).","Some Decycle strategic need, but one or more factors are weaker: smaller CO2 volume, partial technology adoption, less market access, or possible pipeline optionality."
Medium,57.0,12,12,10.0,17,6,3552,Alto Magic Valley Ethanol,Alto,Burley,ID,Active,60.0,60.0,174000,,Possible future pipeline optionality,False,high protein,Salt Lake City,157.1,moderate market access,"60.0 MGY implies roughly 174,000 metric tons/year of fermentation CO2. Possible future pipeline optionality CI position is unclear in available LCFS data. Technology screen: high protein. Nearest listed market is Salt Lake City at about 157 miles (moderate market access).","Some Decycle strategic need, but one or more factors are weaker: smaller CO2 volume, partial technology adoption, less market access, or possible pipeline optionality."
Medium,56.8,8,25,1.8,13,9,3613,Sandhills Renewable Energy LLC,Husker Ag,Atkinson,NE,Active,52.5,52.5,152250,CA/latest 63.61; corn 63.61; fiber 26.66,No clear public pipeline/CCS access in available data,False,fiber/D3,Sioux City,130.1,reasonable regional market access,"52.5 MGY implies roughly 152,250 metric tons/year of fermentation CO2. No clear public pipeline/CCS access in available data CI position score 1.8/20 based on available corn/latest CI percentile. Technology screen: fiber/D3. Nearest listed market is Sioux City at about 130 miles (reasonable regional market access).","Some Decycle strategic need, but one or more factors are weaker: smaller CO2 volume, partial technology adoption, less market access, or possible pipeline optionality."
Medium,56.2,12,12,15.2,5,12,3714,The Andersons Marathon Holdings LLC,The Andersons,Denison,IA,Active,62.0,62.0,179800,CA/latest 70.33; corn 70.33; WA min 67.43,Possible future pipeline optionality,False,"fiber/D3, White Fox, waste heat, corn oil",Omaha / Council Bluffs,58.2,near major urban/industrial market,"62.0 MGY implies roughly 179,800 metric tons/year of fermentation CO2. Possible future pipeline optionality CI position score 15.2/20 based on available corn/latest CI percentile. Technology screen: fiber/D3, White Fox, waste heat, corn oil. Nearest listed market is Omaha / Council Bluffs at about 58 miles (near major urban/industrial market).","Some Decycle strategic need, but one or more factors are weaker: smaller CO2 volume, partial technology adoption, less market access, or possible pipeline optionality."
Medium,56.1,12,12,11.1,9,12,3683,Poet Biorefining-Leipsic LLC,POET Biorefining,Leipsic,OH,Active,90.0,90.0,261000,CA/latest 67.48; corn 67.48; fiber 28.07,Possible future pipeline optionality,False,"fiber/D3, CHP",Detroit / Toledo,96.4,near major urban/industrial market,"90.0 MGY implies roughly 261,000 metric tons/year of fermentation CO2. Possible future pipeline optionality CI position score 11.1/20 based on available corn/latest CI percentile. Technology screen: fiber/D3, CHP. Nearest listed market is Detroit / Toledo at about 96 miles (near major urban/industrial market).","Some Decycle strategic need, but one or more factors are weaker: smaller CO2 volume, partial technology adoption, less market access, or possible pipeline optionality."
Medium,56.0,8,12,10.0,20,6,3556,Amber Wave,Summit Sustainable Ingredients,Phillipsburg,KS,Active,50.0,50.0,145000,,Possible future pipeline optionality,False,limited public low-carbon tech flags,Kansas City,180.1,moderate market access,"50.0 MGY implies roughly 145,000 metric tons/year of fermentation CO2. Possible future pipeline optionality CI position is unclear in available LCFS data. Technology screen: limited public low-carbon tech flags. Nearest listed market is Kansas City at about 180 miles (moderate market access).","Some Decycle strategic need, but one or more factors are weaker: smaller CO2 volume, partial technology adoption, less market access, or possible pipeline optionality."
Medium,56.0,8,12,10.0,20,6,3716,Three Rivers Energy,Plymouth Energy Llc,Coshocton,OH,Active,50.0,50.0,145000,,Possible future pipeline optionality,False,limited public low-carbon tech flags,Detroit / Toledo,158.6,moderate market access,"50.0 MGY implies roughly 145,000 metric tons/year of fermentation CO2. Possible future pipeline optionality CI position is unclear in available LCFS data. Technology screen: limited public low-carbon tech flags. Nearest listed market is Detroit / Toledo at about 159 miles (moderate market access).","Some Decycle strategic need, but one or more factors are weaker: smaller CO2 volume, partial technology adoption, less market access, or possible pipeline optionality."
Medium,56.0,8,12,15.0,12,9,3594,Denco II LLC,DENCO II,Morris,MN,Active,30.0,30.0,87000,CA/latest 70.16; corn 70.16; fiber 30.30; WA min 69.80,Possible future pipeline optionality,False,"fiber/D3, corn oil",Minneapolis / St. Paul,135.2,reasonable regional market access,"30.0 MGY implies roughly 87,000 metric tons/year of fermentation CO2. Possible future pipeline optionality CI position score 15.0/20 based on available corn/latest CI percentile. Technology screen: fiber/D3, corn oil. Nearest listed market is Minneapolis / St. Paul at about 135 miles (reasonable regional market access).","Some Decycle strategic need, but one or more factors are weaker: smaller CO2 volume, partial technology adoption, less market access, or possible pipeline optionality."
Medium,55.9,8,12,13.9,13,9,3665,Poet Biorefining-Bingham Lake LLC,POET Biorefining,Bingham Lake,MN,Active,35.0,35.0,101500,CA/latest 69.75; corn 69.75; fiber 30.00,Possible future pipeline optionality,False,fiber/D3,Minneapolis / St. Paul,115.3,reasonable regional market access,"35.0 MGY implies roughly 101,500 metric tons/year of fermentation CO2. Possible future pipeline optionality CI position score 13.9/20 based on available corn/latest CI percentile. Technology screen: fiber/D3. Nearest listed market is Minneapolis / St. Paul at about 115 miles (reasonable regional market access).","Some Decycle strategic need, but one or more factors are weaker: smaller CO2 volume, partial technology adoption, less market access, or possible pipeline optionality."
Medium,55.4,16,12,4.4,20,3,3737,White Energy Hereford LLC,White energy,Hereford,TX,Active,130.0,130.0,377000,CA/latest 64.86; corn 64.86; fiber 23.13,Possible future pipeline optionality,False,limited public low-carbon tech flags,Dallas / Fort Worth,346.1,distant but possible market access,"130.0 MGY implies roughly 377,000 metric tons/year of fermentation CO2. Possible future pipeline optionality CI position score 4.4/20 based on available corn/latest CI percentile. Technology screen: limited public low-carbon tech flags. Nearest listed market is Dallas / Fort Worth at about 346 miles (distant but possible market access).","Some Decycle strategic need, but one or more factors are weaker: smaller CO2 volume, partial technology adoption, less market access, or possible pipeline optionality."
Medium,55.0,12,12,10.0,9,12,3640,Lincolnland Agri-Energy LLC,"Lincolnland Agri Energy, LLC",Palestine,IL,Active,68.0,68.0,197200,,Possible future pipeline optionality,False,"White Fox, CHP, high protein",Indianapolis,94.7,near major urban/industrial market,"68.0 MGY implies roughly 197,200 metric tons/year of fermentation CO2. Possible future pipeline optionality CI position is unclear in available LCFS data. Technology screen: White Fox, CHP, high protein. Nearest listed market is Indianapolis at about 95 miles (near major urban/industrial market).","Some Decycle strategic need, but one or more factors are weaker: smaller CO2 volume, partial technology adoption, less market access, or possible pipeline optionality."
Medium,55.0,8,12,10.0,16,9,3590,Commonwealth Agri-Energy,Hopkinsville Elevator CO-OP,Hopkinsville,KY,Active,49.0,49.0,142100,,Possible future pipeline optionality,False,CHP,Louisville,134.5,reasonable regional market access,"49.0 MGY implies roughly 142,100 metric tons/year of fermentation CO2. Possible future pipeline optionality CI position is unclear in available LCFS data. Technology screen: CHP. Nearest listed market is Louisville at about 134 miles (reasonable regional market access).","Some Decycle strategic need, but one or more factors are weaker: smaller CO2 volume, partial technology adoption, less market access, or possible pipeline optionality."
Medium,54.8,12,12,2.8,13,15,3691,Poet Biorefining-Shelbyville,POET Biorefining,Shelbyville,IN,Active,94.0,94.0,272600,CA/latest 64.28; corn 64.28; fiber 24.91,Possible future pipeline optionality,False,fiber/D3,Indianapolis,22.7,very near major urban/industrial market,"94.0 MGY implies roughly 272,600 metric tons/year of fermentation CO2. Possible future pipeline optionality CI position score 2.8/20 based on available corn/latest CI percentile. Technology screen: fiber/D3. Nearest listed market is Indianapolis at about 23 miles (very near major urban/industrial market).","Some Decycle strategic need, but one or more factors are weaker: smaller CO2 volume, partial technology adoption, less market access, or possible pipeline optionality."
Medium,53.9,16,12,9.9,13,3,3629,Hereford Ethanol Partners LP,Hereford Ethanol Partners,Hereford,TX,Active,120.0,120.0,348000,CA/latest 67.00; corn 67.00; fiber 27.00,Possible future pipeline optionality,False,fiber/D3,Dallas / Fort Worth,346.1,distant but possible market access,"120.0 MGY implies roughly 348,000 metric tons/year of fermentation CO2. Possible future pipeline optionality CI position score 9.9/20 based on available corn/latest CI percentile. Technology screen: fiber/D3. Nearest listed market is Dallas / Fort Worth at about 346 miles (distant but possible market access).","Some Decycle strategic need, but one or more factors are weaker: smaller CO2 volume, partial technology adoption, less market access, or possible pipeline optionality."
Medium,53.4,8,25,2.4,9,9,3684,Poet Biorefining-Macon LLC,POET Biorefining,Macon,MO,Active,55.0,55.0,159500,CA/latest 64.12; corn 64.12; fiber 25.11,No clear public pipeline/CCS access in available data,False,"fiber/D3, CHP",Kansas City,125.3,reasonable regional market access,"55.0 MGY implies roughly 159,500 metric tons/year of fermentation CO2. No clear public pipeline/CCS access in available data CI position score 2.4/20 based on available corn/latest CI percentile. Technology screen: fiber/D3, CHP. Nearest listed market is Kansas City at about 125 miles (reasonable regional market access).","Some Decycle strategic need, but one or more factors are weaker: smaller CO2 volume, partial technology adoption, less market access, or possible pipeline optionality."
Medium,53.3,12,12,8.3,9,12,3689,Poet Biorefining-Portland LLC,POET Biorefining,Portland,IN,Active,90.0,90.0,261000,CA/latest 66.60; corn 66.60; fiber 26.78,Possible future pipeline optionality,False,"fiber/D3, CHP",Indianapolis,74.9,near major urban/industrial market,"90.0 MGY implies roughly 261,000 metric tons/year of fermentation CO2. Possible future pipeline optionality CI position score 8.3/20 based on available corn/latest CI percentile. Technology screen: fiber/D3, CHP. Nearest listed market is Indianapolis at about 75 miles (near major urban/industrial market).","Some Decycle strategic need, but one or more factors are weaker: smaller CO2 volume, partial technology adoption, less market access, or possible pipeline optionality."
Medium,53.0,8,12,10.0,20,3,3595,HET Levelland LLC,White Energy,Levelland,TX,Active,50.274,50.274,145795,,Possible future pipeline optionality,False,limited public low-carbon tech flags,Dallas / Fort Worth,321.0,distant but possible market access,"50.3 MGY implies roughly 145,795 metric tons/year of fermentation CO2. Possible future pipeline optionality CI position is unclear in available LCFS data. Technology screen: limited public low-carbon tech flags. Nearest listed market is Dallas / Fort Worth at about 321 miles (distant but possible market access).","Some Decycle strategic need, but one or more factors are weaker: smaller CO2 volume, partial technology adoption, less market access, or possible pipeline optionality."
Medium,51.9,12,12,6.9,9,12,3673,Poet Biorefining-Fostoria LLC,POET Biorefining,Fostoria,OH,Active,90.0,90.0,261000,CA/latest 65.86; corn 65.86; fiber 26.96,Possible future pipeline optionality,False,"fiber/D3, CHP",Detroit / Toledo,81.7,near major urban/industrial market,"90.0 MGY implies roughly 261,000 metric tons/year of fermentation CO2. Possible future pipeline optionality CI position score 6.9/20 based on available corn/latest CI percentile. Technology screen: fiber/D3, CHP. Nearest listed market is Detroit / Toledo at about 82 miles (near major urban/industrial market).","Some Decycle strategic need, but one or more factors are weaker: smaller CO2 volume, partial technology adoption, less market access, or possible pipeline optionality."
Medium,51.7,16,12,7.7,13,3,3738,Plainview Bioenergy LLC,White Energy,Plainview,TX,Active,130.0,130.0,377000,CA/latest 66.47; corn 66.47; fiber 24.89,Possible future pipeline optionality,False,fiber/D3,Dallas / Fort Worth,294.8,distant but possible market access,"130.0 MGY implies roughly 377,000 metric tons/year of fermentation CO2. Possible future pipeline optionality CI position score 7.7/20 based on available corn/latest CI percentile. Technology screen: fiber/D3. Nearest listed market is Dallas / Fort Worth at about 295 miles (distant but possible market access).","Some Decycle strategic need, but one or more factors are weaker: smaller CO2 volume, partial technology adoption, less market access, or possible pipeline optionality."
Medium,51.1,8,12,5.1,20,6,3651,Nebraska Corn Processing LLC,Nebraska Corn Processing,Cambridge,NE,Active,54.0,54.0,156600,CA/latest 65.00; corn 65.00,Possible future pipeline optionality,False,limited public low-carbon tech flags,Omaha / Council Bluffs,231.3,moderate market access,"54.0 MGY implies roughly 156,600 metric tons/year of fermentation CO2. Possible future pipeline optionality CI position score 5.1/20 based on available corn/latest CI percentile. Technology screen: limited public low-carbon tech flags. Nearest listed market is Omaha / Council Bluffs at about 231 miles (moderate market access).","Some Decycle strategic need, but one or more factors are weaker: smaller CO2 volume, partial technology adoption, less market access, or possible pipeline optionality."
Medium,50.1,8,12,13.1,8,9,3587,Chippewa Valley Ethanol Co LLLP,Chippewa Valley Ethanol Co.,Benson,MN,Active,50.0,50.0,145000,CA/latest 68.90; corn 68.90; fiber 29.00; WA min 28.59,Possible future pipeline optionality,False,"fiber/D3, White Fox, corn oil",Minneapolis / St. Paul,118.1,reasonable regional market access,"50.0 MGY implies roughly 145,000 metric tons/year of fermentation CO2. Possible future pipeline optionality CI position score 13.1/20 based on available corn/latest CI percentile. Technology screen: fiber/D3, White Fox, corn oil. Nearest listed market is Minneapolis / St. Paul at about 118 miles (reasonable regional market access).","Some Decycle strategic need, but one or more factors are weaker: smaller CO2 volume, partial technology adoption, less market access, or possible pipeline optionality."
Medium,49.7,12,12,6.7,13,6,3756,Cardinal,Cardinal Ethanol,Colwich,KS,Active,70.0,70.0,203000,CA/latest 65.55; corn 65.55,Possible future pipeline optionality,False,"CHP, high protein",Kansas City,183.7,moderate market access,"70.0 MGY implies roughly 203,000 metric tons/year of fermentation CO2. Possible future pipeline optionality CI position score 6.7/20 based on available corn/latest CI percentile. Technology screen: CHP, high protein. Nearest listed market is Kansas City at about 184 miles (moderate market access).","Some Decycle strategic need, but one or more factors are weaker: smaller CO2 volume, partial technology adoption, less market access, or possible pipeline optionality."
Medium,49.2,12,12,4.2,9,12,3688,Poet Biorefining-North Manchester,POET Biorefining,North Manchester,IN,Active,90.0,90.0,261000,CA/latest 64.80; corn 64.80; fiber 25.32,Possible future pipeline optionality,False,"fiber/D3, CHP",Indianapolis,83.7,near major urban/industrial market,"90.0 MGY implies roughly 261,000 metric tons/year of fermentation CO2. Possible future pipeline optionality CI position score 4.2/20 based on available corn/latest CI percentile. Technology screen: fiber/D3, CHP. Nearest listed market is Indianapolis at about 84 miles (near major urban/industrial market).","Some Decycle strategic need, but one or more factors are weaker: smaller CO2 volume, partial technology adoption, less market access, or possible pipeline optionality."
Medium,49.0,16,12,2.0,13,6,3637,Kappa Ethanol Ravenna LLC,"KAAPA Ethanol & Grain, LLC.",Ravenna,NE,Active,138.0,138.0,400200,CA/latest 63.90; corn 63.90; fiber 25.15; WA min 25.32,Possible future pipeline optionality,False,fiber/D3,Omaha / Council Bluffs,153.8,moderate market access,"138.0 MGY implies roughly 400,200 metric tons/year of fermentation CO2. Possible future pipeline optionality CI position score 2.0/20 based on available corn/latest CI percentile. Technology screen: fiber/D3. Nearest listed market is Omaha / Council Bluffs at about 154 miles (moderate market access).","Some Decycle strategic need, but one or more factors are weaker: smaller CO2 volume, partial technology adoption, less market access, or possible pipeline optionality."
Medium,45.2,8,12,0.2,16,9,3577,Calgren Renewable Fuels LLC,Calgren Renewable Fuels,Pixley,CA,Active,55.0,55.0,159500,CA/latest 59.18; corn 59.18,Possible future pipeline optionality,False,CHP,Los Angeles / Inland Empire,147.4,reasonable regional market access,"55.0 MGY implies roughly 159,500 metric tons/year of fermentation CO2. Possible future pipeline optionality CI position score 0.2/20 based on available corn/latest CI percentile. Technology screen: CHP. Nearest listed market is Los Angeles / Inland Empire at about 147 miles (reasonable regional market access).","Some Decycle strategic need, but one or more factors are weaker: smaller CO2 volume, partial technology adoption, less market access, or possible pipeline optionality."
Low,85.0,20,25,10.0,15,15,3557,VCP Corn Processing,ADM,Cedar Rapids,IA,Active,300.0,300.0,870000,,No clear public pipeline/CCS access in available data,False,"CHP, corn oil",Cedar Rapids / Iowa City,3.6,very near major urban/industrial market,"300.0 MGY implies roughly 870,000 metric tons/year of fermentation CO2. No clear public pipeline/CCS access in available data CI position is unclear in available LCFS data. Technology screen: CHP, corn oil. Nearest listed market is Cedar Rapids / Iowa City at about 4 miles (very near major urban/industrial market).","Forced Low priority by screening override for ADM, Valero, VCP, Big River, ICM Biofuels, and Crysalis facilities."
Low,85.0,20,25,10.0,15,15,3558,ADM Cedar Rapids IA Wet Mill,ADM,Cedar Rapids,IA,Active,240.0,240.0,696000,,No clear public pipeline/CCS access in available data,False,"CHP, corn oil",Cedar Rapids / Iowa City,4.5,very near major urban/industrial market,"240.0 MGY implies roughly 696,000 metric tons/year of fermentation CO2. No clear public pipeline/CCS access in available data CI position is unclear in available LCFS data. Technology screen: CHP, corn oil. Nearest listed market is Cedar Rapids / Iowa City at about 4 miles (very near major urban/industrial market).","Forced Low priority by screening override for ADM, Valero, VCP, Big River, ICM Biofuels, and Crysalis facilities."
Low,85.0,20,25,10.0,15,15,3559,ADM Clinton IA,ADM,Clinton,IA,Active,237.0,237.0,687300,,No clear public pipeline/CCS access in available data,False,"CHP, corn oil",Quad Cities,26.4,very near major urban/industrial market,"237.0 MGY implies roughly 687,300 metric tons/year of fermentation CO2. No clear public pipeline/CCS access in available data CI position is unclear in available LCFS data. Technology screen: CHP, corn oil. Nearest listed market is Quad Cities at about 26 miles (very near major urban/industrial market).","Forced Low priority by screening override for ADM, Valero, VCP, Big River, ICM Biofuels, and Crysalis facilities."
Low,82.6,20,25,15.6,13,9,3733,Valero Renewable Fuels LLC,Valero Renewables,Welcome,MN,Active,150.0,150.0,435000,CA/latest 70.75; corn 70.75; fiber 25.28,No clear public pipeline/CCS access in available data,False,fiber/D3,Minneapolis / St. Paul,111.7,reasonable regional market access,"150.0 MGY implies roughly 435,000 metric tons/year of fermentation CO2. No clear public pipeline/CCS access in available data CI position score 15.6/20 based on available corn/latest CI percentile. Technology screen: fiber/D3. Nearest listed market is Minneapolis / St. Paul at about 112 miles (reasonable regional market access).","Forced Low priority by screening override for ADM, Valero, VCP, Big River, ICM Biofuels, and Crysalis facilities."
Low,79.0,16,25,10.0,13,15,3571,Big River United Energy LLC,Big River Resources,Dyersville,IA,Active,140.0,140.0,406000,,No clear public pipeline/CCS access in available data,False,"waste heat, corn oil",Cedar Rapids / Iowa City,43.6,very near major urban/industrial market,"140.0 MGY implies roughly 406,000 metric tons/year of fermentation CO2. No clear public pipeline/CCS access in available data CI position is unclear in available LCFS data. Technology screen: waste heat, corn oil. Nearest listed market is Cedar Rapids / Iowa City at about 44 miles (very near major urban/industrial market).","Forced Low priority by screening override for ADM, Valero, VCP, Big River, ICM Biofuels, and Crysalis facilities."
Low,79.0,16,25,10.0,16,12,3570,Big River Resources West Burlington LLC,Big River Resources,West Burlington,IA,Active,130.0,130.0,377000,,No clear public pipeline/CCS access in available data,False,"waste heat, corn oil",Quad Cities,59.4,near major urban/industrial market,"130.0 MGY implies roughly 377,000 metric tons/year of fermentation CO2. No clear public pipeline/CCS access in available data CI position is unclear in available LCFS data. Technology screen: waste heat, corn oil. Nearest listed market is Quad Cities at about 59 miles (near major urban/industrial market).","Forced Low priority by screening override for ADM, Valero, VCP, Big River, ICM Biofuels, and Crysalis facilities."
Low,79.0,12,25,10.0,20,12,3568,Big River Resources Boyceville LLC,Big River Resources,Boyceville,WI,Active,70.0,70.0,203000,,No clear public pipeline/CCS access in available data,False,limited public low-carbon tech flags,Minneapolis / St. Paul,63.0,near major urban/industrial market,"70.0 MGY implies roughly 203,000 metric tons/year of fermentation CO2. No clear public pipeline/CCS access in available data CI position is unclear in available LCFS data. Technology screen: limited public low-carbon tech flags. Nearest listed market is Minneapolis / St. Paul at about 63 miles (near major urban/industrial market).","Forced Low priority by screening override for ADM, Valero, VCP, Big River, ICM Biofuels, and Crysalis facilities."
Low,78.0,8,25,10.0,20,15,3757,Crysalis Biosciences,Crysalis Biosciences,Sauget,IL,Active,57.0,57.0,165300,,No clear public pipeline/CCS access in available data,False,limited public low-carbon tech flags,St. Louis / Metro East,2.5,very near major urban/industrial market,"57.0 MGY implies roughly 165,300 metric tons/year of fermentation CO2. No clear public pipeline/CCS access in available data CI position is unclear in available LCFS data. Technology screen: limited public low-carbon tech flags. Nearest listed market is St. Louis / Metro East at about 3 miles (very near major urban/industrial market).","Forced Low priority by screening override for ADM, Valero, VCP, Big River, ICM Biofuels, and Crysalis facilities."
Low,78.0,8,25,10.0,20,15,3634,ICM Biofuels LLC,ICM,St Joseph,MO,Active,50.0,50.0,145000,,No clear public pipeline/CCS access in available data,False,limited public low-carbon tech flags,Kansas City,46.5,very near major urban/industrial market,"50.0 MGY implies roughly 145,000 metric tons/year of fermentation CO2. No clear public pipeline/CCS access in available data CI position is unclear in available LCFS data. Technology screen: limited public low-carbon tech flags. Nearest listed market is Kansas City at about 47 miles (very near major urban/industrial market).","Forced Low priority by screening override for ADM, Valero, VCP, Big River, ICM Biofuels, and Crysalis facilities."
Low,74.8,16,12,18.8,13,15,3730,Valero Renewable Fuels LLC,Valero Renewables,Linden,IN,Active,140.0,140.0,406000,CA/latest 72.44; corn 72.44; fiber 26.35,Possible future pipeline optionality,False,fiber/D3,Indianapolis,49.8,very near major urban/industrial market,"140.0 MGY implies roughly 406,000 metric tons/year of fermentation CO2. Possible future pipeline optionality CI position score 18.8/20 based on available corn/latest CI percentile. Technology screen: fiber/D3. Nearest listed market is Indianapolis at about 50 miles (very near major urban/industrial market).","Forced Low priority by screening override for ADM, Valero, VCP, Big River, ICM Biofuels, and Crysalis facilities."
Low,74.0,4,25,10.0,20,15,3655,Parallel Products Inc,Parallel Products,Louisville,KY,Active,5.5,5.5,15950,,No clear public pipeline/CCS access in available data,False,limited public low-carbon tech flags,Louisville,2.8,very near major urban/industrial market,"5.5 MGY implies roughly 15,950 metric tons/year of fermentation CO2. No clear public pipeline/CCS access in available data CI position is unclear in available LCFS data. Technology screen: limited public low-carbon tech flags. Nearest listed market is Louisville at about 3 miles (very near major urban/industrial market).",Lower priority because the facility is small relative to likely partner-screening economics.
Low,74.0,4,25,10.0,20,15,3654,Parallel Products,Parallel Products,Rancho Cucamonga,CA,Active,3.0,3.0,8700,,No clear public pipeline/CCS access in available data,False,limited public low-carbon tech flags,Los Angeles / Inland Empire,40.5,very near major urban/industrial market,"3.0 MGY implies roughly 8,700 metric tons/year of fermentation CO2. No clear public pipeline/CCS access in available data CI position is unclear in available LCFS data. Technology screen: limited public low-carbon tech flags. Nearest listed market is Los Angeles / Inland Empire at about 41 miles (very near major urban/industrial market).",Lower priority because the facility is small relative to likely partner-screening economics.
Low,71.0,4,25,10.0,20,12,3283,Golden Triangle Energy LLC,GOLDEN TRIANGLE ENERGY LLC,Craig,MO,Active,21.0,21.0,60900,,No clear public pipeline/CCS access in available data,False,limited public low-carbon tech flags,Omaha / Council Bluffs,79.5,near major urban/industrial market,"21.0 MGY implies roughly 60,900 metric tons/year of fermentation CO2. No clear public pipeline/CCS access in available data CI position is unclear in available LCFS data. Technology screen: limited public low-carbon tech flags. Nearest listed market is Omaha / Council Bluffs at about 79 miles (near major urban/industrial market).",Lower priority because the facility is small relative to likely partner-screening economics.
Low,71.0,4,25,10.0,20,12,3693,Poet Research Center,POET Biorefining,Scotland,SD,Active,12.0,12.0,34800,,No clear public pipeline/CCS access in available data,False,limited public low-carbon tech flags,Sioux City,80.7,near major urban/industrial market,"12.0 MGY implies roughly 34,800 metric tons/year of fermentation CO2. No clear public pipeline/CCS access in available data CI position is unclear in available LCFS data. Technology screen: limited public low-carbon tech flags. Nearest listed market is Sioux City at about 81 miles (near major urban/industrial market).",Lower priority because the facility is small relative to likely partner-screening economics.
Low,70.6,20,0,18.6,20,12,3652,Nugen Energy LLC,Rex American,Marion,SD,Active,150.0,150.0,435000,CA/latest 72.33; corn 72.33,SCS; Summit Carbon Solutions,True,limited public low-carbon tech flags,Sioux City,77.9,near major urban/industrial market,"150.0 MGY implies roughly 435,000 metric tons/year of fermentation CO2. SCS; Summit Carbon Solutions CI position score 18.6/20 based on available corn/latest CI percentile. Technology screen: limited public low-carbon tech flags. Nearest listed market is Sioux City at about 78 miles (near major urban/industrial market).",Lower priority because available data indicates pipeline/CCS/sequestration commitment or sponsor.
Low,70.0,16,12,10.0,20,12,3724,Valero Renewable Fuels LLC,Valero Renewables,Bloomingburg,OH,Active,140.0,140.0,406000,,Possible future pipeline optionality,False,limited public low-carbon tech flags,Cincinnati,69.0,near major urban/industrial market,"140.0 MGY implies roughly 406,000 metric tons/year of fermentation CO2. Possible future pipeline optionality CI position is unclear in available LCFS data. Technology screen: limited public low-carbon tech flags. Nearest listed market is Cincinnati at about 69 miles (near major urban/industrial market).","Forced Low priority by screening override for ADM, Valero, VCP, Big River, ICM Biofuels, and Crysalis facilities."
Low,70.0,16,12,10.0,20,12,3725,Valero Renewable Fuels LLC,Valero Renewables,Bluffton,IN,Active,140.0,140.0,406000,,Possible future pipeline optionality,False,limited public low-carbon tech flags,Indianapolis,83.2,near major urban/industrial market,"140.0 MGY implies roughly 406,000 metric tons/year of fermentation CO2. Possible future pipeline optionality CI position is unclear in available LCFS data. Technology screen: limited public low-carbon tech flags. Nearest listed market is Indianapolis at about 83 miles (near major urban/industrial market).","Forced Low priority by screening override for ADM, Valero, VCP, Big River, ICM Biofuels, and Crysalis facilities."
Low,70.0,4,25,10.0,16,15,3658,Pinal,Arizona Grain,Maricopa,AZ,Active,0.0,0.0,0,,No clear public pipeline/CCS access in available data,False,CHP,Phoenix,30.4,very near major urban/industrial market,0.0 MGY implies roughly 0 metric tons/year of fermentation CO2. No clear public pipeline/CCS access in available data CI position is unclear in available LCFS data. Technology screen: CHP. Nearest listed market is Phoenix at about 30 miles (very near major urban/industrial market).,Lower priority because the facility is small relative to likely partner-screening economics.
Low,68.0,4,25,10.0,20,9,3758,Gevo,Gevo,Lake Preston,SD,Startup,0.0,0.0,0,,No clear public pipeline/CCS access in available data,False,limited public low-carbon tech flags,Sioux City,137.8,reasonable regional market access,"Plant status is Startup, so capacity was not credited as a near-term operating CO2 source. No clear public pipeline/CCS access in available data CI position is unclear in available LCFS data. Technology screen: limited public low-carbon tech flags. Nearest listed market is Sioux City at about 138 miles (reasonable regional market access).","Lower priority because plant status is Startup, not an active operating plant in the source table."
Low,67.4,20,0,18.4,20,9,3723,Valero Renewable Fuels LLC,Valero Renewables,Aurora,SD,Active,150.0,150.0,435000,CA/latest 72.24; corn 72.24; fiber 26.27,SCS; Summit Carbon Solutions,True,limited public low-carbon tech flags,Sioux City,125.4,reasonable regional market access,"150.0 MGY implies roughly 435,000 metric tons/year of fermentation CO2. SCS; Summit Carbon Solutions CI position score 18.4/20 based on available corn/latest CI percentile. Technology screen: limited public low-carbon tech flags. Nearest listed market is Sioux City at about 125 miles (reasonable regional market access).","Forced Low priority by screening override for ADM, Valero, VCP, Big River, ICM Biofuels, and Crysalis facilities."
Low,67.0,16,12,10.0,20,9,3731,Valero Renewable Fuels LLC,Valero Renewables,Mount Vernon,IN,Active,100.0,100.0,290000,,Possible future pipeline optionality,False,limited public low-carbon tech flags,Louisville,117.1,reasonable regional market access,"100.0 MGY implies roughly 290,000 metric tons/year of fermentation CO2. Possible future pipeline optionality CI position is unclear in available LCFS data. Technology screen: limited public low-carbon tech flags. Nearest listed market is Louisville at about 117 miles (reasonable regional market access).","Forced Low priority by screening override for ADM, Valero, VCP, Big River, ICM Biofuels, and Crysalis facilities."
Low,64.0,4,25,10.0,20,5,3759,LanzaJet,LanzaJet,Soperton,GA,Startup,0.0,0.0,0,,No clear public pipeline/CCS access in available data,False,limited public low-carbon tech flags,,,unknown,"Plant status is Startup, so capacity was not credited as a near-term operating CO2 source. No clear public pipeline/CCS access in available data CI position is unclear in available LCFS data. Technology screen: limited public low-carbon tech flags.","Lower priority because plant status is Startup, not an active operating plant in the source table."
Low,64.0,4,25,10.0,20,5,3760,New Energy Blue,New Energy Blue,,IA,Startup,,0.0,0,,No clear public pipeline/CCS access in available data,False,limited public low-carbon tech flags,,,unknown,"Capacity field appears invalid/outlier (18,605.7 MGY), so capacity was not credited in scoring. No clear public pipeline/CCS access in available data CI position is unclear in available LCFS data. Technology screen: limited public low-carbon tech flags.","Lower priority because plant status is Startup, not an active operating plant in the source table."
Low,64.0,4,25,10.0,20,5,3761,Sumitomo Corporation of Americas,Sumitomo Corporation of Americas,,,Startup,0.0,0.0,0,,No clear public pipeline/CCS access in available data,False,limited public low-carbon tech flags,,,unknown,"Plant status is Startup, so capacity was not credited as a near-term operating CO2 source. No clear public pipeline/CCS access in available data CI position is unclear in available LCFS data. Technology screen: limited public low-carbon tech flags.","Lower priority because plant status is Startup, not an active operating plant in the source table."
Low,64.0,4,25,10.0,20,5,None,,,,,Unknown,0.0,0.0,0,,No clear public pipeline/CCS access in available data,False,limited public low-carbon tech flags,,,unknown,0.0 MGY implies roughly 0 metric tons/year of fermentation CO2. No clear public pipeline/CCS access in available data CI position is unclear in available LCFS data. Technology screen: limited public low-carbon tech flags.,Lower priority because the facility is small relative to likely partner-screening economics.
Low,62.4,20,0,17.4,13,12,3628,Heartland Corn Products,Heartland Corn Products,Winthrop,MN,Active,151.0,151.0,437900,CA/latest 71.09; corn 71.09; fiber 24.00,Summit Carbon Solutions,True,fiber/D3,Minneapolis / St. Paul,60.8,near major urban/industrial market,"151.0 MGY implies roughly 437,900 metric tons/year of fermentation CO2. Summit Carbon Solutions CI position score 17.4/20 based on available corn/latest CI percentile. Technology screen: fiber/D3. Nearest listed market is Minneapolis / St. Paul at about 61 miles (near major urban/industrial market).",Lower priority because available data indicates pipeline/CCS/sequestration commitment or sponsor.
Low,62.0,4,25,10.0,20,3,SD-02,Attis Industries Inc.,Attis Industries Inc.,Fulton,NY,Active,0.0,0.0,0,,No clear public pipeline/CCS access in available data,False,limited public low-carbon tech flags,Detroit / Toledo,344.3,distant but possible market access,0.0 MGY implies roughly 0 metric tons/year of fermentation CO2. No clear public pipeline/CCS access in available data CI position is unclear in available LCFS data. Technology screen: limited public low-carbon tech flags. Nearest listed market is Detroit / Toledo at about 344 miles (distant but possible market access).,Lower priority because the facility is small relative to likely partner-screening economics.
Low,61.0,16,0,10.0,20,15,3569,Big River Resources Galva LLC,Big River Resources,Galva,IL,Active,140.0,140.0,406000,,Direct Inject; Direct,True,limited public low-carbon tech flags,Quad Cities,34.5,very near major urban/industrial market,"140.0 MGY implies roughly 406,000 metric tons/year of fermentation CO2. Direct Inject; Direct CI position is unclear in available LCFS data. Technology screen: limited public low-carbon tech flags. Nearest listed market is Quad Cities at about 34 miles (very near major urban/industrial market).","Forced Low priority by screening override for ADM, Valero, VCP, Big River, ICM Biofuels, and Crysalis facilities."
Low,59.0,20,0,10.0,17,12,3644,Marquis Energy LLC,Marquis Energy,Hennepin,IL,Active,400.0,400.0,1160000,,Direct Inject; Direct,True,high protein,Quad Cities,64.0,near major urban/industrial market,"400.0 MGY implies roughly 1,160,000 metric tons/year of fermentation CO2. Direct Inject; Direct CI position is unclear in available LCFS data. Technology screen: high protein. Nearest listed market is Quad Cities at about 64 miles (near major urban/industrial market).",Lower priority because available data indicates pipeline/CCS/sequestration commitment or sponsor.
Low,59.0,20,0,10.0,20,9,3562,ADM,ADM,Decatur,IL,Active,375.0,375.0,1087500,,Direct Inject; Direct,True,limited public low-carbon tech flags,St. Louis / Metro East,110.5,reasonable regional market access,"375.0 MGY implies roughly 1,087,500 metric tons/year of fermentation CO2. Direct Inject; Direct CI position is unclear in available LCFS data. Technology screen: limited public low-carbon tech flags. Nearest listed market is St. Louis / Metro East at about 111 miles (reasonable regional market access).","Forced Low priority by screening override for ADM, Valero, VCP, Big River, ICM Biofuels, and Crysalis facilities."
Low,59.0,20,0,10.0,20,9,3653,One Earth Energy LLC,Rex American,Gibson City,IL,Active,150.0,150.0,435000,,Direct,True,limited public low-carbon tech flags,Chicago industrial corridor,105.1,reasonable regional market access,"150.0 MGY implies roughly 435,000 metric tons/year of fermentation CO2. Direct CI position is unclear in available LCFS data. Technology screen: limited public low-carbon tech flags. Nearest listed market is Chicago industrial corridor at about 105 miles (reasonable regional market access).",Lower priority because available data indicates pipeline/CCS/sequestration commitment or sponsor.
Low,59.0,8,12,10.0,20,9,3563,ADM,ADM,Marshall,MN,Active,48.0,48.0,139200,,Possible future pipeline optionality,False,limited public low-carbon tech flags,Minneapolis / St. Paul,128.2,reasonable regional market access,"48.0 MGY implies roughly 139,200 metric tons/year of fermentation CO2. Possible future pipeline optionality CI position is unclear in available LCFS data. Technology screen: limited public low-carbon tech flags. Nearest listed market is Minneapolis / St. Paul at about 128 miles (reasonable regional market access).","Forced Low priority by screening override for ADM, Valero, VCP, Big River, ICM Biofuels, and Crysalis facilities."
Low,59.0,4,25,10.0,20,0,SD-08,Tyton NC Biofuels,Tyton NC Biofuels,Raeford,NC,Active,0.0,0.0,0,,No clear public pipeline/CCS access in available data,False,limited public low-carbon tech flags,Cincinnati,412.3,remote from listed major markets,0.0 MGY implies roughly 0 metric tons/year of fermentation CO2. No clear public pipeline/CCS access in available data CI position is unclear in available LCFS data. Technology screen: limited public low-carbon tech flags. Nearest listed market is Cincinnati at about 412 miles (remote from listed major markets).,Lower priority because the facility is small relative to likely partner-screening economics.
Low,58.0,20,0,10.0,16,12,3560,VCP Corn Processing,ADM,Columbus,NE,Active,313.0,313.0,907700,,Tall Grass,True,CHP,Omaha / Council Bluffs,71.2,near major urban/industrial market,"313.0 MGY implies roughly 907,700 metric tons/year of fermentation CO2. Tall Grass CI position is unclear in available LCFS data. Technology screen: CHP. Nearest listed market is Omaha / Council Bluffs at about 71 miles (near major urban/industrial market).","Forced Low priority by screening override for ADM, Valero, VCP, Big River, ICM Biofuels, and Crysalis facilities."
Low,58.0,16,0,10.0,20,12,3555,Alto Pekin LLC Wet Mill,Alto,Pekin,IL,Active,100.0,100.0,290000,,Direct,True,limited public low-carbon tech flags,Quad Cities,79.4,near major urban/industrial market,"100.0 MGY implies roughly 290,000 metric tons/year of fermentation CO2. Direct CI position is unclear in available LCFS data. Technology screen: limited public low-carbon tech flags. Nearest listed market is Quad Cities at about 79 miles (near major urban/industrial market).",Lower priority because available data indicates pipeline/CCS/sequestration commitment or sponsor.
Low,58.0,4,12,10.0,20,12,3732,ZFS Riga LLC,"Zeeland Farm Services, Inc",Riga,MI,Active,0.0,0.0,0,,Possible future pipeline optionality,False,limited public low-carbon tech flags,Detroit / Toledo,53.9,near major urban/industrial market,0.0 MGY implies roughly 0 metric tons/year of fermentation CO2. Possible future pipeline optionality CI position is unclear in available LCFS data. Technology screen: limited public low-carbon tech flags. Nearest listed market is Detroit / Toledo at about 54 miles (near major urban/industrial market).,"Medium priority because the plant has possible future pipeline optionality, even if a non-pipeline strategy may still be useful."
Low,58.0,4,12,10.0,20,12,3762,AE Innovation,AE Innovation,Luverne,MN,Active,0.0,0.0,0,,Possible future pipeline optionality,False,limited public low-carbon tech flags,Sioux City,80.1,near major urban/industrial market,0.0 MGY implies roughly 0 metric tons/year of fermentation CO2. Possible future pipeline optionality CI position is unclear in available LCFS data. Technology screen: limited public low-carbon tech flags. Nearest listed market is Sioux City at about 80 miles (near major urban/industrial market).,"Medium priority because the plant has possible future pipeline optionality, even if a non-pipeline strategy may still be useful."
Low,57.8,20,0,16.8,9,12,3728,Valero Renewable Fuels LLC,Valero Renewables,Hartley,IA,Active,150.0,150.0,435000,CA/latest 71.06; corn 71.06; fiber 25.15,SCS; Summit Carbon Solutions,True,"fiber/D3, waste heat, corn oil",Sioux City,65.8,near major urban/industrial market,"150.0 MGY implies roughly 435,000 metric tons/year of fermentation CO2. SCS; Summit Carbon Solutions CI position score 16.8/20 based on available corn/latest CI percentile. Technology screen: fiber/D3, waste heat, corn oil. Nearest listed market is Sioux City at about 66 miles (near major urban/industrial market).","Forced Low priority by screening override for ADM, Valero, VCP, Big River, ICM Biofuels, and Crysalis facilities."
Low,57.2,16,0,16.2,13,12,3722,Valero Renewable Fuels,Valero Renewables,Albion,NE,Active,140.0,140.0,406000,CA/latest 70.93; corn 70.93; fiber 25.29,SCS; Summit Carbon Solutions,True,fiber/D3,Sioux City,98.7,near major urban/industrial market,"140.0 MGY implies roughly 406,000 metric tons/year of fermentation CO2. SCS; Summit Carbon Solutions CI position score 16.2/20 based on available corn/latest CI percentile. Technology screen: fiber/D3. Nearest listed market is Sioux City at about 99 miles (near major urban/industrial market).","Forced Low priority by screening override for ADM, Valero, VCP, Big River, ICM Biofuels, and Crysalis facilities."
Low,57.0,12,0,19.0,20,6,3619,Green Plains Otter Tail LLC,Green Plains,Otter Tail,MN,Active,66.6,66.6,193140,CA/latest 72.83; corn 72.83; WA min 72.13,Summit Carbon Solutions,True,limited public low-carbon tech flags,Minneapolis / St. Paul,166.4,moderate market access,"66.6 MGY implies roughly 193,140 metric tons/year of fermentation CO2. Summit Carbon Solutions CI position score 19.0/20 based on available corn/latest CI percentile. Technology screen: limited public low-carbon tech flags. Nearest listed market is Minneapolis / St. Paul at about 166 miles (moderate market access).",Lower priority because available data indicates pipeline/CCS/sequestration commitment or sponsor.
Low,56.4,20,0,15.4,9,12,3726,Valero Renewable Fuels LLC,Valero Renewables,Charles City,IA,Active,165.0,165.0,478500,CA/latest 70.51; corn 70.51; fiber 25.25,SCS; Summit Carbon Solutions,True,"fiber/D3, waste heat, corn oil",Cedar Rapids / Iowa City,94.8,near major urban/industrial market,"165.0 MGY implies roughly 478,500 metric tons/year of fermentation CO2. SCS; Summit Carbon Solutions CI position score 15.4/20 based on available corn/latest CI percentile. Technology screen: fiber/D3, waste heat, corn oil. Nearest listed market is Cedar Rapids / Iowa City at about 95 miles (near major urban/industrial market).","Forced Low priority by screening override for ADM, Valero, VCP, Big River, ICM Biofuels, and Crysalis facilities."
Low,56.4,12,0,16.4,16,12,3621,Green Plains Superior,Green Plains,Superior,IA,Active,68.5,68.5,198650,CA/latest 71.00; corn 71.00,SCS; Summit Carbon Solutions,True,corn oil,Sioux City,97.7,near major urban/industrial market,"68.5 MGY implies roughly 198,650 metric tons/year of fermentation CO2. SCS; Summit Carbon Solutions CI position score 16.4/20 based on available corn/latest CI percentile. Technology screen: corn oil. Nearest listed market is Sioux City at about 98 miles (near major urban/industrial market).",Lower priority because available data indicates pipeline/CCS/sequestration commitment or sponsor.
Low,55.3,20,0,14.3,9,12,3727,Valero Renewable Fuels LLC,Valero Renewables,Ft. Dodge,IA,Active,150.0,150.0,435000,CA/latest 69.95; corn 69.95; fiber 26.80,SCS; Summit Carbon Solutions,True,"fiber/D3, waste heat, corn oil",Des Moines / Ames,72.6,near major urban/industrial market,"150.0 MGY implies roughly 435,000 metric tons/year of fermentation CO2. SCS; Summit Carbon Solutions CI position score 14.3/20 based on available corn/latest CI percentile. Technology screen: fiber/D3, waste heat, corn oil. Nearest listed market is Des Moines / Ames at about 73 miles (near major urban/industrial market).","Forced Low priority by screening override for ADM, Valero, VCP, Big River, ICM Biofuels, and Crysalis facilities."
Low,55.0,16,0,10.0,17,12,3579,Cardinal Ethanol LLC,Cardinal Ethanol,Union City,IN,Active,136.0,136.0,394400,,Direct,True,high protein,Indianapolis,74.5,near major urban/industrial market,"136.0 MGY implies roughly 394,400 metric tons/year of fermentation CO2. Direct CI position is unclear in available LCFS data. Technology screen: high protein. Nearest listed market is Indianapolis at about 74 miles (near major urban/industrial market).",Lower priority because available data indicates pipeline/CCS/sequestration commitment or sponsor.
Low,55.0,16,0,10.0,20,9,3615,Green Plains Fairmont LLC,Green Plains,Fairmont,MN,Active,122.9,122.9,356410,,Summit Carbon Solutions,True,limited public low-carbon tech flags,Minneapolis / St. Paul,109.2,reasonable regional market access,"122.9 MGY implies roughly 356,410 metric tons/year of fermentation CO2. Summit Carbon Solutions CI position is unclear in available LCFS data. Technology screen: limited public low-carbon tech flags. Nearest listed market is Minneapolis / St. Paul at about 109 miles (reasonable regional market access).",Lower priority because available data indicates pipeline/CCS/sequestration commitment or sponsor.
Low,54.6,16,0,17.6,9,12,3721,Valero Renewable Fuels LLC,Valero Renewables,Albert City,IA,Active,140.0,140.0,406000,CA/latest 71.25; corn 71.25; fiber 25.01,SCS; Summit Carbon Solutions,True,"fiber/D3, waste heat, corn oil",Sioux City,76.8,near major urban/industrial market,"140.0 MGY implies roughly 406,000 metric tons/year of fermentation CO2. SCS; Summit Carbon Solutions CI position score 17.6/20 based on available corn/latest CI percentile. Technology screen: fiber/D3, waste heat, corn oil. Nearest listed market is Sioux City at about 77 miles (near major urban/industrial market).","Forced Low priority by screening override for ADM, Valero, VCP, Big River, ICM Biofuels, and Crysalis facilities."
Low,54.0,16,0,10.0,16,12,3561,ADM Columbus Wet Mill,ADM,Columbus,NE,Active,100.0,100.0,290000,,Tall Grass,True,CHP,Omaha / Council Bluffs,71.0,near major urban/industrial market,"100.0 MGY implies roughly 290,000 metric tons/year of fermentation CO2. Tall Grass CI position is unclear in available LCFS data. Technology screen: CHP. Nearest listed market is Omaha / Council Bluffs at about 71 miles (near major urban/industrial market).","Forced Low priority by screening override for ADM, Valero, VCP, Big River, ICM Biofuels, and Crysalis facilities."
Low,54.0,12,0,10.0,20,12,3576,Bushmills Ethanol Inc,Bushmills Ethanol Inc.,Atwater,MN,Active,90.0,90.0,261000,WA min 66.28,Summit Carbon Solutions,True,limited public low-carbon tech flags,Minneapolis / St. Paul,73.1,near major urban/industrial market,"90.0 MGY implies roughly 261,000 metric tons/year of fermentation CO2. Summit Carbon Solutions CI position is unclear in available LCFS data. Technology screen: limited public low-carbon tech flags. Nearest listed market is Minneapolis / St. Paul at about 73 miles (near major urban/industrial market).",Lower priority because available data indicates pipeline/CCS/sequestration commitment or sponsor.
Low,54.0,12,0,20.0,13,9,3585,Chief Ethanol Fuels Inc,Chief Industries,Hastings,NE,Active,70.0,70.0,203000,CA/latest 79.36; corn 79.36; fiber 40.14,Tall Grass,True,fiber/D3,Omaha / Council Bluffs,132.8,reasonable regional market access,"70.0 MGY implies roughly 203,000 metric tons/year of fermentation CO2. Tall Grass CI position score 20.0/20 based on available corn/latest CI percentile. Technology screen: fiber/D3. Nearest listed market is Omaha / Council Bluffs at about 133 miles (reasonable regional market access).",Lower priority because available data indicates pipeline/CCS/sequestration commitment or sponsor.
Low,54.0,12,0,10.0,20,12,3635,Iroquois Bio-Energy Co LLC,Harvestone,Rensselaer,IN,Active,65.0,65.0,188500,,Direct Inject; Direct,True,limited public low-carbon tech flags,Chicago industrial corridor,71.5,near major urban/industrial market,"65.0 MGY implies roughly 188,500 metric tons/year of fermentation CO2. Direct Inject; Direct CI position is unclear in available LCFS data. Technology screen: limited public low-carbon tech flags. Nearest listed market is Chicago industrial corridor at about 72 miles (near major urban/industrial market).",Lower priority because available data indicates pipeline/CCS/sequestration commitment or sponsor.
Low,54.0,12,0,10.0,20,12,3554,Alto Pekin LLC Dry Mill,Alto,Pekin,IL,Active,63.0,63.0,182700,,Direct,True,limited public low-carbon tech flags,Quad Cities,79.3,near major urban/industrial market,"63.0 MGY implies roughly 182,700 metric tons/year of fermentation CO2. Direct CI position is unclear in available LCFS data. Technology screen: limited public low-carbon tech flags. Nearest listed market is Quad Cities at about 79 miles (near major urban/industrial market).",Lower priority because available data indicates pipeline/CCS/sequestration commitment or sponsor.
Low,54.0,12,0,10.0,20,12,3623,Green Plains York LLC,Green Plains,York,NE,Active,60.0,60.0,174000,,Tall Grass,True,limited public low-carbon tech flags,Omaha / Council Bluffs,93.5,near major urban/industrial market,"60.0 MGY implies roughly 174,000 metric tons/year of fermentation CO2. Tall Grass CI position is unclear in available LCFS data. Technology screen: limited public low-carbon tech flags. Nearest listed market is Omaha / Council Bluffs at about 93 miles (near major urban/industrial market).",Lower priority because available data indicates pipeline/CCS/sequestration commitment or sponsor.
Low,53.6,16,0,16.6,9,12,3672,Poet Biorefining-Fairmont,POET Biorefining,Fairmont,NE,Active,128.0,128.0,371200,CA/latest 71.05; corn 71.05; fiber 30.10,Tall Grass,True,"fiber/D3, high protein, corn oil",Omaha / Council Bluffs,97.8,near major urban/industrial market,"128.0 MGY implies roughly 371,200 metric tons/year of fermentation CO2. Tall Grass CI position score 16.6/20 based on available corn/latest CI percentile. Technology screen: fiber/D3, high protein, corn oil. Nearest listed market is Omaha / Council Bluffs at about 98 miles (near major urban/industrial market).",Lower priority because available data indicates pipeline/CCS/sequestration commitment or sponsor.
Low,53.6,16,0,19.6,9,9,3622,Green Plains Wood River LLC,Green Plains,Wood River,NE,Active,123.9,123.9,359310,CA/latest 75.50; corn 75.50; fiber 35.00,Tall Grass,True,"fiber/D3, high protein, corn oil",Omaha / Council Bluffs,142.6,reasonable regional market access,"123.9 MGY implies roughly 359,310 metric tons/year of fermentation CO2. Tall Grass CI position score 19.6/20 based on available corn/latest CI percentile. Technology screen: fiber/D3, high protein, corn oil. Nearest listed market is Omaha / Council Bluffs at about 143 miles (reasonable regional market access).",Lower priority because available data indicates pipeline/CCS/sequestration commitment or sponsor.
Low,53.3,16,0,9.3,13,15,3643,Louis Dreyfus Co,Louis Dreyfus,Grand Junction,IA,Active,121.6,121.6,352640,CA/latest 66.80; corn 66.80; fiber 24.19,SCS; Summit Carbon Solutions,True,fiber/D3,Des Moines / Ames,45.2,very near major urban/industrial market,"121.6 MGY implies roughly 352,640 metric tons/year of fermentation CO2. SCS; Summit Carbon Solutions CI position score 9.3/20 based on available corn/latest CI percentile. Technology screen: fiber/D3. Nearest listed market is Des Moines / Ames at about 45 miles (very near major urban/industrial market).",Lower priority because available data indicates pipeline/CCS/sequestration commitment or sponsor.
Low,52.3,16,0,11.3,16,9,3614,Green Plains Central City LLC,Green Plains,Central City,NE,Active,135.0,135.0,391500,CA/latest 67.50; corn 67.50; fiber 29.50,Tall Grass,True,"high protein, corn oil",Omaha / Council Bluffs,106.5,reasonable regional market access,"135.0 MGY implies roughly 391,500 metric tons/year of fermentation CO2. Tall Grass CI position score 11.3/20 based on available corn/latest CI percentile. Technology screen: high protein, corn oil. Nearest listed market is Omaha / Council Bluffs at about 106 miles (reasonable regional market access).",Lower priority because available data indicates pipeline/CCS/sequestration commitment or sponsor.
Low,51.9,12,0,5.9,19,15,3660,Plymouth Energy LLC,Plymouth Energy Llc,Merrill,IA,Active,70.0,70.0,203000,CA/latest 65.30; corn 65.30; WA min 65.29,SCS; Summit Carbon Solutions,True,corn oil,Sioux City,18.1,very near major urban/industrial market,"70.0 MGY implies roughly 203,000 metric tons/year of fermentation CO2. SCS; Summit Carbon Solutions CI position score 5.9/20 based on available corn/latest CI percentile. Technology screen: corn oil. Nearest listed market is Sioux City at about 18 miles (very near major urban/industrial market).",Lower priority because available data indicates pipeline/CCS/sequestration commitment or sponsor.
Low,51.3,16,0,6.3,20,9,3592,Dakota Ethanol LLC,Dakota Ethanol,Wentworth,SD,Active,100.0,100.0,290000,CA/latest 65.45; corn 65.45; fiber 25.62; WA min 24.61,SCS; Summit Carbon Solutions,True,limited public low-carbon tech flags,Sioux City,105.9,reasonable regional market access,"100.0 MGY implies roughly 290,000 metric tons/year of fermentation CO2. SCS; Summit Carbon Solutions CI position score 6.3/20 based on available corn/latest CI percentile. Technology screen: limited public low-carbon tech flags. Nearest listed market is Sioux City at about 106 miles (reasonable regional market access).",Lower priority because available data indicates pipeline/CCS/sequestration commitment or sponsor.
Low,51.2,20,0,18.2,1,12,3632,Homeland Energy Solutions LLC,Homeland Energy Solutions,Lawler,IA,Active,207.0,207.0,600300,CA/latest 71.57; corn 71.57; fiber 24.68,SCS; Summit Carbon Solutions,True,"fiber/D3, waste heat, corn oil, RNG/biogas",Cedar Rapids / Iowa City,80.3,near major urban/industrial market,"207.0 MGY implies roughly 600,300 metric tons/year of fermentation CO2. SCS; Summit Carbon Solutions CI position score 18.2/20 based on available corn/latest CI percentile. Technology screen: fiber/D3, waste heat, corn oil, RNG/biogas. Nearest listed market is Cedar Rapids / Iowa City at about 80 miles (near major urban/industrial market).",Lower priority because available data indicates pipeline/CCS/sequestration commitment or sponsor.
Low,51.0,16,0,10.0,16,9,3729,Valero Renewable Fuels LLC,Valero Renewables,Lakota,IA,Active,110.0,110.0,319000,,SCS; Summit Carbon Solutions,True,"waste heat, corn oil",Minneapolis / St. Paul,118.5,reasonable regional market access,"110.0 MGY implies roughly 319,000 metric tons/year of fermentation CO2. SCS; Summit Carbon Solutions CI position is unclear in available LCFS data. Technology screen: waste heat, corn oil. Nearest listed market is Minneapolis / St. Paul at about 118 miles (reasonable regional market access).","Forced Low priority by screening override for ADM, Valero, VCP, Big River, ICM Biofuels, and Crysalis facilities."
Low,51.0,12,0,16.0,8,15,3641,Lincolnway Energy LLC,Lincolnway Energy LLC,Nevada,IA,Active,90.0,90.0,261000,CA/latest 70.85; corn 70.85; fiber 23.70,SCS; Summit Carbon Solutions,True,"fiber/D3, White Fox, corn oil",Des Moines / Ames,30.8,very near major urban/industrial market,"90.0 MGY implies roughly 261,000 metric tons/year of fermentation CO2. SCS; Summit Carbon Solutions CI position score 16.0/20 based on available corn/latest CI percentile. Technology screen: fiber/D3, White Fox, corn oil. Nearest listed market is Des Moines / Ames at about 31 miles (very near major urban/industrial market).",Lower priority because available data indicates pipeline/CCS/sequestration commitment or sponsor.
Low,51.0,12,0,10.0,17,12,3591,Corn LP,Gold-Eagle Cooperative,Goldfield,IA,Active,80.0,80.0,232000,,SCS; Summit Carbon Solutions,True,high protein,Des Moines / Ames,80.6,near major urban/industrial market,"80.0 MGY implies roughly 232,000 metric tons/year of fermentation CO2. SCS; Summit Carbon Solutions CI position is unclear in available LCFS data. Technology screen: high protein. Nearest listed market is Des Moines / Ames at about 81 miles (near major urban/industrial market).",Lower priority because available data indicates pipeline/CCS/sequestration commitment or sponsor.
Low,50.7,16,0,13.7,12,9,3546,Absolute Energy,Absolute Energy,St. Ansgar,IA,Active,130.0,130.0,377000,CA/latest 69.63; corn 69.63; fiber 29.68,SCS; Summit Carbon Solutions,True,"fiber/D3, corn oil",Minneapolis / St. Paul,103.6,reasonable regional market access,"130.0 MGY implies roughly 377,000 metric tons/year of fermentation CO2. SCS; Summit Carbon Solutions CI position score 13.7/20 based on available corn/latest CI percentile. Technology screen: fiber/D3, corn oil. Nearest listed market is Minneapolis / St. Paul at about 104 miles (reasonable regional market access).",Lower priority because available data indicates pipeline/CCS/sequestration commitment or sponsor.
Low,50.0,8,0,10.0,20,12,3696,Quad County Corn Processors Coop,Quad County Corn Processors,Galva,IA,Active,38.0,38.0,110200,,SCS; Summit Carbon Solutions,True,limited public low-carbon tech flags,Sioux City,50.4,near major urban/industrial market,"38.0 MGY implies roughly 110,200 metric tons/year of fermentation CO2. SCS; Summit Carbon Solutions CI position is unclear in available LCFS data. Technology screen: limited public low-carbon tech flags. Nearest listed market is Sioux City at about 50 miles (near major urban/industrial market).",Lower priority because available data indicates pipeline/CCS/sequestration commitment or sponsor.
Low,49.0,4,12,10.0,20,3,3701,Reeve Agri Energy Inc,Reeve Agri-Energy,Garden City,KS,Active,20.0,20.0,58000,,Possible future pipeline optionality,False,limited public low-carbon tech flags,Denver,255.5,distant but possible market access,"20.0 MGY implies roughly 58,000 metric tons/year of fermentation CO2. Possible future pipeline optionality CI position is unclear in available LCFS data. Technology screen: limited public low-carbon tech flags. Nearest listed market is Denver at about 256 miles (distant but possible market access).","Medium priority because the plant has possible future pipeline optionality, even if a non-pipeline strategy may still be useful."
Low,49.0,4,12,10.0,20,3,SD-07,Red River Energy,Red River Energy,Grand Forks,ND,Active,0.0,0.0,0,,Possible future pipeline optionality,False,limited public low-carbon tech flags,Minneapolis / St. Paul,273.9,distant but possible market access,0.0 MGY implies roughly 0 metric tons/year of fermentation CO2. Possible future pipeline optionality CI position is unclear in available LCFS data. Technology screen: limited public low-carbon tech flags. Nearest listed market is Minneapolis / St. Paul at about 274 miles (distant but possible market access).,"Medium priority because the plant has possible future pipeline optionality, even if a non-pipeline strategy may still be useful."
Low,47.7,4,12,5.7,20,6,3650,Midwest Renewable Energy LLC,Midwest Renewable Energy,Sutherland,NE,Active,28.0,28.0,81200,CA/latest 65.20; corn 65.20,Possible future pipeline optionality,False,limited public low-carbon tech flags,Denver,227.3,moderate market access,"28.0 MGY implies roughly 81,200 metric tons/year of fermentation CO2. Possible future pipeline optionality CI position score 5.7/20 based on available corn/latest CI percentile. Technology screen: limited public low-carbon tech flags. Nearest listed market is Denver at about 227 miles (moderate market access).","Medium priority because the plant has possible future pipeline optionality, even if a non-pipeline strategy may still be useful."
Low,46.8,8,0,19.8,13,6,3586,Chief Ethanol Fuels Inc,Chief Industries,Lexington,NE,Active,52.0,52.0,150800,CA/latest 75.81; corn 75.81; fiber 36.17,Tall Grass,True,fiber/D3,Omaha / Council Bluffs,203.0,moderate market access,"52.0 MGY implies roughly 150,800 metric tons/year of fermentation CO2. Tall Grass CI position score 19.8/20 based on available corn/latest CI percentile. Technology screen: fiber/D3. Nearest listed market is Omaha / Council Bluffs at about 203 miles (moderate market access).",Lower priority because available data indicates pipeline/CCS/sequestration commitment or sponsor.
Low,46.1,20,0,5.1,6,15,3642,Little Sioux Corn Processors LLLP,Little Sioux Corn Processors,Marcus,IA,Active,165.0,165.0,478500,CA/latest 65.00; corn 65.00; fiber 26.00,SCS; Summit Carbon Solutions,True,"fiber/D3, waste heat, high protein, corn oil",Sioux City,39.7,very near major urban/industrial market,"165.0 MGY implies roughly 478,500 metric tons/year of fermentation CO2. SCS; Summit Carbon Solutions CI position score 5.1/20 based on available corn/latest CI percentile. Technology screen: fiber/D3, waste heat, high protein, corn oil. Nearest listed market is Sioux City at about 40 miles (very near major urban/industrial market).",Lower priority because available data indicates pipeline/CCS/sequestration commitment or sponsor.
Low,46.0,8,0,10.0,16,12,3602,Front Range Energy LLC,Front Range Energy LLC,Windsor,CO,Active,46.0,46.0,133400,,Carbon Storage Solutions; Direct,True,White Fox,Denver,50.1,near major urban/industrial market,"46.0 MGY implies roughly 133,400 metric tons/year of fermentation CO2. Carbon Storage Solutions; Direct CI position is unclear in available LCFS data. Technology screen: White Fox. Nearest listed market is Denver at about 50 miles (near major urban/industrial market).",Lower priority because available data indicates pipeline/CCS/sequestration commitment or sponsor.
Low,45.7,12,0,11.7,13,9,3611,Granite Falls Energy LLC,Granite Falls Energy,Granite Falls,MN,Active,63.0,63.0,182700,CA/latest 67.63; corn 67.63; fiber 23.22,Summit Carbon Solutions,True,fiber/D3,Minneapolis / St. Paul,109.5,reasonable regional market access,"63.0 MGY implies roughly 182,700 metric tons/year of fermentation CO2. Summit Carbon Solutions CI position score 11.7/20 based on available corn/latest CI percentile. Technology screen: fiber/D3. Nearest listed market is Minneapolis / St. Paul at about 109 miles (reasonable regional market access).",Lower priority because available data indicates pipeline/CCS/sequestration commitment or sponsor.
Low,45.0,20,0,10.0,9,6,3711,Tharaldson Ethanol,Tharaldson Ethanol,Casselton,ND,Active,165.0,165.0,478500,WA min 29.43,SCS; Summit Carbon Solutions,True,"fiber/D3, high protein, corn oil",Minneapolis / St. Paul,233.7,moderate market access,"165.0 MGY implies roughly 478,500 metric tons/year of fermentation CO2. SCS; Summit Carbon Solutions CI position is unclear in available LCFS data. Technology screen: fiber/D3, high protein, corn oil. Nearest listed market is Minneapolis / St. Paul at about 234 miles (moderate market access).",Lower priority because available data indicates pipeline/CCS/sequestration commitment or sponsor.
Low,44.9,16,0,7.9,6,15,3706,Siouxland Ethnaol LLC,Siouxland Ethanol,Jackson,NE,Active,100.0,100.0,290000,CA/latest 66.50; corn 66.50; fiber 25.00; WA min 24.18,SCS; Summit Carbon Solutions,True,"fiber/D3, CHP, waste heat",Sioux City,10.0,very near major urban/industrial market,"100.0 MGY implies roughly 290,000 metric tons/year of fermentation CO2. SCS; Summit Carbon Solutions CI position score 7.9/20 based on available corn/latest CI percentile. Technology screen: fiber/D3, CHP, waste heat. Nearest listed market is Sioux City at about 10 miles (very near major urban/industrial market).",Lower priority because available data indicates pipeline/CCS/sequestration commitment or sponsor.
Low,44.6,16,0,2.6,20,6,3702,Ringneck Energy & Feed LLC,Ringneck Energy,Onida,SD,Active,100.0,100.0,290000,CA/latest 64.17; corn 64.17; fiber 26.13; WA min 25.94,SCS; Summit Carbon Solutions,True,limited public low-carbon tech flags,Sioux City,237.7,moderate market access,"100.0 MGY implies roughly 290,000 metric tons/year of fermentation CO2. SCS; Summit Carbon Solutions CI position score 2.6/20 based on available corn/latest CI percentile. Technology screen: limited public low-carbon tech flags. Nearest listed market is Sioux City at about 238 miles (moderate market access).",Lower priority because available data indicates pipeline/CCS/sequestration commitment or sponsor.
Low,44.1,8,0,10.1,20,6,3695,Purefield Ingredients LLC,Purefield,Russell,KS,Active,55.0,55.0,159500,CA/latest 67.05; corn 67.05,Direct Inject; Direct,True,limited public low-carbon tech flags,Omaha / Council Bluffs,223.8,moderate market access,"55.0 MGY implies roughly 159,500 metric tons/year of fermentation CO2. Direct Inject; Direct CI position score 10.1/20 based on available corn/latest CI percentile. Technology screen: limited public low-carbon tech flags. Nearest listed market is Omaha / Council Bluffs at about 224 miles (moderate market access).",Lower priority because available data indicates pipeline/CCS/sequestration commitment or sponsor.
Low,44.0,16,0,10.0,9,9,3608,Golden Grain Energy LLC,Golden Grain Energy,Mason City,IA,Active,140.0,140.0,406000,,SCS; Summit Carbon Solutions,True,"White Fox, waste heat, high protein, corn oil",Des Moines / Ames,107.3,reasonable regional market access,"140.0 MGY implies roughly 406,000 metric tons/year of fermentation CO2. SCS; Summit Carbon Solutions CI position is unclear in available LCFS data. Technology screen: White Fox, waste heat, high protein, corn oil. Nearest listed market is Des Moines / Ames at about 107 miles (reasonable regional market access).",Lower priority because available data indicates pipeline/CCS/sequestration commitment or sponsor.
Low,44.0,12,12,1.0,13,6,3636,Kappa Ethanol LLC,"KAAPA Ethanol & Grain, LLC.",Minden,NE,Active,87.0,87.0,252300,CA/latest 61.25; corn 61.25; fiber 23.00; WA min 23.04,Possible future pipeline optionality,False,fiber/D3,Omaha / Council Bluffs,172.5,moderate market access,"87.0 MGY implies roughly 252,300 metric tons/year of fermentation CO2. Possible future pipeline optionality CI position score 1.0/20 based on available corn/latest CI percentile. Technology screen: fiber/D3. Nearest listed market is Omaha / Council Bluffs at about 172 miles (moderate market access).","Medium priority because the plant has possible future pipeline optionality, even if a non-pipeline strategy may still be useful."
Low,44.0,12,0,10.0,19,3,3593,Dakota Spirit Agenergy,Harvestone,Spiritwood,ND,Active,80.0,80.0,232000,,Direct Inject; Direct,True,corn oil,Minneapolis / St. Paul,285.3,distant but possible market access,"80.0 MGY implies roughly 232,000 metric tons/year of fermentation CO2. Direct Inject; Direct CI position is unclear in available LCFS data. Technology screen: corn oil. Nearest listed market is Minneapolis / St. Paul at about 285 miles (distant but possible market access).",Lower priority because available data indicates pipeline/CCS/sequestration commitment or sponsor.
Low,43.6,16,12,3.6,9,3,3564,Arkalon Ethanol LLC,Conestoga Energy,Liberal,KS,Active,121.0,121.0,350900,CA/latest 64.50; corn 64.50; fiber 24.39; WA min 24.51,Possible future pipeline optionality,False,"fiber/D3, CHP",Denver,281.0,distant but possible market access,"121.0 MGY implies roughly 350,900 metric tons/year of fermentation CO2. Possible future pipeline optionality CI position score 3.6/20 based on available corn/latest CI percentile. Technology screen: fiber/D3, CHP. Nearest listed market is Denver at about 281 miles (distant but possible market access).","Medium priority because the plant has possible future pipeline optionality, even if a non-pipeline strategy may still be useful."
Low,43.1,12,0,9.1,13,9,3630,Heron Lake Bioenergy LLC,Granite Falls Energy,Heron Lake,MN,Active,70.0,70.0,203000,CA/latest 66.79; corn 66.79; fiber 24.83,Summit Carbon Solutions,True,fiber/D3,Sioux City,109.5,reasonable regional market access,"70.0 MGY implies roughly 203,000 metric tons/year of fermentation CO2. Summit Carbon Solutions CI position score 9.1/20 based on available corn/latest CI percentile. Technology screen: fiber/D3. Nearest listed market is Sioux City at about 110 miles (reasonable regional market access).",Lower priority because available data indicates pipeline/CCS/sequestration commitment or sponsor.
Low,42.0,12,0,10.0,20,0,3699,Red Trail Energy LLC,GEVO,Richardton,ND,Active,70.0,70.0,203000,WA min 68.00,Direct Inject; Direct,True,limited public low-carbon tech flags,Sioux City,418.6,remote from listed major markets,"70.0 MGY implies roughly 203,000 metric tons/year of fermentation CO2. Direct Inject; Direct CI position is unclear in available LCFS data. Technology screen: limited public low-carbon tech flags. Nearest listed market is Sioux City at about 419 miles (remote from listed major markets).",Lower priority because available data indicates pipeline/CCS/sequestration commitment or sponsor.
Low,41.0,16,0,3.0,13,9,3638,Kappa Partners Aurora LLC,"KAAPA Ethanol & Grain, LLC.",Aurora,NE,Active,109.5,109.5,317550,CA/latest 64.36; corn 64.36; fiber 27.39,Tall Grass,True,fiber/D3,Omaha / Council Bluffs,112.7,reasonable regional market access,"109.5 MGY implies roughly 317,550 metric tons/year of fermentation CO2. Tall Grass CI position score 3.0/20 based on available corn/latest CI percentile. Technology screen: fiber/D3. Nearest listed market is Omaha / Council Bluffs at about 113 miles (reasonable regional market access).",Lower priority because available data indicates pipeline/CCS/sequestration commitment or sponsor.
Low,40.4,12,0,3.4,16,9,3739,Yuma Ethanol LLC,Yuma Ethanol,Yuma,CO,Active,60.0,60.0,174000,CA/latest 64.45; corn 64.45; WA min 64.00,Carbon America,True,CHP,Denver,122.9,reasonable regional market access,"60.0 MGY implies roughly 174,000 metric tons/year of fermentation CO2. Carbon America CI position score 3.4/20 based on available corn/latest CI percentile. Technology screen: CHP. Nearest listed market is Denver at about 123 miles (reasonable regional market access).",Lower priority because available data indicates pipeline/CCS/sequestration commitment or sponsor.
Low,39.6,8,12,4.6,9,6,3736,Western Plains Energy LLC,Western Plains Energy,Oakley,KS,Active,52.0,52.0,150800,CA/latest 64.89; corn 64.89; fiber 24.36,Possible future pipeline optionality,False,"fiber/D3, White Fox",Denver,230.8,moderate market access,"52.0 MGY implies roughly 150,800 metric tons/year of fermentation CO2. Possible future pipeline optionality CI position score 4.6/20 based on available corn/latest CI percentile. Technology screen: fiber/D3, White Fox. Nearest listed market is Denver at about 231 miles (moderate market access).","Medium priority because the plant has possible future pipeline optionality, even if a non-pipeline strategy may still be useful."
Low,39.4,12,12,0.4,9,6,3639,Kansas Ethanol LLC,Kansas Ethanol,Lyons,KS,Active,80.0,80.0,232000,CA/latest 60.29; corn 60.29; fiber 21.93,Possible future pipeline optionality,False,"fiber/D3, White Fox",Kansas City,202.9,moderate market access,"80.0 MGY implies roughly 232,000 metric tons/year of fermentation CO2. Possible future pipeline optionality CI position score 0.4/20 based on available corn/latest CI percentile. Technology screen: fiber/D3, White Fox. Nearest listed market is Kansas City at about 203 miles (moderate market access).","Medium priority because the plant has possible future pipeline optionality, even if a non-pipeline strategy may still be useful."
Low,38.0,12,0,10.0,16,0,3573,Blue Flint Ethanol LLC,Harvestone,Underwood,ND,Active,75.7,75.7,219530,,Direct Inject; Direct,True,CHP,Sioux City,409.3,remote from listed major markets,"75.7 MGY implies roughly 219,530 metric tons/year of fermentation CO2. Direct Inject; Direct CI position is unclear in available LCFS data. Technology screen: CHP. Nearest listed market is Sioux City at about 409 miles (remote from listed major markets).",Lower priority because available data indicates pipeline/CCS/sequestration commitment or sponsor.
Low,36.7,8,0,9.7,13,6,3648,Mid America Agri Products LLC,Standard Ethanol,Madrid,NE,Active,50.0,50.0,145000,CA/latest 66.96; corn 66.96; fiber 27.99,Tall Grass,True,fiber/D3,Denver,197.4,moderate market access,"50.0 MGY implies roughly 145,000 metric tons/year of fermentation CO2. Tall Grass CI position score 9.7/20 based on available corn/latest CI percentile. Technology screen: fiber/D3. Nearest listed market is Denver at about 197 miles (moderate market access).",Lower priority because available data indicates pipeline/CCS/sequestration commitment or sponsor.
Low,36.6,16,0,0.6,5,15,3708,Sothwest Iowa Renewable,SIRE,Council Bluffs,IA,Active,147.0,147.0,426300,CA/latest 61.03; corn 61.03; fiber 23.33,Tall Grass,True,"fiber/D3, White Fox, waste heat, corn oil",Omaha / Council Bluffs,8.4,very near major urban/industrial market,"147.0 MGY implies roughly 426,300 metric tons/year of fermentation CO2. Tall Grass CI position score 0.6/20 based on available corn/latest CI percentile. Technology screen: fiber/D3, White Fox, waste heat, corn oil. Nearest listed market is Omaha / Council Bluffs at about 8 miles (very near major urban/industrial market).",Lower priority because available data indicates pipeline/CCS/sequestration commitment or sponsor.
Low,36.3,12,0,12.3,6,6,3700,Redfield Energy LLC,Redfield Energy,Redfield,SD,Active,65.0,65.0,188500,CA/latest 68.05; corn 68.05; fiber 29.06; WA min 28.70,SCS; Summit Carbon Solutions,True,"fiber/D3, White Fox, high protein",Sioux City,197.0,moderate market access,"65.0 MGY implies roughly 188,500 metric tons/year of fermentation CO2. SCS; Summit Carbon Solutions CI position score 12.3/20 based on available corn/latest CI percentile. Technology screen: fiber/D3, White Fox, high protein. Nearest listed market is Sioux City at about 197 miles (moderate market access).",Lower priority because available data indicates pipeline/CCS/sequestration commitment or sponsor.
Low,35.5,12,0,5.5,9,9,3709,Sterling Ethanol LLC,Sterling Ethanol,Sterling,CO,Active,60.0,60.0,174000,CA/latest 65.13; corn 65.13; fiber 24.18; WA min 66.00,Carbon America,True,"fiber/D3, CHP",Denver,112.3,reasonable regional market access,"60.0 MGY implies roughly 174,000 metric tons/year of fermentation CO2. Carbon America CI position score 5.5/20 based on available corn/latest CI percentile. Technology screen: fiber/D3, CHP. Nearest listed market is Denver at about 112 miles (reasonable regional market access).",Lower priority because available data indicates pipeline/CCS/sequestration commitment or sponsor.
Low,31.0,12,0,4.0,9,6,3575,Bridgeport Ethanol LLC,Bridgeport Ethanol,Bridgeport,NE,Active,60.0,60.0,174000,CA/latest 64.79; corn 64.79; fiber 24.96; WA min 63.00,Carbon America,True,"fiber/D3, CHP",Denver,165.3,moderate market access,"60.0 MGY implies roughly 174,000 metric tons/year of fermentation CO2. Carbon America CI position score 4.0/20 based on available corn/latest CI percentile. Technology screen: fiber/D3, CHP. Nearest listed market is Denver at about 165 miles (moderate market access).",Lower priority because available data indicates pipeline/CCS/sequestration commitment or sponsor.
Low,27.4,12,0,3.4,9,3,3574,Bonanza Bioenergy LLC,Conestoga Energy,Garden City,KS,Active,73.5,73.5,213150,CA/latest 64.45; corn 64.45; fiber 24.44; WA min 24.95,Direct Inject; Direct,True,"fiber/D3, CHP",Denver,255.0,distant but possible market access,"73.5 MGY implies roughly 213,150 metric tons/year of fermentation CO2. Direct Inject; Direct CI position score 3.4/20 based on available corn/latest CI percentile. Technology screen: fiber/D3, CHP. Nearest listed market is Denver at about 255 miles (distant but possible market access).",Lower priority because available data indicates pipeline/CCS/sequestration commitment or sponsor.
Low,24.2,8,0,1.2,9,6,3694,Pratt Energy LLC,Pratt Energy (Scoular / Pratt JV),Pratt,KS,Active,55.0,55.0,159500,CA/latest 62.00; corn 62.00; fiber 23.25,Direct Inject; Direct,True,"fiber/D3, CHP",Kansas City,243.8,moderate market access,"55.0 MGY implies roughly 159,500 metric tons/year of fermentation CO2. Direct Inject; Direct CI position score 1.2/20 based on available corn/latest CI percentile. Technology screen: fiber/D3, CHP. Nearest listed market is Kansas City at about 244 miles (moderate market access).",Lower priority because available data indicates pipeline/CCS/sequestration commitment or sponsor.
