{
  "type": "FeatureCollection",
  "features": [
    {
      "type": "Feature",
      "geometry": {
        "type": "LineString",
        "coordinates": [
          [
            -95.0282973,
            41.4148845
          ],
          [
            -95.0289767,
            41.4152231
          ],
          [
            -95.0294943,
            41.4154975
          ],
          [
            -95.0297631,
            41.4157002
          ],
          [
            -95.0300358,
            41.4159142
          ],
          [
            -95.0302517,
            41.416153
          ],
          [
            -95.0304534,
            41.4164317
          ],
          [
            -95.0306091,
            41.4166971
          ],
          [
            -95.0307153,
            41.416944
          ],
          [
            -95.0308463,
            41.4173076
          ],
          [
            -95.0308887,
            41.417634
          ],
          [
            -95.0308923,
            41.4177338
          ],
          [
            -95.0308856,
            41.4181254
          ],
          [
            -95.0308842,
            41.4182045
          ],
          [
            -95.0308333,
            41.4184881
          ],
          [
            -95.0307474,
            41.4187717
          ],
          [
            -95.0306375,
            41.4190653
          ],
          [
            -95.0304926,
            41.4193308
          ],
          [
            -95.0302834,
            41.4196547
          ],
          [
            -95.0301439,
            41.4198256
          ],
          [
            -95.0299964,
            41.4199785
          ],
          [
            -95.029198,
            41.420723
          ],
          [
            -95.0234101,
            41.4259295
          ],
          [
            -95.0225411,
            41.4267178
          ],
          [
            -95.0197126,
            41.4292901
          ],
          [
            -95.0186145,
            41.4302972
          ],
          [
            -95.0178875,
            41.4309445
          ],
          [
            -95.0173254,
            41.4313994
          ],
          [
            -95.0168311,
            41.4317593
          ],
          [
            -95.0159786,
            41.4323507
          ],
          [
            -95.0154575,
            41.4326618
          ],
          [
            -95.014543,
            41.43316
          ],
          [
            -95.0129924,
            41.4339334
          ],
          [
            -95.0112973,
            41.4346895
          ],
          [
            -95.0089909,
            41.4356932
          ],
          [
            -95.0086764,
            41.4358301
          ],
          [
            -95.0035364,
            41.4381365
          ],
          [
            -95.0032811,
            41.4382587
          ],
          [
            -94.9993274,
            41.4400174
          ],
          [
            -94.9938083,
            41.4424698
          ],
          [
            -94.9891084,
            41.4445602
          ]
        ]
      },
      "properties": {
        "osm_id": 15847351,
        "railroad": "IAIS",
        "operator": "Iowa Interstate Railroad",
        "owner": null,
        "name": null,
        "ref": null,
        "usage": null,
        "service": "spur",
        "railway": "rail",
        "source": "OpenStreetMap / Overpass"
      }
    },
    {
      "type": "Feature",
      "geometry": {
        "type": "LineString",
        "coordinates": [
          [
            -92.0758731,
            41.7913824
          ],
          [
            -92.0755826,
            41.7914835
          ],
          [
            -92.0751802,
            41.7916135
          ],
          [
            -92.0747672,
            41.7917575
          ],
          [
            -92.0743712,
            41.7918834
          ],
          [
            -92.0739276,
            41.7920195
          ],
          [
            -92.0736353,
            41.7920974
          ],
          [
            -92.0733054,
            41.7921774
          ],
          [
            -92.0729379,
            41.7922574
          ],
          [
            -92.0726268,
            41.7923214
          ],
          [
            -92.0723226,
            41.7923701
          ],
          [
            -92.0718677,
            41.7924315
          ],
          [
            -92.0714691,
            41.7924741
          ],
          [
            -92.0710141,
            41.7925089
          ],
          [
            -92.0703519,
            41.7925383
          ],
          [
            -92.0687319,
            41.7926077
          ],
          [
            -92.0674409,
            41.7926657
          ],
          [
            -92.0669214,
            41.7926844
          ],
          [
            -92.0658315,
            41.7926888
          ],
          [
            -92.0648024,
            41.7926768
          ],
          [
            -92.0611192,
            41.7926396
          ],
          [
            -92.0584311,
            41.7926095
          ],
          [
            -92.0552867,
            41.7925737
          ]
        ]
      },
      "properties": {
        "osm_id": 15925251,
        "railroad": "IAIS",
        "operator": null,
        "owner": null,
        "name": "Iowa Interstate Railroad",
        "ref": null,
        "usage": null,
        "service": "siding",
        "railway": "rail",
        "source": "OpenStreetMap / Overpass"
      }
    },
    {
      "type": "Feature",
      "geometry": {
        "type": "LineString",
        "coordinates": [
          [
            -95.8245319,
            41.2334639
          ],
          [
            -95.824669,
            41.233134
          ],
          [
            -95.824862,
            41.232693
          ],
          [
            -95.824926,
            41.232546
          ],
          [
            -95.824967,
            41.232453
          ],
          [
            -95.825098,
            41.232207
          ],
          [
            -95.825203,
            41.23204
          ],
          [
            -95.82538,
            41.231796
          ],
          [
            -95.825548,
            41.231597
          ],
          [
            -95.825592,
            41.231545
          ],
          [
            -95.825736,
            41.231395
          ],
          [
            -95.825881,
            41.23126
          ],
          [
            -95.825923,
            41.23122
          ],
          [
            -95.826035,
            41.231123
          ],
          [
            -95.826152,
            41.231029
          ],
          [
            -95.826423,
            41.230833
          ],
          [
            -95.826557,
            41.230745
          ],
          [
            -95.826837,
            41.230579
          ],
          [
            -95.827131,
            41.230428
          ],
          [
            -95.827283,
            41.230357
          ],
          [
            -95.827597,
            41.230227
          ],
          [
            -95.827914,
            41.230116
          ],
          [
            -95.82797,
            41.2301
          ],
          [
            -95.82824,
            41.230021
          ],
          [
            -95.828573,
            41.229943
          ],
          [
            -95.828834,
            41.229894
          ],
          [
            -95.829185,
            41.229846
          ],
          [
            -95.829362,
            41.229828
          ],
          [
            -95.829717,
            41.229806
          ],
          [
            -95.830074,
            41.229802
          ],
          [
            -95.830362,
            41.229811
          ],
          [
            -95.830709,
            41.229839
          ],
          [
            -95.831053,
            41.229885
          ],
          [
            -95.831196,
            41.22991
          ]
        ]
      },
      "properties": {
        "osm_id": 15993857,
        "railroad": "IAIS",
        "operator": "Iowa Interstate Railroad",
        "owner": null,
        "name": "Iowa Interstate Railroad",
        "ref": null,
        "usage": "branch",
        "service": null,
        "railway": "rail",
        "source": "OpenStreetMap / Overpass"
      }
    },
    {
      "type": "Feature",
      "geometry": {
        "type": "LineString",
        "coordinates": [
          [
            -95.3719474,
            41.3825211
          ],
          [
            -95.37142,
            41.382614
          ],
          [
            -95.371164,
            41.382666
          ],
          [
            -95.370906,
            41.382726
          ],
          [
            -95.370673,
            41.382787
          ],
          [
            -95.370586,
            41.382814
          ],
          [
            -95.370406,
            41.382871
          ],
          [
            -95.370166,
            41.382956
          ],
          [
            -95.369945,
            41.383048
          ],
          [
            -95.36971,
            41.383158
          ],
          [
            -95.369495,
            41.383268
          ],
          [
            -95.369273,
            41.3834
          ],
          [
            -95.369019,
            41.383564
          ],
          [
            -95.368845,
            41.383686
          ],
          [
            -95.368693,
            41.383812
          ],
          [
            -95.368534,
            41.383952
          ],
          [
            -95.368353,
            41.384127
          ],
          [
            -95.368183,
            41.38431
          ],
          [
            -95.368055,
            41.38447
          ],
          [
            -95.367874,
            41.384735
          ],
          [
            -95.367267,
            41.3856418
          ],
          [
            -95.3669266,
            41.3860948
          ],
          [
            -95.3665681,
            41.3865459
          ],
          [
            -95.3662083,
            41.3871317
          ],
          [
            -95.3659317,
            41.3875847
          ]
        ]
      },
      "properties": {
        "osm_id": 15994301,
        "railroad": "IAIS",
        "operator": "Iowa Interstate Railroad",
        "owner": null,
        "name": null,
        "ref": null,
        "usage": null,
        "service": "spur",
        "railway": "rail",
        "source": "OpenStreetMap / Overpass"
      }
    },
    {
      "type": "Feature",
      "geometry": {
        "type": "LineString",
        "coordinates": [
          [
            -95.3050409,
            41.397251
          ],
          [
            -95.3043154,
            41.3975003
          ],
          [
            -95.3034893,
            41.3977321
          ],
          [
            -95.302157,
            41.398092
          ],
          [
            -95.301824,
            41.398176
          ],
          [
            -95.301181,
            41.398347
          ],
          [
            -95.3001731,
            41.3986371
          ],
          [
            -95.2995286,
            41.3988272
          ],
          [
            -95.2987124,
            41.3990488
          ],
          [
            -95.2976887,
            41.3993203
          ],
          [
            -95.2968283,
            41.3995466
          ],
          [
            -95.2963,
            41.399666
          ],
          [
            -95.295783,
            41.399808
          ],
          [
            -95.295498,
            41.39989
          ],
          [
            -95.294017,
            41.400296
          ],
          [
            -95.293261,
            41.400493
          ],
          [
            -95.290566,
            41.401225
          ],
          [
            -95.289678,
            41.4014228
          ]
        ]
      },
      "properties": {
        "osm_id": 15994566,
        "railroad": "IAIS",
        "operator": "Iowa Interstate Railroad",
        "owner": null,
        "name": "Iowa Interstate Railroad",
        "ref": null,
        "usage": "branch",
        "service": "siding",
        "railway": "rail",
        "source": "OpenStreetMap / Overpass"
      }
    },
    {
      "type": "Feature",
      "geometry": {
        "type": "LineString",
        "coordinates": [
          [
            -95.3321644,
            41.3903925
          ],
          [
            -95.3317665,
            41.3905014
          ],
          [
            -95.331303,
            41.3906125
          ],
          [
            -95.3308527,
            41.390715
          ],
          [
            -95.3293783,
            41.3910003
          ],
          [
            -95.3279884,
            41.391274
          ]
        ]
      },
      "properties": {
        "osm_id": 15994774,
        "railroad": "IAIS",
        "operator": "Iowa Interstate Railroad",
        "owner": null,
        "name": null,
        "ref": null,
        "usage": null,
        "service": "siding",
        "railway": "rail",
        "source": "OpenStreetMap / Overpass"
      }
    },
    {
      "type": "Feature",
      "geometry": {
        "type": "LineString",
        "coordinates": [
          [
            -93.7863786,
            41.662674
          ],
          [
            -93.7826461,
            41.6584879
          ],
          [
            -93.7822727,
            41.6580719
          ],
          [
            -93.7808348,
            41.6564699
          ],
          [
            -93.7798551,
            41.6553733
          ],
          [
            -93.7766466,
            41.6517817
          ],
          [
            -93.7758454,
            41.6508687
          ],
          [
            -93.775105,
            41.650048
          ],
          [
            -93.77389,
            41.6486874
          ],
          [
            -93.7733282,
            41.648063
          ],
          [
            -93.7726195,
            41.647271
          ],
          [
            -93.7697395,
            41.6440436
          ],
          [
            -93.7696918,
            41.6439902
          ],
          [
            -93.7696301,
            41.6439217
          ],
          [
            -93.7695741,
            41.6438594
          ],
          [
            -93.7687147,
            41.6429032
          ],
          [
            -93.767719,
            41.6417866
          ],
          [
            -93.7671702,
            41.6411711
          ],
          [
            -93.7664291,
            41.64034
          ],
          [
            -93.7653041,
            41.6390784
          ],
          [
            -93.7643577,
            41.638022
          ],
          [
            -93.7633567,
            41.6369038
          ],
          [
            -93.763179,
            41.636713
          ],
          [
            -93.7631063,
            41.6366313
          ],
          [
            -93.7623684,
            41.6358021
          ],
          [
            -93.761184,
            41.634471
          ],
          [
            -93.7607567,
            41.6339918
          ],
          [
            -93.7605585,
            41.6337748
          ],
          [
            -93.7604155,
            41.6336123
          ],
          [
            -93.7601244,
            41.6332815
          ],
          [
            -93.7597911,
            41.6329088
          ],
          [
            -93.7595768,
            41.6326766
          ],
          [
            -93.7584449,
            41.6313989
          ],
          [
            -93.7580431,
            41.6309482
          ],
          [
            -93.7577041,
            41.630568
          ],
          [
            -93.7568041,
            41.6295586
          ],
          [
            -93.756709,
            41.6294453
          ],
          [
            -93.7565504,
            41.6292668
          ],
          [
            -93.7564452,
            41.6291526
          ],
          [
            -93.756277,
            41.62897
          ],
          [
            -93.75622,
            41.628908
          ],
          [
            -93.7560703,
            41.6287446
          ],
          [
            -93.7559615,
            41.6286259
          ],
          [
            -93.7558128,
            41.6284789
          ],
          [
            -93.7557714,
            41.6284408
          ],
          [
            -93.7557398,
            41.6284117
          ],
          [
            -93.7556032,
            41.6282857
          ],
          [
            -93.755299,
            41.628026
          ],
          [
            -93.7550206,
            41.6278041
          ],
          [
            -93.7546754,
            41.6275334
          ],
          [
            -93.7546663,
            41.6275262
          ],
          [
            -93.754031,
            41.6270275
          ],
          [
            -93.7535622,
            41.6266638
          ],
          [
            -93.7532755,
            41.6264357
          ],
          [
            -93.7530834,
            41.6262829
          ],
          [
            -93.7530012,
            41.6262157
          ],
          [
            -93.7529733,
            41.6261928
          ],
          [
            -93.7528956,
            41.6261292
          ],
          [
            -93.752702,
            41.6259541
          ],
          [
            -93.7526021,
            41.6258569
          ],
          [
            -93.752518,
            41.6257631
          ],
          [
            -93.7524284,
            41.6256601
          ],
          [
            -93.752342,
            41.6255561
          ],
          [
            -93.7522574,
            41.6254459
          ],
          [
            -93.752183,
            41.6253398
          ],
          [
            -93.7520396,
            41.625112
          ],
          [
            -93.7519099,
            41.6248756
          ],
          [
            -93.7518129,
            41.6246471
          ],
          [
            -93.7517378,
            41.6244158
          ],
          [
            -93.7516771,
            41.6241719
          ],
          [
            -93.7516503,
            41.6240075
          ],
          [
            -93.7516354,
            41.6238644
          ],
          [
            -93.7516245,
            41.6236219
          ],
          [
            -93.7516262,
            41.6235682
          ],
          [
            -93.7516324,
            41.623374
          ],
          [
            -93.7516455,
            41.623243
          ],
          [
            -93.7516622,
            41.6231163
          ],
          [
            -93.7517465,
            41.6225202
          ],
          [
            -93.751776,
            41.622285
          ],
          [
            -93.751778,
            41.622267
          ],
          [
            -93.751783,
            41.622012
          ],
          [
            -93.7517812,
            41.6218862
          ],
          [
            -93.7517726,
            41.6217522
          ],
          [
            -93.751745,
            41.621527
          ],
          [
            -93.751692,
            41.6212934
          ],
          [
            -93.7516584,
            41.6211643
          ],
          [
            -93.7516218,
            41.6210518
          ],
          [
            -93.7515758,
            41.620928
          ],
          [
            -93.7515272,
            41.6208175
          ],
          [
            -93.7514653,
            41.6206872
          ],
          [
            -93.7514074,
            41.6205755
          ],
          [
            -93.7513467,
            41.6204653
          ],
          [
            -93.7512829,
            41.6203686
          ],
          [
            -93.7511122,
            41.620137
          ],
          [
            -93.751008,
            41.6200061
          ],
          [
            -93.7509327,
            41.6199116
          ],
          [
            -93.7508642,
            41.6198313
          ],
          [
            -93.7500365,
            41.6188935
          ],
          [
            -93.7492034,
            41.6179623
          ],
          [
            -93.7490761,
            41.6178211
          ],
          [
            -93.7487797,
            41.6174923
          ],
          [
            -93.7483503,
            41.617011
          ],
          [
            -93.7469461,
            41.6154475
          ],
          [
            -93.74673,
            41.615207
          ],
          [
            -93.7466616,
            41.6151338
          ]
        ]
      },
      "properties": {
        "osm_id": 15997817,
        "railroad": "IAIS",
        "operator": "Iowa Interstate Railroad",
        "owner": null,
        "name": null,
        "ref": null,
        "usage": null,
        "service": null,
        "railway": "rail",
        "source": "OpenStreetMap / Overpass"
      }
    },
    {
      "type": "Feature",
      "geometry": {
        "type": "LineString",
        "coordinates": [
          [
            -95.6653347,
            41.3456619
          ],
          [
            -95.666083,
            41.345055
          ],
          [
            -95.667146,
            41.344192
          ],
          [
            -95.668373,
            41.343181
          ],
          [
            -95.673418,
            41.339059
          ],
          [
            -95.675908,
            41.337033
          ],
          [
            -95.679217,
            41.334328
          ],
          [
            -95.679567,
            41.334045
          ],
          [
            -95.681106,
            41.332791
          ],
          [
            -95.681654,
            41.332343
          ],
          [
            -95.682436,
            41.331693
          ],
          [
            -95.682627,
            41.331526
          ],
          [
            -95.683055,
            41.331134
          ],
          [
            -95.683503,
            41.330693
          ],
          [
            -95.683751,
            41.330436
          ],
          [
            -95.684157,
            41.329991
          ],
          [
            -95.684396,
            41.329711
          ],
          [
            -95.686892,
            41.326762
          ],
          [
            -95.687685,
            41.325825
          ],
          [
            -95.689227,
            41.323993
          ],
          [
            -95.6936434,
            41.318783
          ],
          [
            -95.694334,
            41.317946
          ],
          [
            -95.696799,
            41.315026
          ],
          [
            -95.69804,
            41.313588
          ],
          [
            -95.698283,
            41.313328
          ],
          [
            -95.698541,
            41.313076
          ],
          [
            -95.698814,
            41.312833
          ],
          [
            -95.699024,
            41.312661
          ],
          [
            -95.6991,
            41.312598
          ],
          [
            -95.699399,
            41.312374
          ],
          [
            -95.699711,
            41.312159
          ],
          [
            -95.700035,
            41.311955
          ],
          [
            -95.70037,
            41.311761
          ],
          [
            -95.700716,
            41.311579
          ],
          [
            -95.701106,
            41.311392
          ],
          [
            -95.704747,
            41.309837
          ],
          [
            -95.720247,
            41.303347
          ],
          [
            -95.720627,
            41.303207
          ],
          [
            -95.721015,
            41.30308
          ],
          [
            -95.721193,
            41.303028
          ],
          [
            -95.72141,
            41.302965
          ],
          [
            -95.721811,
            41.302864
          ],
          [
            -95.722217,
            41.302775
          ],
          [
            -95.722628,
            41.3027
          ],
          [
            -95.723043,
            41.302639
          ],
          [
            -95.723461,
            41.302591
          ],
          [
            -95.723994,
            41.30255
          ],
          [
            -95.724974,
            41.302516
          ],
          [
            -95.726899,
            41.302563
          ],
          [
            -95.729893,
            41.302617
          ],
          [
            -95.730463,
            41.302613
          ],
          [
            -95.73073,
            41.302605
          ],
          [
            -95.731206,
            41.302577
          ],
          [
            -95.731443,
            41.302556
          ],
          [
            -95.731708,
            41.302526
          ],
          [
            -95.732225,
            41.302453
          ],
          [
            -95.732482,
            41.30241
          ],
          [
            -95.732978,
            41.302309
          ],
          [
            -95.733514,
            41.302179
          ],
          [
            -95.734354,
            41.301948
          ],
          [
            -95.744836,
            41.298907
          ],
          [
            -95.746137,
            41.29853
          ],
          [
            -95.747891,
            41.298026
          ],
          [
            -95.749746,
            41.297486
          ],
          [
            -95.750102,
            41.297377
          ],
          [
            -95.750465,
            41.297257
          ],
          [
            -95.750729,
            41.297164
          ],
          [
            -95.750967,
            41.297074
          ],
          [
            -95.75117,
            41.296991
          ],
          [
            -95.751494,
            41.29685
          ],
          [
            -95.751808,
            41.296702
          ],
          [
            -95.752059,
            41.296574
          ],
          [
            -95.75246,
            41.296353
          ],
          [
            -95.752833,
            41.296127
          ],
          [
            -95.753186,
            41.295889
          ],
          [
            -95.753592,
            41.295592
          ],
          [
            -95.753778,
            41.295446
          ],
          [
            -95.754539,
            41.294812
          ],
          [
            -95.755598,
            41.29392
          ],
          [
            -95.758812,
            41.291224
          ],
          [
            -95.760509,
            41.2898
          ],
          [
            -95.765223,
            41.285841
          ],
          [
            -95.7668805,
            41.2844526
          ],
          [
            -95.766941,
            41.284402
          ],
          [
            -95.767507,
            41.283952
          ],
          [
            -95.767774,
            41.283753
          ],
          [
            -95.76832,
            41.283365
          ],
          [
            -95.769395,
            41.282646
          ],
          [
            -95.769674,
            41.282458
          ],
          [
            -95.770053,
            41.28221
          ],
          [
            -95.7722024,
            41.2807865
          ]
        ]
      },
      "properties": {
        "osm_id": 15998594,
        "railroad": "IAIS",
        "operator": "Iowa Interstate Railroad",
        "owner": null,
        "name": "Iowa Interstate Railroad",
        "ref": null,
        "usage": "branch",
        "service": null,
        "railway": "rail",
        "source": "OpenStreetMap / Overpass"
      }
    },
    {
      "type": "Feature",
      "geometry": {
        "type": "LineString",
        "coordinates": [
          [
            -93.4814433,
            41.6439156
          ],
          [
            -93.481888,
            41.643674
          ],
          [
            -93.4821453,
            41.6435223
          ],
          [
            -93.482372,
            41.643395
          ],
          [
            -93.482839,
            41.643109
          ],
          [
            -93.483296,
            41.642812
          ],
          [
            -93.483726,
            41.642516
          ],
          [
            -93.483813,
            41.6424503
          ],
          [
            -93.4840543,
            41.6422682
          ],
          [
            -93.4845417,
            41.6418894
          ],
          [
            -93.4850009,
            41.6415176
          ],
          [
            -93.4853795,
            41.6411868
          ],
          [
            -93.4858044,
            41.6407962
          ],
          [
            -93.4861605,
            41.640446
          ],
          [
            -93.4865262,
            41.6400644
          ],
          [
            -93.4868849,
            41.6396646
          ],
          [
            -93.4872337,
            41.6392478
          ],
          [
            -93.4875677,
            41.638822
          ],
          [
            -93.4878271,
            41.638456
          ],
          [
            -93.4881255,
            41.6380152
          ],
          [
            -93.4919857,
            41.6321109
          ],
          [
            -93.4921525,
            41.6318362
          ],
          [
            -93.4922983,
            41.6315572
          ],
          [
            -93.4924243,
            41.6312802
          ],
          [
            -93.4925321,
            41.6310022
          ],
          [
            -93.4926181,
            41.6307166
          ],
          [
            -93.4926763,
            41.6305011
          ],
          [
            -93.4927927,
            41.6299778
          ],
          [
            -93.4928791,
            41.6295792
          ],
          [
            -93.493846,
            41.625278
          ],
          [
            -93.494115,
            41.624052
          ],
          [
            -93.494205,
            41.623643
          ],
          [
            -93.49429,
            41.623255
          ],
          [
            -93.495328,
            41.6184679
          ],
          [
            -93.496087,
            41.615071
          ],
          [
            -93.496133,
            41.614859
          ],
          [
            -93.496217,
            41.614524
          ],
          [
            -93.496316,
            41.614204
          ],
          [
            -93.496434,
            41.613887
          ],
          [
            -93.496569,
            41.613575
          ],
          [
            -93.496728,
            41.613255
          ],
          [
            -93.496913,
            41.612929
          ],
          [
            -93.49711,
            41.612621
          ],
          [
            -93.497334,
            41.612308
          ],
          [
            -93.497586,
            41.611993
          ],
          [
            -93.497808,
            41.611741
          ],
          [
            -93.498042,
            41.611495
          ],
          [
            -93.498334,
            41.611216
          ],
          [
            -93.498619,
            41.610967
          ],
          [
            -93.498942,
            41.610708
          ],
          [
            -93.499256,
            41.610479
          ],
          [
            -93.499608,
            41.610243
          ],
          [
            -93.499975,
            41.610019
          ],
          [
            -93.500326,
            41.609823
          ],
          [
            -93.500822,
            41.609576
          ],
          [
            -93.50273,
            41.60868
          ],
          [
            -93.503267,
            41.608428
          ],
          [
            -93.5085947,
            41.6059261
          ]
        ]
      },
      "properties": {
        "osm_id": 15998640,
        "railroad": "IAIS",
        "operator": "Iowa Interstate Railroad",
        "owner": null,
        "name": "Iowa Interstate Railroad",
        "ref": null,
        "usage": "branch",
        "service": null,
        "railway": "rail",
        "source": "OpenStreetMap / Overpass"
      }
    },
    {
      "type": "Feature",
      "geometry": {
        "type": "LineString",
        "coordinates": [
          [
            -93.533322,
            41.5837434
          ],
          [
            -93.534047,
            41.58369
          ],
          [
            -93.5343484,
            41.5836634
          ],
          [
            -93.53446,
            41.583659
          ],
          [
            -93.534866,
            41.583645
          ],
          [
            -93.535289,
            41.583643
          ],
          [
            -93.535712,
            41.583656
          ],
          [
            -93.536133,
            41.583683
          ],
          [
            -93.536545,
            41.583723
          ],
          [
            -93.536936,
            41.583773
          ],
          [
            -93.537375,
            41.583845
          ],
          [
            -93.537792,
            41.583929
          ],
          [
            -93.538286,
            41.584048
          ],
          [
            -93.539384,
            41.5843306
          ],
          [
            -93.542861,
            41.5852762
          ],
          [
            -93.5437421,
            41.5855189
          ],
          [
            -93.544609,
            41.585752
          ],
          [
            -93.544741,
            41.585787
          ],
          [
            -93.5491229,
            41.5869804
          ],
          [
            -93.550246,
            41.587286
          ],
          [
            -93.5526736,
            41.5879381
          ],
          [
            -93.5534154,
            41.5881388
          ],
          [
            -93.5540547,
            41.5883133
          ],
          [
            -93.5546632,
            41.5884616
          ],
          [
            -93.555249,
            41.588599
          ],
          [
            -93.555822,
            41.588713
          ],
          [
            -93.5561734,
            41.5887822
          ],
          [
            -93.558331,
            41.589185
          ],
          [
            -93.559758,
            41.589456
          ],
          [
            -93.5602137,
            41.5895419
          ]
        ]
      },
      "properties": {
        "osm_id": 15999922,
        "railroad": "IAIS",
        "operator": "Iowa Interstate Railroad",
        "owner": null,
        "name": "Iowa Interstate Railroad",
        "ref": null,
        "usage": "branch",
        "service": null,
        "railway": "rail",
        "source": "OpenStreetMap / Overpass"
      }
    },
    {
      "type": "Feature",
      "geometry": {
        "type": "LineString",
        "coordinates": [
          [
            -93.7271326,
            41.5589438
          ],
          [
            -93.7269469,
            41.5590756
          ],
          [
            -93.726404,
            41.5594368
          ],
          [
            -93.724672,
            41.560639
          ],
          [
            -93.724272,
            41.560916
          ],
          [
            -93.723655,
            41.561344
          ],
          [
            -93.721597,
            41.562773
          ],
          [
            -93.7184343,
            41.5649822
          ],
          [
            -93.7178361,
            41.5653953
          ],
          [
            -93.7171683,
            41.5658585
          ],
          [
            -93.7170037,
            41.5659748
          ],
          [
            -93.716907,
            41.5660458
          ],
          [
            -93.7150577,
            41.5673215
          ],
          [
            -93.714742,
            41.567526
          ],
          [
            -93.714431,
            41.567716
          ],
          [
            -93.714102,
            41.5679
          ],
          [
            -93.713763,
            41.5680734
          ],
          [
            -93.713425,
            41.568233
          ],
          [
            -93.7130267,
            41.568402
          ],
          [
            -93.712572,
            41.568564
          ],
          [
            -93.712355,
            41.568639
          ],
          [
            -93.711973,
            41.568764
          ],
          [
            -93.711827,
            41.568806
          ],
          [
            -93.711566,
            41.568882
          ],
          [
            -93.711135,
            41.568991
          ],
          [
            -93.710716,
            41.569083
          ],
          [
            -93.710274,
            41.569164
          ],
          [
            -93.709827,
            41.56923
          ],
          [
            -93.7093744,
            41.569262
          ],
          [
            -93.7087549,
            41.5692921
          ],
          [
            -93.7080657,
            41.5693019
          ]
        ]
      },
      "properties": {
        "osm_id": 16001375,
        "railroad": "IAIS",
        "operator": "Iowa Interstate Railroad",
        "owner": null,
        "name": "Iowa Interstate Railroad",
        "ref": null,
        "usage": "branch",
        "service": null,
        "railway": "rail",
        "source": "OpenStreetMap / Overpass"
      }
    },
    {
      "type": "Feature",
      "geometry": {
        "type": "LineString",
        "coordinates": [
          [
            -93.8261298,
            41.5341814
          ],
          [
            -93.8226462,
            41.5348238
          ],
          [
            -93.8224823,
            41.534854
          ],
          [
            -93.818985,
            41.5355013
          ],
          [
            -93.813657,
            41.5364731
          ],
          [
            -93.8123489,
            41.5367204
          ],
          [
            -93.811242,
            41.5368933
          ],
          [
            -93.810105,
            41.537009
          ],
          [
            -93.808917,
            41.5371061
          ],
          [
            -93.790524,
            41.538507
          ],
          [
            -93.7866987,
            41.5387944
          ],
          [
            -93.7854759,
            41.5388856
          ],
          [
            -93.7842448,
            41.5389766
          ],
          [
            -93.7838606,
            41.5390042
          ],
          [
            -93.7832646,
            41.5390475
          ],
          [
            -93.7826536,
            41.539069
          ],
          [
            -93.782061,
            41.53908
          ],
          [
            -93.7814898,
            41.5390559
          ],
          [
            -93.7808871,
            41.5390337
          ],
          [
            -93.7803051,
            41.5389905
          ],
          [
            -93.7796249,
            41.5389431
          ],
          [
            -93.7749721,
            41.5385047
          ],
          [
            -93.7733171,
            41.5383475
          ]
        ]
      },
      "properties": {
        "osm_id": 16001408,
        "railroad": "IAIS",
        "operator": "Iowa Interstate Railroad",
        "owner": null,
        "name": "Iowa Interstate Railroad",
        "ref": null,
        "usage": "branch",
        "service": null,
        "railway": "rail",
        "source": "OpenStreetMap / Overpass"
      }
    },
    {
      "type": "Feature",
      "geometry": {
        "type": "LineString",
        "coordinates": [
          [
            -93.533322,
            41.5837434
          ],
          [
            -93.532671,
            41.583804
          ]
        ]
      },
      "properties": {
        "osm_id": 16001433,
        "railroad": "IAIS",
        "operator": "Iowa Interstate Railroad",
        "owner": null,
        "name": "Iowa Interstate Railroad",
        "ref": null,
        "usage": "branch",
        "service": null,
        "railway": "rail",
        "source": "OpenStreetMap / Overpass"
      }
    },
    {
      "type": "Feature",
      "geometry": {
        "type": "LineString",
        "coordinates": [
          [
            -93.6173147,
            41.5844961
          ],
          [
            -93.6174129,
            41.5844743
          ],
          [
            -93.6174743,
            41.5844614
          ],
          [
            -93.6175766,
            41.5844398
          ],
          [
            -93.6183699,
            41.584262
          ],
          [
            -93.6185978,
            41.5842062
          ],
          [
            -93.6186896,
            41.5841857
          ],
          [
            -93.6188066,
            41.5841564
          ],
          [
            -93.6193246,
            41.5840203
          ],
          [
            -93.6197934,
            41.5838979
          ],
          [
            -93.6199085,
            41.5838707
          ],
          [
            -93.6200167,
            41.5838443
          ],
          [
            -93.6202717,
            41.5837875
          ],
          [
            -93.6210262,
            41.5836238
          ],
          [
            -93.6211285,
            41.583603
          ],
          [
            -93.6212273,
            41.5835816
          ],
          [
            -93.6222535,
            41.5833642
          ],
          [
            -93.6223464,
            41.5833471
          ],
          [
            -93.6224577,
            41.5833251
          ],
          [
            -93.6229584,
            41.5832376
          ],
          [
            -93.6232848,
            41.5831716
          ],
          [
            -93.6238692,
            41.5830505
          ],
          [
            -93.6239898,
            41.5830242
          ],
          [
            -93.6247928,
            41.582851
          ],
          [
            -93.6249026,
            41.5828275
          ],
          [
            -93.62596,
            41.5826018
          ],
          [
            -93.6260454,
            41.5825835
          ],
          [
            -93.6261227,
            41.5825668
          ],
          [
            -93.6271876,
            41.5823411
          ],
          [
            -93.6272749,
            41.5823206
          ],
          [
            -93.6273802,
            41.5822993
          ],
          [
            -93.6287914,
            41.5819936
          ],
          [
            -93.6297612,
            41.5817847
          ],
          [
            -93.6298818,
            41.5817574
          ],
          [
            -93.6300698,
            41.5817164
          ],
          [
            -93.6302974,
            41.5816712
          ],
          [
            -93.6305661,
            41.5816176
          ],
          [
            -93.63094,
            41.5815531
          ],
          [
            -93.631413,
            41.58149
          ],
          [
            -93.631814,
            41.581457
          ],
          [
            -93.632218,
            41.581439
          ],
          [
            -93.632618,
            41.581436
          ],
          [
            -93.633005,
            41.581447
          ],
          [
            -93.6338601,
            41.5814861
          ],
          [
            -93.6339338,
            41.5814881
          ],
          [
            -93.6340919,
            41.5814989
          ],
          [
            -93.634331,
            41.5815172
          ],
          [
            -93.6346502,
            41.5815487
          ],
          [
            -93.6350104,
            41.5815968
          ],
          [
            -93.6352326,
            41.5816317
          ],
          [
            -93.6355685,
            41.5816948
          ],
          [
            -93.6357852,
            41.5817369
          ],
          [
            -93.6359999,
            41.5817866
          ],
          [
            -93.6373778,
            41.5821263
          ],
          [
            -93.6374958,
            41.582154
          ],
          [
            -93.6376376,
            41.5821881
          ],
          [
            -93.639913,
            41.582758
          ],
          [
            -93.640257,
            41.582838
          ],
          [
            -93.640615,
            41.582907
          ],
          [
            -93.64113,
            41.582983
          ],
          [
            -93.6414482,
            41.5830196
          ],
          [
            -93.6418091,
            41.5830481
          ],
          [
            -93.6421866,
            41.5830627
          ],
          [
            -93.64258,
            41.583055
          ],
          [
            -93.642977,
            41.583039
          ],
          [
            -93.643364,
            41.583008
          ],
          [
            -93.64371,
            41.582969
          ],
          [
            -93.644119,
            41.582906
          ],
          [
            -93.644558,
            41.582819
          ],
          [
            -93.644926,
            41.582731
          ],
          [
            -93.645292,
            41.5826234
          ],
          [
            -93.6456639,
            41.5825014
          ],
          [
            -93.6460025,
            41.5823763
          ],
          [
            -93.6463193,
            41.5822449
          ],
          [
            -93.6466132,
            41.5821114
          ],
          [
            -93.6468309,
            41.5820059
          ],
          [
            -93.6473403,
            41.5817483
          ],
          [
            -93.6497564,
            41.5805295
          ],
          [
            -93.6541776,
            41.5782991
          ],
          [
            -93.654532,
            41.578122
          ],
          [
            -93.657292,
            41.576728
          ],
          [
            -93.6613425,
            41.5746846
          ],
          [
            -93.665285,
            41.572689
          ],
          [
            -93.6654634,
            41.5726044
          ],
          [
            -93.668598,
            41.571016
          ],
          [
            -93.668937,
            41.570851
          ],
          [
            -93.669322,
            41.570681
          ],
          [
            -93.669716,
            41.570523
          ],
          [
            -93.670165,
            41.570362
          ],
          [
            -93.670588,
            41.570228
          ],
          [
            -93.67099,
            41.570116
          ],
          [
            -93.671379,
            41.57002
          ],
          [
            -93.671556,
            41.569981
          ],
          [
            -93.674336,
            41.569382
          ],
          [
            -93.6745146,
            41.5693441
          ],
          [
            -93.675449,
            41.569146
          ],
          [
            -93.676154,
            41.5689979
          ],
          [
            -93.676771,
            41.5688869
          ],
          [
            -93.6770877,
            41.5688364
          ],
          [
            -93.677405,
            41.5687959
          ],
          [
            -93.678021,
            41.5687169
          ],
          [
            -93.678691,
            41.56866
          ],
          [
            -93.6791228,
            41.5686188
          ]
        ]
      },
      "properties": {
        "osm_id": 16003257,
        "railroad": "IAIS",
        "operator": "Iowa Interstate Railroad",
        "owner": null,
        "name": "Iowa Interstate Railroad",
        "ref": null,
        "usage": "branch",
        "service": null,
        "railway": "rail",
        "source": "OpenStreetMap / Overpass"
      }
    },
    {
      "type": "Feature",
      "geometry": {
        "type": "LineString",
        "coordinates": [
          [
            -90.5944505,
            41.5245553
          ],
          [
            -90.5942071,
            41.5245586
          ]
        ]
      },
      "properties": {
        "osm_id": 16013893,
        "railroad": "IAIS",
        "operator": "Iowa Interstate Railroad",
        "owner": null,
        "name": "Iowa Interstate Railroad",
        "ref": null,
        "usage": "branch",
        "service": null,
        "railway": "rail",
        "source": "OpenStreetMap / Overpass"
      }
    },
    {
      "type": "Feature",
      "geometry": {
        "type": "LineString",
        "coordinates": [
          [
            -90.5944505,
            41.5245553
          ],
          [
            -90.597062,
            41.5245481
          ],
          [
            -90.5983998,
            41.5245428
          ],
          [
            -90.598486,
            41.524544
          ],
          [
            -90.5985675,
            41.5245442
          ],
          [
            -90.5988304,
            41.5245434
          ],
          [
            -90.599857,
            41.524548
          ],
          [
            -90.599992,
            41.52455
          ],
          [
            -90.6004812,
            41.524579
          ],
          [
            -90.60099,
            41.5246245
          ]
        ]
      },
      "properties": {
        "osm_id": 16015496,
        "railroad": "IAIS",
        "operator": "Iowa Interstate Railroad",
        "owner": null,
        "name": "Iowa Interstate Railroad",
        "ref": null,
        "usage": "branch",
        "service": null,
        "railway": "rail",
        "source": "OpenStreetMap / Overpass"
      }
    },
    {
      "type": "Feature",
      "geometry": {
        "type": "LineString",
        "coordinates": [
          [
            -89.3644912,
            41.2884368
          ],
          [
            -89.3652313,
            41.2880818
          ],
          [
            -89.3656423,
            41.2879131
          ],
          [
            -89.3660912,
            41.2877587
          ],
          [
            -89.3665855,
            41.2876057
          ],
          [
            -89.3673775,
            41.2874012
          ],
          [
            -89.3681312,
            41.2872336
          ],
          [
            -89.3685697,
            41.2871694
          ],
          [
            -89.3689315,
            41.2871286
          ],
          [
            -89.3692793,
            41.2871147
          ],
          [
            -89.3696151,
            41.2871108
          ],
          [
            -89.369983,
            41.2871252
          ],
          [
            -89.3704293,
            41.2871584
          ],
          [
            -89.3713841,
            41.2872576
          ],
          [
            -89.3719157,
            41.2873277
          ],
          [
            -89.3724033,
            41.2874128
          ],
          [
            -89.3728921,
            41.2875102
          ],
          [
            -89.3734201,
            41.2876381
          ],
          [
            -89.3739409,
            41.2877932
          ],
          [
            -89.3743346,
            41.2879302
          ]
        ]
      },
      "properties": {
        "osm_id": 21701679,
        "railroad": "IAIS",
        "operator": "Iowa Interstate Railroad",
        "owner": null,
        "name": "Blue Island Subdivision",
        "ref": null,
        "usage": "branch",
        "service": null,
        "railway": "rail",
        "source": "OpenStreetMap / Overpass"
      }
    },
    {
      "type": "Feature",
      "geometry": {
        "type": "LineString",
        "coordinates": [
          [
            -90.3489342,
            41.4809088
          ],
          [
            -90.3527475,
            41.4818687
          ],
          [
            -90.3534315,
            41.4820451
          ],
          [
            -90.3535854,
            41.4820924
          ],
          [
            -90.3537328,
            41.4821437
          ],
          [
            -90.3539196,
            41.4822136
          ],
          [
            -90.3541963,
            41.4823294
          ]
        ]
      },
      "properties": {
        "osm_id": 21781531,
        "railroad": "IAIS",
        "operator": "Iowa Interstate Railroad",
        "owner": null,
        "name": "Iowa Interstate Railroad",
        "ref": null,
        "usage": "branch",
        "service": null,
        "railway": "rail",
        "source": "OpenStreetMap / Overpass"
      }
    },
    {
      "type": "Feature",
      "geometry": {
        "type": "LineString",
        "coordinates": [
          [
            -89.3603221,
            41.119752
          ],
          [
            -89.3605562,
            41.1188716
          ],
          [
            -89.3606784,
            41.1184863
          ],
          [
            -89.3608446,
            41.1180021
          ],
          [
            -89.3610156,
            41.1175736
          ],
          [
            -89.3611911,
            41.1171623
          ],
          [
            -89.3614305,
            41.1166835
          ],
          [
            -89.3617231,
            41.1161373
          ],
          [
            -89.3620456,
            41.1155945
          ],
          [
            -89.362296,
            41.1152034
          ],
          [
            -89.3625177,
            41.1148692
          ],
          [
            -89.3628782,
            41.1143828
          ],
          [
            -89.3633889,
            41.1137625
          ],
          [
            -89.3637156,
            41.1133835
          ],
          [
            -89.3643024,
            41.1127763
          ],
          [
            -89.3646939,
            41.1123938
          ],
          [
            -89.3649876,
            41.1121286
          ],
          [
            -89.3655115,
            41.1116794
          ],
          [
            -89.3657786,
            41.111469
          ],
          [
            -89.3660531,
            41.1112454
          ],
          [
            -89.3673412,
            41.1102387
          ],
          [
            -89.3676951,
            41.1099663
          ]
        ]
      },
      "properties": {
        "osm_id": 21946609,
        "railroad": "IAIS",
        "operator": "Iowa Interstate Railroad",
        "owner": null,
        "name": "Iowa Interstate Railroad",
        "ref": null,
        "usage": "branch",
        "service": null,
        "railway": "rail",
        "source": "OpenStreetMap / Overpass"
      }
    },
    {
      "type": "Feature",
      "geometry": {
        "type": "LineString",
        "coordinates": [
          [
            -89.3644912,
            41.2884368
          ],
          [
            -89.3651628,
            41.2880752
          ],
          [
            -89.3655768,
            41.2878467
          ],
          [
            -89.3676908,
            41.2866391
          ],
          [
            -89.371101,
            41.2846832
          ],
          [
            -89.3712012,
            41.2846242
          ]
        ]
      },
      "properties": {
        "osm_id": 21946738,
        "railroad": "IAIS",
        "operator": "Iowa Interstate Railroad",
        "owner": null,
        "name": "Peoria Subdivision",
        "ref": null,
        "usage": "branch",
        "service": null,
        "railway": "rail",
        "source": "OpenStreetMap / Overpass"
      }
    },
    {
      "type": "Feature",
      "geometry": {
        "type": "LineString",
        "coordinates": [
          [
            -89.4817594,
            40.9311856
          ],
          [
            -89.4816588,
            40.9311187
          ],
          [
            -89.481544,
            40.9310231
          ],
          [
            -89.4814646,
            40.9309399
          ],
          [
            -89.4813922,
            40.9308528
          ],
          [
            -89.4813198,
            40.9307454
          ],
          [
            -89.4812669,
            40.9306515
          ],
          [
            -89.4812303,
            40.9305703
          ],
          [
            -89.4811985,
            40.9304829
          ],
          [
            -89.481179,
            40.9304054
          ],
          [
            -89.4811642,
            40.9303239
          ],
          [
            -89.481157,
            40.9302627
          ],
          [
            -89.4811535,
            40.9301881
          ],
          [
            -89.4811603,
            40.9301126
          ],
          [
            -89.48117,
            40.9300505
          ],
          [
            -89.4811839,
            40.9299982
          ],
          [
            -89.4811928,
            40.929957
          ],
          [
            -89.4812733,
            40.9297501
          ]
        ]
      },
      "properties": {
        "osm_id": 21978490,
        "railroad": "IAIS",
        "operator": "Iowa Interstate Railroad",
        "owner": null,
        "name": null,
        "ref": null,
        "usage": null,
        "service": "spur",
        "railway": "rail",
        "source": "OpenStreetMap / Overpass"
      }
    },
    {
      "type": "Feature",
      "geometry": {
        "type": "LineString",
        "coordinates": [
          [
            -90.5579029,
            41.5088199
          ],
          [
            -90.5582739,
            41.5089154
          ],
          [
            -90.5589762,
            41.5090935
          ],
          [
            -90.5596412,
            41.5092584
          ],
          [
            -90.5610768,
            41.5095926
          ],
          [
            -90.5623363,
            41.5098866
          ],
          [
            -90.5631131,
            41.5100677
          ],
          [
            -90.5639465,
            41.510262
          ],
          [
            -90.5650269,
            41.5105135
          ],
          [
            -90.5653981,
            41.5105972
          ],
          [
            -90.5656945,
            41.5106702
          ],
          [
            -90.566035,
            41.5107529
          ],
          [
            -90.5663699,
            41.5108521
          ],
          [
            -90.5666945,
            41.5109775
          ],
          [
            -90.5672526,
            41.5112258
          ],
          [
            -90.5676034,
            41.5113948
          ],
          [
            -90.5678011,
            41.5114804
          ],
          [
            -90.5679242,
            41.5115322
          ],
          [
            -90.5680945,
            41.5115922
          ],
          [
            -90.5682533,
            41.5116405
          ],
          [
            -90.5684926,
            41.511702
          ],
          [
            -90.5689872,
            41.5118224
          ],
          [
            -90.5693574,
            41.5119045
          ],
          [
            -90.569616,
            41.5119605
          ],
          [
            -90.5697383,
            41.511983
          ],
          [
            -90.5702308,
            41.5120609
          ],
          [
            -90.5706555,
            41.512114
          ],
          [
            -90.5708934,
            41.5121357
          ],
          [
            -90.5710976,
            41.5121536
          ],
          [
            -90.5713412,
            41.5121684
          ],
          [
            -90.5716946,
            41.5121854
          ],
          [
            -90.5718352,
            41.5121897
          ],
          [
            -90.5722185,
            41.5122033
          ],
          [
            -90.572852,
            41.5122188
          ],
          [
            -90.5731996,
            41.5122284
          ],
          [
            -90.5737514,
            41.5122439
          ],
          [
            -90.5744616,
            41.5122654
          ],
          [
            -90.5746419,
            41.5122703
          ],
          [
            -90.5747703,
            41.5122736
          ],
          [
            -90.5754109,
            41.5122692
          ],
          [
            -90.575924,
            41.5122568
          ],
          [
            -90.5760097,
            41.5122569
          ],
          [
            -90.5761627,
            41.5122408
          ],
          [
            -90.5764122,
            41.5122106
          ],
          [
            -90.5766509,
            41.5121564
          ],
          [
            -90.5768869,
            41.5121062
          ],
          [
            -90.5769727,
            41.5120891
          ]
        ]
      },
      "properties": {
        "osm_id": 21992567,
        "railroad": "IAIS",
        "operator": null,
        "owner": null,
        "name": "Iowa Interstate Railroad",
        "ref": "7",
        "usage": "branch",
        "service": null,
        "railway": "rail",
        "source": "OpenStreetMap / Overpass"
      }
    },
    {
      "type": "Feature",
      "geometry": {
        "type": "LineString",
        "coordinates": [
          [
            -93.0685477,
            41.6992519
          ],
          [
            -93.0681887,
            41.6994039
          ]
        ]
      },
      "properties": {
        "osm_id": 37435053,
        "railroad": "IAIS",
        "operator": "Iowa Interstate Railroad",
        "owner": null,
        "name": "Iowa Interstate Railroad",
        "ref": null,
        "usage": "branch",
        "service": null,
        "railway": "rail",
        "source": "OpenStreetMap / Overpass"
      }
    },
    {
      "type": "Feature",
      "geometry": {
        "type": "LineString",
        "coordinates": [
          [
            -93.0681887,
            41.6994039
          ],
          [
            -93.0672532,
            41.6997993
          ],
          [
            -93.0665181,
            41.7001107
          ],
          [
            -93.0662092,
            41.7002461
          ],
          [
            -93.0650523,
            41.700751
          ],
          [
            -93.064481,
            41.7009915
          ],
          [
            -93.0639143,
            41.7012326
          ],
          [
            -93.0635768,
            41.7013797
          ],
          [
            -93.0634538,
            41.7014333
          ],
          [
            -93.0629291,
            41.7016617
          ],
          [
            -93.0626655,
            41.7017832
          ],
          [
            -93.0622824,
            41.7019782
          ],
          [
            -93.0618571,
            41.7022189
          ],
          [
            -93.0611592,
            41.7026295
          ],
          [
            -93.0608474,
            41.7028113
          ],
          [
            -93.0606164,
            41.7029401
          ],
          [
            -93.0604034,
            41.7030443
          ],
          [
            -93.0601957,
            41.7031456
          ],
          [
            -93.0598184,
            41.7033135
          ],
          [
            -93.0593317,
            41.7035217
          ],
          [
            -93.0586597,
            41.7038101
          ],
          [
            -93.0579173,
            41.7041269
          ],
          [
            -93.0574871,
            41.7042934
          ],
          [
            -93.0570835,
            41.7044363
          ],
          [
            -93.0566341,
            41.7045815
          ],
          [
            -93.0559201,
            41.7047949
          ],
          [
            -93.0554169,
            41.7049452
          ],
          [
            -93.0552075,
            41.7050093
          ],
          [
            -93.0549891,
            41.7050848
          ],
          [
            -93.0546109,
            41.705228
          ],
          [
            -93.0543864,
            41.7053297
          ],
          [
            -93.0539753,
            41.7055074
          ],
          [
            -93.0536464,
            41.7056467
          ],
          [
            -93.0534061,
            41.7057463
          ]
        ]
      },
      "properties": {
        "osm_id": 37435054,
        "railroad": "IAIS",
        "operator": "Iowa Interstate Railroad",
        "owner": null,
        "name": "Iowa Interstate Railroad",
        "ref": null,
        "usage": "branch",
        "service": null,
        "railway": "rail",
        "source": "OpenStreetMap / Overpass"
      }
    },
    {
      "type": "Feature",
      "geometry": {
        "type": "LineString",
        "coordinates": [
          [
            -94.2038739,
            41.5080105
          ],
          [
            -94.203003,
            41.5077517
          ]
        ]
      },
      "properties": {
        "osm_id": 43615503,
        "railroad": "IAIS",
        "operator": "Iowa Interstate Railroad",
        "owner": null,
        "name": "Iowa Interstate Railroad",
        "ref": null,
        "usage": "branch",
        "service": null,
        "railway": "rail",
        "source": "OpenStreetMap / Overpass"
      }
    },
    {
      "type": "Feature",
      "geometry": {
        "type": "LineString",
        "coordinates": [
          [
            -93.5924866,
            41.5870222
          ],
          [
            -93.5927376,
            41.5870033
          ],
          [
            -93.5929657,
            41.5869809
          ],
          [
            -93.5934511,
            41.586934
          ],
          [
            -93.593858,
            41.5869019
          ],
          [
            -93.5940702,
            41.5868887
          ],
          [
            -93.594282,
            41.5868792
          ],
          [
            -93.594714,
            41.5868695
          ],
          [
            -93.5958094,
            41.5868529
          ],
          [
            -93.5963606,
            41.5868428
          ],
          [
            -93.5967469,
            41.5868358
          ],
          [
            -93.5980474,
            41.5868091
          ],
          [
            -93.6003499,
            41.5867708
          ],
          [
            -93.602611,
            41.586729
          ],
          [
            -93.6054413,
            41.5866867
          ],
          [
            -93.605911,
            41.5866731
          ],
          [
            -93.606378,
            41.5866482
          ],
          [
            -93.6067418,
            41.5866152
          ],
          [
            -93.6069175,
            41.5865997
          ],
          [
            -93.6070867,
            41.5865825
          ],
          [
            -93.6071694,
            41.5865702
          ],
          [
            -93.6074537,
            41.5865326
          ],
          [
            -93.6077568,
            41.5864814
          ],
          [
            -93.6080629,
            41.5864242
          ],
          [
            -93.6083851,
            41.586359
          ],
          [
            -93.6085294,
            41.5863299
          ],
          [
            -93.6086444,
            41.5863065
          ],
          [
            -93.6099109,
            41.5860468
          ],
          [
            -93.6113223,
            41.5857554
          ],
          [
            -93.6124763,
            41.5855181
          ],
          [
            -93.6125759,
            41.5854983
          ],
          [
            -93.6137972,
            41.5852445
          ],
          [
            -93.614999,
            41.5849894
          ],
          [
            -93.6150507,
            41.5849794
          ],
          [
            -93.6151306,
            41.5849629
          ]
        ]
      },
      "properties": {
        "osm_id": 46145647,
        "railroad": "IAIS",
        "operator": "Iowa Interstate Railroad",
        "owner": null,
        "name": "Iowa Interstate Railroad",
        "ref": null,
        "usage": "branch",
        "service": null,
        "railway": "rail",
        "source": "OpenStreetMap / Overpass"
      }
    },
    {
      "type": "Feature",
      "geometry": {
        "type": "LineString",
        "coordinates": [
          [
            -93.6151306,
            41.5849629
          ],
          [
            -93.6173147,
            41.5844961
          ]
        ]
      },
      "properties": {
        "osm_id": 46145653,
        "railroad": "IAIS",
        "operator": "Iowa Interstate Railroad",
        "owner": null,
        "name": "Iowa Interstate Railroad",
        "ref": null,
        "usage": "branch",
        "service": null,
        "railway": "rail",
        "source": "OpenStreetMap / Overpass"
      }
    },
    {
      "type": "Feature",
      "geometry": {
        "type": "LineString",
        "coordinates": [
          [
            -93.3775852,
            41.656965
          ],
          [
            -93.3769058,
            41.6568176
          ]
        ]
      },
      "properties": {
        "osm_id": 46752601,
        "railroad": "IAIS",
        "operator": "Iowa Interstate Railroad",
        "owner": null,
        "name": null,
        "ref": null,
        "usage": "branch",
        "service": null,
        "railway": "rail",
        "source": "OpenStreetMap / Overpass"
      }
    },
    {
      "type": "Feature",
      "geometry": {
        "type": "LineString",
        "coordinates": [
          [
            -93.2695797,
            41.6739894
          ],
          [
            -93.2677293,
            41.6743887
          ],
          [
            -93.2671037,
            41.6745168
          ],
          [
            -93.2657545,
            41.6748153
          ],
          [
            -93.2643261,
            41.6751191
          ],
          [
            -93.2616017,
            41.6757077
          ],
          [
            -93.2542787,
            41.6773047
          ],
          [
            -93.2540584,
            41.6773527
          ],
          [
            -93.2512679,
            41.6779854
          ],
          [
            -93.2481058,
            41.6786648
          ],
          [
            -93.2467312,
            41.6789602
          ],
          [
            -93.2459372,
            41.6791367
          ],
          [
            -93.2456952,
            41.6791944
          ],
          [
            -93.2451633,
            41.6793213
          ],
          [
            -93.2444295,
            41.679527
          ],
          [
            -93.2438677,
            41.6796882
          ],
          [
            -93.2433221,
            41.6798438
          ],
          [
            -93.241344,
            41.6804308
          ],
          [
            -93.2393409,
            41.6810121
          ],
          [
            -93.2380398,
            41.6814226
          ],
          [
            -93.2368593,
            41.6818442
          ],
          [
            -93.2357794,
            41.6822735
          ],
          [
            -93.234698,
            41.6827449
          ],
          [
            -93.2341756,
            41.6829698
          ],
          [
            -93.2304429,
            41.6846203
          ],
          [
            -93.2299091,
            41.6848544
          ],
          [
            -93.2281193,
            41.6856394
          ],
          [
            -93.2273814,
            41.6859191
          ],
          [
            -93.2266101,
            41.6861593
          ],
          [
            -93.2260205,
            41.6863488
          ],
          [
            -93.2255747,
            41.6864604
          ],
          [
            -93.2248508,
            41.6866157
          ],
          [
            -93.2239475,
            41.6867669
          ],
          [
            -93.2233796,
            41.6868289
          ],
          [
            -93.2227648,
            41.6868778
          ],
          [
            -93.2221179,
            41.686915
          ],
          [
            -93.2214312,
            41.6869205
          ],
          [
            -93.221088,
            41.686904
          ],
          [
            -93.2204186,
            41.6868857
          ],
          [
            -93.2196067,
            41.6868256
          ],
          [
            -93.2188711,
            41.6867432
          ],
          [
            -93.2181996,
            41.6866315
          ],
          [
            -93.2174994,
            41.6865063
          ],
          [
            -93.2167844,
            41.6863441
          ],
          [
            -93.2159983,
            41.6861066
          ],
          [
            -93.2149866,
            41.6857595
          ],
          [
            -93.2140308,
            41.6853736
          ],
          [
            -93.2133731,
            41.6850565
          ],
          [
            -93.2128567,
            41.6847532
          ],
          [
            -93.2123344,
            41.6844398
          ],
          [
            -93.211827,
            41.6841108
          ],
          [
            -93.2113579,
            41.6837704
          ],
          [
            -93.2108824,
            41.6833945
          ],
          [
            -93.2101971,
            41.6827969
          ],
          [
            -93.2093859,
            41.6820394
          ],
          [
            -93.2082644,
            41.6810201
          ],
          [
            -93.2076504,
            41.68047
          ],
          [
            -93.2069454,
            41.6798882
          ],
          [
            -93.2061521,
            41.6792765
          ],
          [
            -93.2052927,
            41.6787274
          ],
          [
            -93.2044771,
            41.678231
          ],
          [
            -93.2036619,
            41.6777659
          ],
          [
            -93.2029733,
            41.6774402
          ],
          [
            -93.2022724,
            41.6771284
          ],
          [
            -93.2015337,
            41.6768119
          ],
          [
            -93.2007768,
            41.6765186
          ],
          [
            -93.2000866,
            41.6762896
          ],
          [
            -93.199391,
            41.6760764
          ],
          [
            -93.1986208,
            41.6758579
          ],
          [
            -93.1977966,
            41.6756631
          ],
          [
            -93.1966708,
            41.6754443
          ],
          [
            -93.1959098,
            41.6753147
          ],
          [
            -93.1913144,
            41.6746734
          ],
          [
            -93.1893699,
            41.6743981
          ],
          [
            -93.1879127,
            41.6742068
          ]
        ]
      },
      "properties": {
        "osm_id": 46817543,
        "railroad": "IAIS",
        "operator": "Iowa Interstate Railroad",
        "owner": null,
        "name": "Iowa Interstate Railroad",
        "ref": null,
        "usage": "branch",
        "service": null,
        "railway": "rail",
        "source": "OpenStreetMap / Overpass"
      }
    },
    {
      "type": "Feature",
      "geometry": {
        "type": "LineString",
        "coordinates": [
          [
            -93.2698078,
            41.6739423
          ],
          [
            -93.2695797,
            41.6739894
          ]
        ]
      },
      "properties": {
        "osm_id": 46817547,
        "railroad": "IAIS",
        "operator": "Iowa Interstate Railroad",
        "owner": null,
        "name": "Iowa Interstate Railroad",
        "ref": null,
        "usage": "branch",
        "service": null,
        "railway": "rail",
        "source": "OpenStreetMap / Overpass"
      }
    },
    {
      "type": "Feature",
      "geometry": {
        "type": "LineString",
        "coordinates": [
          [
            -93.1841682,
            41.6736967
          ],
          [
            -93.1840967,
            41.6736881
          ],
          [
            -93.1829867,
            41.6735331
          ],
          [
            -93.1787081,
            41.6729478
          ],
          [
            -93.1770885,
            41.6727223
          ],
          [
            -93.1743968,
            41.6723644
          ],
          [
            -93.1680934,
            41.6715021
          ],
          [
            -93.1633853,
            41.6708575
          ],
          [
            -93.1610275,
            41.6705395
          ],
          [
            -93.1586437,
            41.6702137
          ],
          [
            -93.156344,
            41.6698951
          ]
        ]
      },
      "properties": {
        "osm_id": 46818785,
        "railroad": "IAIS",
        "operator": "Iowa Interstate Railroad",
        "owner": null,
        "name": "Iowa Interstate Railroad",
        "ref": null,
        "usage": "branch",
        "service": null,
        "railway": "rail",
        "source": "OpenStreetMap / Overpass"
      }
    },
    {
      "type": "Feature",
      "geometry": {
        "type": "LineString",
        "coordinates": [
          [
            -93.1876826,
            41.674174
          ],
          [
            -93.1853091,
            41.6738552
          ],
          [
            -93.1843463,
            41.6737211
          ]
        ]
      },
      "properties": {
        "osm_id": 46818786,
        "railroad": "IAIS",
        "operator": "Iowa Interstate Railroad",
        "owner": null,
        "name": "Iowa Interstate Railroad",
        "ref": null,
        "usage": "branch",
        "service": null,
        "railway": "rail",
        "source": "OpenStreetMap / Overpass"
      }
    },
    {
      "type": "Feature",
      "geometry": {
        "type": "LineString",
        "coordinates": [
          [
            -93.1879127,
            41.6742068
          ],
          [
            -93.1876826,
            41.674174
          ]
        ]
      },
      "properties": {
        "osm_id": 46818787,
        "railroad": "IAIS",
        "operator": "Iowa Interstate Railroad",
        "owner": null,
        "name": "Iowa Interstate Railroad",
        "ref": null,
        "usage": "branch",
        "service": null,
        "railway": "rail",
        "source": "OpenStreetMap / Overpass"
      }
    },
    {
      "type": "Feature",
      "geometry": {
        "type": "LineString",
        "coordinates": [
          [
            -93.1843463,
            41.6737211
          ],
          [
            -93.1841682,
            41.6736967
          ]
        ]
      },
      "properties": {
        "osm_id": 46818788,
        "railroad": "IAIS",
        "operator": "Iowa Interstate Railroad",
        "owner": null,
        "name": "Iowa Interstate Railroad",
        "ref": null,
        "usage": "branch",
        "service": null,
        "railway": "rail",
        "source": "OpenStreetMap / Overpass"
      }
    },
    {
      "type": "Feature",
      "geometry": {
        "type": "LineString",
        "coordinates": [
          [
            -93.0763217,
            41.6952513
          ],
          [
            -93.0758439,
            41.6955905
          ],
          [
            -93.0755748,
            41.6957694
          ],
          [
            -93.0753452,
            41.6959145
          ],
          [
            -93.0750581,
            41.6961162
          ],
          [
            -93.074695,
            41.6963692
          ],
          [
            -93.0743616,
            41.6965906
          ],
          [
            -93.0739337,
            41.6968482
          ],
          [
            -93.0734876,
            41.6970933
          ],
          [
            -93.0730746,
            41.6972914
          ],
          [
            -93.0725,
            41.6975536
          ],
          [
            -93.0716993,
            41.6979019
          ],
          [
            -93.0708664,
            41.6982575
          ],
          [
            -93.0692391,
            41.6989421
          ],
          [
            -93.0685477,
            41.6992519
          ]
        ]
      },
      "properties": {
        "osm_id": 46818790,
        "railroad": "IAIS",
        "operator": "Iowa Interstate Railroad",
        "owner": null,
        "name": "Iowa Interstate Railroad",
        "ref": null,
        "usage": "branch",
        "service": null,
        "railway": "rail",
        "source": "OpenStreetMap / Overpass"
      }
    },
    {
      "type": "Feature",
      "geometry": {
        "type": "LineString",
        "coordinates": [
          [
            -93.1293238,
            41.66438
          ],
          [
            -93.1262055,
            41.6637253
          ],
          [
            -93.1245954,
            41.6633644
          ],
          [
            -93.1234698,
            41.6631404
          ],
          [
            -93.1230436,
            41.6630651
          ],
          [
            -93.1226343,
            41.6630186
          ],
          [
            -93.1223107,
            41.6629803
          ],
          [
            -93.1219572,
            41.6629607
          ],
          [
            -93.1216146,
            41.6629542
          ],
          [
            -93.121255,
            41.662961
          ],
          [
            -93.1211039,
            41.6629714
          ],
          [
            -93.1207357,
            41.6630078
          ],
          [
            -93.1204878,
            41.6630358
          ],
          [
            -93.1202207,
            41.6630794
          ],
          [
            -93.119823,
            41.6631572
          ],
          [
            -93.1191372,
            41.6633062
          ],
          [
            -93.1177903,
            41.6636124
          ],
          [
            -93.1170294,
            41.6637783
          ],
          [
            -93.1162766,
            41.6639463
          ],
          [
            -93.1156359,
            41.664097
          ],
          [
            -93.1147676,
            41.6642891
          ],
          [
            -93.1129668,
            41.6646863
          ],
          [
            -93.111152,
            41.6650934
          ],
          [
            -93.1099997,
            41.6653526
          ],
          [
            -93.108052,
            41.6657949
          ],
          [
            -93.1069754,
            41.6660322
          ],
          [
            -93.106013,
            41.6662443
          ],
          [
            -93.1050872,
            41.6664499
          ],
          [
            -93.1041601,
            41.6666554
          ],
          [
            -93.1035005,
            41.6668037
          ],
          [
            -93.1014801,
            41.6672609
          ],
          [
            -93.0997807,
            41.66764
          ]
        ]
      },
      "properties": {
        "osm_id": 46818791,
        "railroad": "IAIS",
        "operator": "Iowa Interstate Railroad",
        "owner": null,
        "name": "Iowa Interstate Railroad",
        "ref": null,
        "usage": "branch",
        "service": null,
        "railway": "rail",
        "source": "OpenStreetMap / Overpass"
      }
    },
    {
      "type": "Feature",
      "geometry": {
        "type": "LineString",
        "coordinates": [
          [
            -93.0992736,
            41.6677535
          ],
          [
            -93.0982396,
            41.6679755
          ],
          [
            -93.0972165,
            41.668208
          ],
          [
            -93.0962487,
            41.6684373
          ],
          [
            -93.095625,
            41.6685949
          ],
          [
            -93.0952218,
            41.6687122
          ],
          [
            -93.0947782,
            41.6688429
          ],
          [
            -93.0943472,
            41.668993
          ],
          [
            -93.0939217,
            41.6691539
          ],
          [
            -93.0934884,
            41.6693339
          ],
          [
            -93.0930843,
            41.6695139
          ],
          [
            -93.0926943,
            41.6697021
          ],
          [
            -93.0921187,
            41.6700076
          ],
          [
            -93.0915963,
            41.6703174
          ]
        ]
      },
      "properties": {
        "osm_id": 46818792,
        "railroad": "IAIS",
        "operator": "Iowa Interstate Railroad",
        "owner": null,
        "name": "Iowa Interstate Railroad",
        "ref": null,
        "usage": "branch",
        "service": null,
        "railway": "rail",
        "source": "OpenStreetMap / Overpass"
      }
    },
    {
      "type": "Feature",
      "geometry": {
        "type": "LineString",
        "coordinates": [
          [
            -93.1551943,
            41.6697382
          ],
          [
            -93.1541961,
            41.6695876
          ],
          [
            -93.1528096,
            41.6693638
          ],
          [
            -93.1517872,
            41.6691652
          ],
          [
            -93.150165,
            41.6688272
          ],
          [
            -93.1488872,
            41.6685595
          ],
          [
            -93.1463592,
            41.6680208
          ],
          [
            -93.1438007,
            41.6674745
          ],
          [
            -93.1408482,
            41.666849
          ],
          [
            -93.1393452,
            41.6665262
          ],
          [
            -93.1376843,
            41.6661705
          ],
          [
            -93.1358808,
            41.6657808
          ],
          [
            -93.1341013,
            41.6654089
          ],
          [
            -93.1331003,
            41.6651979
          ],
          [
            -93.1318253,
            41.6649107
          ],
          [
            -93.1295171,
            41.6644231
          ]
        ]
      },
      "properties": {
        "osm_id": 46818793,
        "railroad": "IAIS",
        "operator": "Iowa Interstate Railroad",
        "owner": null,
        "name": "Iowa Interstate Railroad",
        "ref": null,
        "usage": "branch",
        "service": null,
        "railway": "rail",
        "source": "OpenStreetMap / Overpass"
      }
    },
    {
      "type": "Feature",
      "geometry": {
        "type": "LineString",
        "coordinates": [
          [
            -93.156344,
            41.6698951
          ],
          [
            -93.1551943,
            41.6697382
          ]
        ]
      },
      "properties": {
        "osm_id": 46818794,
        "railroad": "IAIS",
        "operator": "Iowa Interstate Railroad",
        "owner": null,
        "name": "Iowa Interstate Railroad",
        "ref": null,
        "usage": "branch",
        "service": null,
        "railway": "rail",
        "source": "OpenStreetMap / Overpass"
      }
    },
    {
      "type": "Feature",
      "geometry": {
        "type": "LineString",
        "coordinates": [
          [
            -93.1295171,
            41.6644231
          ],
          [
            -93.1293238,
            41.66438
          ]
        ]
      },
      "properties": {
        "osm_id": 46818795,
        "railroad": "IAIS",
        "operator": "Iowa Interstate Railroad",
        "owner": null,
        "name": "Iowa Interstate Railroad",
        "ref": null,
        "usage": "branch",
        "service": null,
        "railway": "rail",
        "source": "OpenStreetMap / Overpass"
      }
    },
    {
      "type": "Feature",
      "geometry": {
        "type": "LineString",
        "coordinates": [
          [
            -93.0997807,
            41.66764
          ],
          [
            -93.0992736,
            41.6677535
          ]
        ]
      },
      "properties": {
        "osm_id": 46818796,
        "railroad": "IAIS",
        "operator": "Iowa Interstate Railroad",
        "owner": null,
        "name": "Iowa Interstate Railroad",
        "ref": null,
        "usage": "branch",
        "service": null,
        "railway": "rail",
        "source": "OpenStreetMap / Overpass"
      }
    },
    {
      "type": "Feature",
      "geometry": {
        "type": "LineString",
        "coordinates": [
          [
            -93.0771723,
            41.694634
          ],
          [
            -93.0763217,
            41.6952513
          ]
        ]
      },
      "properties": {
        "osm_id": 46818797,
        "railroad": "IAIS",
        "operator": "Iowa Interstate Railroad",
        "owner": null,
        "name": "Iowa Interstate Railroad",
        "ref": null,
        "usage": "branch",
        "service": null,
        "railway": "rail",
        "source": "OpenStreetMap / Overpass"
      }
    },
    {
      "type": "Feature",
      "geometry": {
        "type": "LineString",
        "coordinates": [
          [
            -93.0531795,
            41.7058471
          ],
          [
            -93.0529373,
            41.7059558
          ],
          [
            -93.0524462,
            41.7061446
          ],
          [
            -93.0518377,
            41.706415
          ],
          [
            -93.0510426,
            41.7067573
          ],
          [
            -93.0502654,
            41.7070913
          ],
          [
            -93.0493648,
            41.7074796
          ],
          [
            -93.0488573,
            41.7076968
          ],
          [
            -93.0483394,
            41.7079181
          ],
          [
            -93.0476612,
            41.7082143
          ],
          [
            -93.04698,
            41.7085078
          ],
          [
            -93.0463024,
            41.7088135
          ],
          [
            -93.04557,
            41.7091624
          ],
          [
            -93.0449352,
            41.7094891
          ],
          [
            -93.0442976,
            41.7098327
          ],
          [
            -93.0441413,
            41.7099161
          ],
          [
            -93.0439082,
            41.7100505
          ],
          [
            -93.0435134,
            41.7102835
          ],
          [
            -93.0433316,
            41.7103924
          ],
          [
            -93.0430199,
            41.7105837
          ],
          [
            -93.0427417,
            41.7107597
          ],
          [
            -93.0424436,
            41.7109521
          ],
          [
            -93.0417369,
            41.7114359
          ],
          [
            -93.0405037,
            41.7123147
          ],
          [
            -93.0377106,
            41.7143191
          ],
          [
            -93.0367904,
            41.7149839
          ],
          [
            -93.0366851,
            41.7150565
          ],
          [
            -93.0365362,
            41.7151628
          ],
          [
            -93.0363049,
            41.7153318
          ],
          [
            -93.0337373,
            41.7171714
          ],
          [
            -93.0329613,
            41.717733
          ],
          [
            -93.0327307,
            41.7178988
          ],
          [
            -93.0324444,
            41.7181024
          ],
          [
            -93.0319907,
            41.7184313
          ],
          [
            -93.0317833,
            41.718593
          ],
          [
            -93.0301341,
            41.7197478
          ],
          [
            -93.0290709,
            41.7205481
          ],
          [
            -93.0285937,
            41.7208967
          ],
          [
            -93.0267678,
            41.7222043
          ],
          [
            -93.0251042,
            41.7234014
          ],
          [
            -93.0241267,
            41.7241069
          ],
          [
            -93.02095,
            41.7263587
          ],
          [
            -93.0203001,
            41.7268297
          ],
          [
            -93.0186445,
            41.7280295
          ],
          [
            -93.0169836,
            41.7292231
          ],
          [
            -93.0144221,
            41.7310667
          ],
          [
            -93.013391,
            41.7318027
          ],
          [
            -93.0113452,
            41.7332612
          ],
          [
            -93.0098339,
            41.7343462
          ],
          [
            -93.0090482,
            41.7349157
          ],
          [
            -93.0083776,
            41.7353763
          ],
          [
            -93.0081993,
            41.7354952
          ],
          [
            -93.0080019,
            41.7356116
          ],
          [
            -93.0074152,
            41.7359422
          ],
          [
            -93.0068222,
            41.7362359
          ],
          [
            -93.0063539,
            41.7364438
          ],
          [
            -93.0059542,
            41.7366012
          ],
          [
            -93.0054762,
            41.7367603
          ],
          [
            -93.0049707,
            41.7369121
          ],
          [
            -93.0045073,
            41.737027
          ],
          [
            -93.0040142,
            41.7371286
          ],
          [
            -93.0035156,
            41.7372239
          ],
          [
            -93.0029782,
            41.7372956
          ],
          [
            -93.002435,
            41.7373462
          ],
          [
            -93.0017859,
            41.7373693
          ],
          [
            -93.0010563,
            41.7373732
          ],
          [
            -93.0002194,
            41.7373493
          ],
          [
            -92.9999043,
            41.7373336
          ],
          [
            -92.9954632,
            41.7371863
          ],
          [
            -92.9909803,
            41.7370304
          ],
          [
            -92.988829,
            41.7369452
          ],
          [
            -92.9876554,
            41.7368555
          ],
          [
            -92.9864312,
            41.7367074
          ],
          [
            -92.9852417,
            41.7365093
          ],
          [
            -92.984637,
            41.736391
          ],
          [
            -92.983157,
            41.7360346
          ],
          [
            -92.9821736,
            41.7357416
          ],
          [
            -92.9811936,
            41.7354106
          ],
          [
            -92.9804109,
            41.7351071
          ],
          [
            -92.9794466,
            41.7346905
          ],
          [
            -92.9787659,
            41.7343739
          ],
          [
            -92.9780901,
            41.7340158
          ],
          [
            -92.9767868,
            41.7332727
          ],
          [
            -92.9694567,
            41.7289291
          ],
          [
            -92.9671849,
            41.7275966
          ],
          [
            -92.96668,
            41.7273809
          ],
          [
            -92.966193,
            41.7271827
          ],
          [
            -92.9655108,
            41.7269927
          ],
          [
            -92.9650734,
            41.7268911
          ],
          [
            -92.9646163,
            41.7268212
          ],
          [
            -92.9641877,
            41.7267825
          ],
          [
            -92.9636648,
            41.7267516
          ],
          [
            -92.9632938,
            41.7267529
          ],
          [
            -92.962987,
            41.7267589
          ],
          [
            -92.9624785,
            41.7267778
          ],
          [
            -92.9619403,
            41.7268312
          ],
          [
            -92.9609871,
            41.7269811
          ],
          [
            -92.9599062,
            41.7271932
          ],
          [
            -92.9581318,
            41.7274916
          ],
          [
            -92.9551281,
            41.7279933
          ],
          [
            -92.9499112,
            41.7288645
          ],
          [
            -92.9488013,
            41.729039
          ],
          [
            -92.9482136,
            41.7291126
          ],
          [
            -92.9476771,
            41.7291592
          ],
          [
            -92.946706,
            41.72919
          ],
          [
            -92.9460406,
            41.7291674
          ],
          [
            -92.9453412,
            41.7291064
          ],
          [
            -92.9444974,
            41.7289862
          ],
          [
            -92.9436589,
            41.728816
          ],
          [
            -92.941496,
            41.7283445
          ],
          [
            -92.9295701,
            41.7257155
          ]
        ]
      },
      "properties": {
        "osm_id": 46819512,
        "railroad": "IAIS",
        "operator": "Iowa Interstate Railroad",
        "owner": null,
        "name": "Iowa Interstate Railroad",
        "ref": null,
        "usage": "branch",
        "service": null,
        "railway": "rail",
        "source": "OpenStreetMap / Overpass"
      }
    },
    {
      "type": "Feature",
      "geometry": {
        "type": "LineString",
        "coordinates": [
          [
            -93.0534061,
            41.7057463
          ],
          [
            -93.0531795,
            41.7058471
          ]
        ]
      },
      "properties": {
        "osm_id": 46819522,
        "railroad": "IAIS",
        "operator": "Iowa Interstate Railroad",
        "owner": null,
        "name": "Iowa Interstate Railroad",
        "ref": null,
        "usage": "branch",
        "service": null,
        "railway": "rail",
        "source": "OpenStreetMap / Overpass"
      }
    },
    {
      "type": "Feature",
      "geometry": {
        "type": "LineString",
        "coordinates": [
          [
            -93.532671,
            41.583804
          ],
          [
            -93.532373,
            41.583836
          ],
          [
            -93.532077,
            41.583883
          ],
          [
            -93.531808,
            41.583937
          ],
          [
            -93.5315,
            41.584015
          ],
          [
            -93.531178,
            41.584116
          ],
          [
            -93.530887,
            41.584225
          ],
          [
            -93.530607,
            41.584348
          ],
          [
            -93.530347,
            41.58448
          ],
          [
            -93.53009,
            41.58463
          ],
          [
            -93.529836,
            41.5848
          ],
          [
            -93.529619,
            41.584966
          ],
          [
            -93.529399,
            41.585158
          ],
          [
            -93.529198,
            41.58536
          ],
          [
            -93.529009,
            41.58558
          ],
          [
            -93.528847,
            41.585802
          ],
          [
            -93.528706,
            41.586031
          ],
          [
            -93.52859,
            41.586259
          ],
          [
            -93.528509,
            41.586451
          ],
          [
            -93.527595,
            41.588857
          ],
          [
            -93.5271732,
            41.589875
          ],
          [
            -93.5266287,
            41.5912944
          ],
          [
            -93.5259626,
            41.593028
          ],
          [
            -93.5257572,
            41.5935301
          ],
          [
            -93.5255292,
            41.59403
          ],
          [
            -93.5252689,
            41.5945267
          ],
          [
            -93.5250135,
            41.5949887
          ],
          [
            -93.5247425,
            41.5954198
          ],
          [
            -93.5244668,
            41.5958398
          ],
          [
            -93.5243171,
            41.5960562
          ],
          [
            -93.5241509,
            41.59628
          ],
          [
            -93.5238465,
            41.5966837
          ],
          [
            -93.523511,
            41.597114
          ],
          [
            -93.523167,
            41.597505
          ],
          [
            -93.522781,
            41.597916
          ],
          [
            -93.522392,
            41.598304
          ],
          [
            -93.521916,
            41.598747
          ],
          [
            -93.521493,
            41.599115
          ],
          [
            -93.521102,
            41.599436
          ],
          [
            -93.520753,
            41.599708
          ],
          [
            -93.520268,
            41.600066
          ],
          [
            -93.519945,
            41.600288
          ],
          [
            -93.5198572,
            41.6003411
          ],
          [
            -93.519799,
            41.600391
          ],
          [
            -93.51951,
            41.600581
          ],
          [
            -93.51945,
            41.60062
          ],
          [
            -93.518833,
            41.601001
          ],
          [
            -93.518332,
            41.60129
          ],
          [
            -93.517933,
            41.601507
          ],
          [
            -93.517433,
            41.601766
          ],
          [
            -93.516904,
            41.602022
          ],
          [
            -93.5141062,
            41.6033363
          ]
        ]
      },
      "properties": {
        "osm_id": 46980708,
        "railroad": "IAIS",
        "operator": "Iowa Interstate Railroad",
        "owner": null,
        "name": "Iowa Interstate Railroad",
        "ref": null,
        "usage": "branch",
        "service": null,
        "railway": "rail",
        "source": "OpenStreetMap / Overpass"
      }
    },
    {
      "type": "Feature",
      "geometry": {
        "type": "LineString",
        "coordinates": [
          [
            -93.4806248,
            41.6443354
          ],
          [
            -93.480059,
            41.644589
          ],
          [
            -93.479651,
            41.644766
          ],
          [
            -93.4692854,
            41.6491427
          ],
          [
            -93.468679,
            41.649407
          ],
          [
            -93.468441,
            41.649507
          ],
          [
            -93.4678279,
            41.6497602
          ],
          [
            -93.4646281,
            41.6511083
          ],
          [
            -93.4645161,
            41.6511559
          ],
          [
            -93.4644281,
            41.6511932
          ],
          [
            -93.463111,
            41.651752
          ],
          [
            -93.4602763,
            41.6529513
          ],
          [
            -93.4596823,
            41.6531974
          ],
          [
            -93.454772,
            41.65528
          ],
          [
            -93.454512,
            41.65539
          ],
          [
            -93.453362,
            41.655882
          ],
          [
            -93.452876,
            41.656101
          ],
          [
            -93.452413,
            41.656327
          ],
          [
            -93.451949,
            41.656572
          ],
          [
            -93.451509,
            41.656822
          ],
          [
            -93.451233,
            41.656989
          ],
          [
            -93.448569,
            41.658633
          ],
          [
            -93.4477427,
            41.6591459
          ],
          [
            -93.4451058,
            41.6607659
          ]
        ]
      },
      "properties": {
        "osm_id": 47012230,
        "railroad": "IAIS",
        "operator": "Iowa Interstate Railroad",
        "owner": null,
        "name": "Iowa Interstate Railroad",
        "ref": null,
        "usage": "branch",
        "service": null,
        "railway": "rail",
        "source": "OpenStreetMap / Overpass"
      }
    },
    {
      "type": "Feature",
      "geometry": {
        "type": "LineString",
        "coordinates": [
          [
            -93.514038,
            41.6033684
          ],
          [
            -93.512853,
            41.603925
          ],
          [
            -93.5088276,
            41.60582
          ]
        ]
      },
      "properties": {
        "osm_id": 47012231,
        "railroad": "IAIS",
        "operator": "Iowa Interstate Railroad",
        "owner": null,
        "name": "Iowa Interstate Railroad",
        "ref": null,
        "usage": "branch",
        "service": null,
        "railway": "rail",
        "source": "OpenStreetMap / Overpass"
      }
    },
    {
      "type": "Feature",
      "geometry": {
        "type": "LineString",
        "coordinates": [
          [
            -93.5141062,
            41.6033363
          ],
          [
            -93.514038,
            41.6033684
          ]
        ]
      },
      "properties": {
        "osm_id": 47012232,
        "railroad": "IAIS",
        "operator": "Iowa Interstate Railroad",
        "owner": null,
        "name": "Iowa Interstate Railroad",
        "ref": null,
        "usage": "branch",
        "service": null,
        "railway": "rail",
        "source": "OpenStreetMap / Overpass"
      }
    },
    {
      "type": "Feature",
      "geometry": {
        "type": "LineString",
        "coordinates": [
          [
            -93.4814433,
            41.6439156
          ],
          [
            -93.4812487,
            41.6440183
          ],
          [
            -93.481123,
            41.644083
          ],
          [
            -93.4806248,
            41.6443354
          ]
        ]
      },
      "properties": {
        "osm_id": 47012247,
        "railroad": "IAIS",
        "operator": "Iowa Interstate Railroad",
        "owner": null,
        "name": "Iowa Interstate Railroad",
        "ref": null,
        "usage": "branch",
        "service": null,
        "railway": "rail",
        "source": "OpenStreetMap / Overpass"
      }
    },
    {
      "type": "Feature",
      "geometry": {
        "type": "LineString",
        "coordinates": [
          [
            -93.6849881,
            41.5730324
          ],
          [
            -93.6889489,
            41.5745721
          ],
          [
            -93.690774,
            41.5752831
          ],
          [
            -93.6921317,
            41.5758096
          ],
          [
            -93.6926348,
            41.5760131
          ],
          [
            -93.6930098,
            41.5761812
          ],
          [
            -93.6934067,
            41.5763781
          ],
          [
            -93.6937339,
            41.576562
          ],
          [
            -93.693947,
            41.576692
          ],
          [
            -93.69426,
            41.576894
          ],
          [
            -93.694562,
            41.577106
          ],
          [
            -93.694759,
            41.577253
          ],
          [
            -93.694831,
            41.577313
          ],
          [
            -93.698049,
            41.57988
          ],
          [
            -93.701579,
            41.582696
          ],
          [
            -93.7017167,
            41.5828068
          ],
          [
            -93.7017509,
            41.5828344
          ],
          [
            -93.7021926,
            41.5831865
          ]
        ]
      },
      "properties": {
        "osm_id": 47109548,
        "railroad": "IAIS",
        "operator": "Iowa Interstate Railroad",
        "owner": null,
        "name": null,
        "ref": null,
        "usage": null,
        "service": null,
        "railway": "rail",
        "source": "OpenStreetMap / Overpass"
      }
    },
    {
      "type": "Feature",
      "geometry": {
        "type": "LineString",
        "coordinates": [
          [
            -93.6779199,
            41.5688998
          ],
          [
            -93.678051,
            41.5688919
          ],
          [
            -93.67828,
            41.5688879
          ],
          [
            -93.678491,
            41.5689039
          ],
          [
            -93.678711,
            41.568935
          ],
          [
            -93.678962,
            41.568977
          ],
          [
            -93.67918,
            41.569029
          ],
          [
            -93.679406,
            41.569099
          ],
          [
            -93.67964,
            41.569187
          ],
          [
            -93.67983,
            41.569274
          ],
          [
            -93.680027,
            41.56938
          ],
          [
            -93.680206,
            41.569494
          ],
          [
            -93.680378,
            41.569622
          ],
          [
            -93.680536,
            41.56976
          ],
          [
            -93.680667,
            41.569895
          ],
          [
            -93.680797,
            41.570052
          ],
          [
            -93.680892,
            41.57019
          ],
          [
            -93.681209,
            41.570689
          ],
          [
            -93.681355,
            41.570901
          ],
          [
            -93.681511,
            41.571098
          ],
          [
            -93.681679,
            41.571283
          ],
          [
            -93.681866,
            41.571465
          ],
          [
            -93.682062,
            41.571634
          ],
          [
            -93.6825022,
            41.5719532
          ],
          [
            -93.6827974,
            41.5721294
          ],
          [
            -93.6832712,
            41.5723666
          ],
          [
            -93.684895,
            41.5729954
          ]
        ]
      },
      "properties": {
        "osm_id": 47109549,
        "railroad": "IAIS",
        "operator": "Iowa Interstate Railroad",
        "owner": null,
        "name": null,
        "ref": null,
        "usage": null,
        "service": null,
        "railway": "rail",
        "source": "OpenStreetMap / Overpass"
      }
    },
    {
      "type": "Feature",
      "geometry": {
        "type": "LineString",
        "coordinates": [
          [
            -93.6745146,
            41.5693441
          ],
          [
            -93.6747801,
            41.5692978
          ],
          [
            -93.6750715,
            41.5692604
          ],
          [
            -93.6754705,
            41.5692084
          ],
          [
            -93.6758173,
            41.5691641
          ],
          [
            -93.6761874,
            41.5691147
          ],
          [
            -93.6764586,
            41.5690804
          ],
          [
            -93.6770363,
            41.5690048
          ],
          [
            -93.6774668,
            41.5689503
          ],
          [
            -93.6776795,
            41.5689231
          ],
          [
            -93.6779199,
            41.5688998
          ]
        ]
      },
      "properties": {
        "osm_id": 47109554,
        "railroad": "IAIS",
        "operator": "Iowa Interstate Railroad",
        "owner": null,
        "name": null,
        "ref": null,
        "usage": null,
        "service": null,
        "railway": "rail",
        "source": "OpenStreetMap / Overpass"
      }
    },
    {
      "type": "Feature",
      "geometry": {
        "type": "LineString",
        "coordinates": [
          [
            -93.6797115,
            41.5685863
          ],
          [
            -93.6791228,
            41.5686188
          ]
        ]
      },
      "properties": {
        "osm_id": 47109555,
        "railroad": "IAIS",
        "operator": "Iowa Interstate Railroad",
        "owner": null,
        "name": "Iowa Interstate Railroad",
        "ref": null,
        "usage": "branch",
        "service": null,
        "railway": "rail",
        "source": "OpenStreetMap / Overpass"
      }
    },
    {
      "type": "Feature",
      "geometry": {
        "type": "LineString",
        "coordinates": [
          [
            -93.684895,
            41.5729954
          ],
          [
            -93.6849881,
            41.5730324
          ]
        ]
      },
      "properties": {
        "osm_id": 47109557,
        "railroad": "IAIS",
        "operator": "Iowa Interstate Railroad",
        "owner": null,
        "name": null,
        "ref": null,
        "usage": null,
        "service": null,
        "railway": "rail",
        "source": "OpenStreetMap / Overpass"
      }
    },
    {
      "type": "Feature",
      "geometry": {
        "type": "LineString",
        "coordinates": [
          [
            -95.7995277,
            41.2611241
          ],
          [
            -95.8004568,
            41.2603992
          ],
          [
            -95.800837,
            41.260053
          ],
          [
            -95.801208,
            41.259736
          ],
          [
            -95.801972,
            41.259052
          ],
          [
            -95.802492,
            41.258562
          ],
          [
            -95.802764,
            41.258294
          ],
          [
            -95.802935,
            41.258125
          ],
          [
            -95.80352,
            41.257536
          ],
          [
            -95.8073739,
            41.2536226
          ]
        ]
      },
      "properties": {
        "osm_id": 50595230,
        "railroad": "IAIS",
        "operator": "Iowa Interstate Railroad",
        "owner": null,
        "name": "Iowa Interstate Railroad",
        "ref": null,
        "usage": "branch",
        "service": null,
        "railway": "rail",
        "source": "OpenStreetMap / Overpass"
      }
    },
    {
      "type": "Feature",
      "geometry": {
        "type": "LineString",
        "coordinates": [
          [
            -95.7986552,
            41.2617799
          ],
          [
            -95.7995277,
            41.2611241
          ]
        ]
      },
      "properties": {
        "osm_id": 50595233,
        "railroad": "IAIS",
        "operator": "Iowa Interstate Railroad",
        "owner": null,
        "name": "Iowa Interstate Railroad",
        "ref": null,
        "usage": "branch",
        "service": null,
        "railway": "rail",
        "source": "OpenStreetMap / Overpass"
      }
    },
    {
      "type": "Feature",
      "geometry": {
        "type": "LineString",
        "coordinates": [
          [
            -90.5942071,
            41.5245586
          ],
          [
            -90.5930345,
            41.5245582
          ]
        ]
      },
      "properties": {
        "osm_id": 50848235,
        "railroad": "IAIS",
        "operator": "Iowa Interstate Railroad",
        "owner": null,
        "name": "Iowa Interstate Railroad",
        "ref": null,
        "usage": "branch",
        "service": null,
        "railway": "rail",
        "source": "OpenStreetMap / Overpass"
      }
    },
    {
      "type": "Feature",
      "geometry": {
        "type": "LineString",
        "coordinates": [
          [
            -90.6013798,
            41.52468
          ],
          [
            -90.60099,
            41.5246245
          ]
        ]
      },
      "properties": {
        "osm_id": 50848238,
        "railroad": "IAIS",
        "operator": "Iowa Interstate Railroad",
        "owner": null,
        "name": "Iowa Interstate Railroad",
        "ref": null,
        "usage": "branch",
        "service": null,
        "railway": "rail",
        "source": "OpenStreetMap / Overpass"
      }
    },
    {
      "type": "Feature",
      "geometry": {
        "type": "LineString",
        "coordinates": [
          [
            -93.7226977,
            41.599479
          ],
          [
            -93.7233171,
            41.5998644
          ],
          [
            -93.7234565,
            41.59995
          ],
          [
            -93.7236098,
            41.6000359
          ],
          [
            -93.7237325,
            41.6000995
          ],
          [
            -93.7239955,
            41.6002361
          ],
          [
            -93.7242927,
            41.6003699
          ],
          [
            -93.7265908,
            41.6013469
          ],
          [
            -93.728263,
            41.6020695
          ],
          [
            -93.7301235,
            41.6028627
          ],
          [
            -93.7311814,
            41.6033134
          ],
          [
            -93.7328094,
            41.6040141
          ],
          [
            -93.7359942,
            41.6053744
          ],
          [
            -93.7362206,
            41.6054758
          ],
          [
            -93.736366,
            41.6055358
          ],
          [
            -93.736627,
            41.605643
          ],
          [
            -93.736858,
            41.6057225
          ],
          [
            -93.7370467,
            41.6057856
          ],
          [
            -93.737236,
            41.605851
          ],
          [
            -93.7375791,
            41.6059795
          ],
          [
            -93.738034,
            41.606167
          ],
          [
            -93.74119,
            41.607515
          ],
          [
            -93.7428995,
            41.6082455
          ],
          [
            -93.7445887,
            41.6089704
          ],
          [
            -93.744894,
            41.609098
          ],
          [
            -93.7450483,
            41.6091532
          ],
          [
            -93.7452077,
            41.6092069
          ],
          [
            -93.7453859,
            41.6092641
          ],
          [
            -93.7455244,
            41.6093043
          ],
          [
            -93.7458226,
            41.6093846
          ],
          [
            -93.745901,
            41.6093992
          ],
          [
            -93.7470919,
            41.6096845
          ],
          [
            -93.7476884,
            41.6098276
          ],
          [
            -93.7482769,
            41.6099662
          ],
          [
            -93.7486982,
            41.610066
          ],
          [
            -93.7496172,
            41.6102837
          ],
          [
            -93.7506476,
            41.6105298
          ]
        ]
      },
      "properties": {
        "osm_id": 51230822,
        "railroad": "IAIS",
        "operator": "Iowa Interstate Railroad",
        "owner": null,
        "name": null,
        "ref": null,
        "usage": null,
        "service": null,
        "railway": "rail",
        "source": "OpenStreetMap / Overpass"
      }
    },
    {
      "type": "Feature",
      "geometry": {
        "type": "LineString",
        "coordinates": [
          [
            -93.7222362,
            41.5991905
          ],
          [
            -93.7226977,
            41.599479
          ]
        ]
      },
      "properties": {
        "osm_id": 51230835,
        "railroad": "IAIS",
        "operator": "Iowa Interstate Railroad",
        "owner": null,
        "name": null,
        "ref": null,
        "usage": null,
        "service": null,
        "railway": "rail",
        "source": "OpenStreetMap / Overpass"
      }
    },
    {
      "type": "Feature",
      "geometry": {
        "type": "LineString",
        "coordinates": [
          [
            -93.7025415,
            41.5834711
          ],
          [
            -93.7031969,
            41.5839881
          ],
          [
            -93.7033311,
            41.584094
          ],
          [
            -93.7034067,
            41.5841527
          ],
          [
            -93.7034822,
            41.5842164
          ],
          [
            -93.7035658,
            41.5842829
          ],
          [
            -93.7038376,
            41.5844994
          ],
          [
            -93.703926,
            41.5845698
          ],
          [
            -93.7040243,
            41.5846493
          ],
          [
            -93.7041277,
            41.584733
          ],
          [
            -93.7044294,
            41.5849759
          ],
          [
            -93.7057757,
            41.5860501
          ],
          [
            -93.7067144,
            41.586799
          ],
          [
            -93.7099143,
            41.5893519
          ],
          [
            -93.713051,
            41.5918486
          ],
          [
            -93.7142955,
            41.5928417
          ],
          [
            -93.7144721,
            41.5929789
          ],
          [
            -93.7146088,
            41.5930906
          ],
          [
            -93.7151143,
            41.5935128
          ],
          [
            -93.7153229,
            41.5936761
          ],
          [
            -93.7155658,
            41.5938602
          ],
          [
            -93.7157658,
            41.5940162
          ],
          [
            -93.716418,
            41.5945349
          ],
          [
            -93.7168719,
            41.5948969
          ],
          [
            -93.717249,
            41.5951977
          ]
        ]
      },
      "properties": {
        "osm_id": 51324293,
        "railroad": "IAIS",
        "operator": "Iowa Interstate Railroad",
        "owner": null,
        "name": null,
        "ref": null,
        "usage": null,
        "service": null,
        "railway": "rail",
        "source": "OpenStreetMap / Overpass"
      }
    },
    {
      "type": "Feature",
      "geometry": {
        "type": "LineString",
        "coordinates": [
          [
            -93.7021926,
            41.5831865
          ],
          [
            -93.7025415,
            41.5834711
          ]
        ]
      },
      "properties": {
        "osm_id": 51324294,
        "railroad": "IAIS",
        "operator": "Iowa Interstate Railroad",
        "owner": null,
        "name": null,
        "ref": null,
        "usage": null,
        "service": null,
        "railway": "rail",
        "source": "OpenStreetMap / Overpass"
      }
    },
    {
      "type": "Feature",
      "geometry": {
        "type": "LineString",
        "coordinates": [
          [
            -93.7273146,
            41.5588188
          ],
          [
            -93.7271326,
            41.5589438
          ]
        ]
      },
      "properties": {
        "osm_id": 51370636,
        "railroad": "IAIS",
        "operator": "Iowa Interstate Railroad",
        "owner": null,
        "name": "Iowa Interstate Railroad",
        "ref": null,
        "usage": "branch",
        "service": null,
        "railway": "rail",
        "source": "OpenStreetMap / Overpass"
      }
    },
    {
      "type": "Feature",
      "geometry": {
        "type": "LineString",
        "coordinates": [
          [
            -91.5404254,
            41.6524613
          ],
          [
            -91.5411262,
            41.652316
          ],
          [
            -91.541508,
            41.652245
          ],
          [
            -91.541712,
            41.652214
          ],
          [
            -91.5419516,
            41.6521854
          ],
          [
            -91.5421906,
            41.6521632
          ],
          [
            -91.5424555,
            41.6521472
          ],
          [
            -91.5427152,
            41.6521336
          ],
          [
            -91.5429301,
            41.6521305
          ],
          [
            -91.543115,
            41.652133
          ],
          [
            -91.543368,
            41.652139
          ],
          [
            -91.543664,
            41.652158
          ],
          [
            -91.543809,
            41.652171
          ],
          [
            -91.543998,
            41.652188
          ],
          [
            -91.544378,
            41.652239
          ],
          [
            -91.544833,
            41.652323
          ],
          [
            -91.545241,
            41.652417
          ],
          [
            -91.545582,
            41.65251
          ],
          [
            -91.545948,
            41.652633
          ],
          [
            -91.546401,
            41.652804
          ],
          [
            -91.5465169,
            41.6528561
          ],
          [
            -91.5465739,
            41.652883
          ],
          [
            -91.54668,
            41.6529299
          ],
          [
            -91.5469672,
            41.6530608
          ],
          [
            -91.5472085,
            41.6531927
          ],
          [
            -91.5474373,
            41.6533313
          ],
          [
            -91.5476437,
            41.653464
          ],
          [
            -91.5478788,
            41.6536251
          ],
          [
            -91.5481792,
            41.6538447
          ],
          [
            -91.5481996,
            41.6538582
          ],
          [
            -91.549549,
            41.654833
          ],
          [
            -91.549895,
            41.655083
          ],
          [
            -91.55031,
            41.655383
          ],
          [
            -91.5522259,
            41.6567791
          ],
          [
            -91.5527754,
            41.657172
          ],
          [
            -91.5539769,
            41.6580311
          ],
          [
            -91.5571335,
            41.6603135
          ],
          [
            -91.5571945,
            41.6603574
          ],
          [
            -91.559431,
            41.6619635
          ],
          [
            -91.5594695,
            41.6620022
          ],
          [
            -91.560752,
            41.662928
          ],
          [
            -91.561395,
            41.663373
          ],
          [
            -91.562161,
            41.66387
          ],
          [
            -91.562592,
            41.664128
          ],
          [
            -91.563962,
            41.664881
          ],
          [
            -91.5684054,
            41.6671705
          ],
          [
            -91.5684395,
            41.6671881
          ]
        ]
      },
      "properties": {
        "osm_id": 55319679,
        "railroad": "IAIS",
        "operator": "Iowa Interstate Railroad",
        "owner": null,
        "name": "Iowa Interstate Railroad",
        "ref": null,
        "usage": "branch",
        "service": null,
        "railway": "rail",
        "source": "OpenStreetMap / Overpass"
      }
    },
    {
      "type": "Feature",
      "geometry": {
        "type": "LineString",
        "coordinates": [
          [
            -91.5359836,
            41.653291
          ],
          [
            -91.5365589,
            41.6532377
          ]
        ]
      },
      "properties": {
        "osm_id": 55319686,
        "railroad": "IAIS",
        "operator": "Iowa Interstate Railroad",
        "owner": null,
        "name": "Iowa Interstate Railroad",
        "ref": null,
        "usage": "branch",
        "service": null,
        "railway": "rail",
        "source": "OpenStreetMap / Overpass"
      }
    },
    {
      "type": "Feature",
      "geometry": {
        "type": "LineString",
        "coordinates": [
          [
            -91.5305785,
            41.6531395
          ],
          [
            -91.5310017,
            41.6532071
          ]
        ]
      },
      "properties": {
        "osm_id": 55319687,
        "railroad": "IAIS",
        "operator": "Iowa Interstate Railroad",
        "owner": null,
        "name": "Iowa Interstate Railroad",
        "ref": null,
        "usage": "branch",
        "service": null,
        "railway": "rail",
        "source": "OpenStreetMap / Overpass"
      }
    },
    {
      "type": "Feature",
      "geometry": {
        "type": "LineString",
        "coordinates": [
          [
            -91.5310017,
            41.6532071
          ],
          [
            -91.5313244,
            41.6532439
          ],
          [
            -91.5316828,
            41.6532733
          ]
        ]
      },
      "properties": {
        "osm_id": 55319690,
        "railroad": "IAIS",
        "operator": "Iowa Interstate Railroad",
        "owner": null,
        "name": "Iowa Interstate Railroad",
        "ref": null,
        "usage": "branch",
        "service": null,
        "railway": "rail",
        "source": "OpenStreetMap / Overpass"
      }
    },
    {
      "type": "Feature",
      "geometry": {
        "type": "LineString",
        "coordinates": [
          [
            -91.5365589,
            41.6532377
          ],
          [
            -91.5368283,
            41.6532082
          ],
          [
            -91.5371491,
            41.6531676
          ],
          [
            -91.5375254,
            41.6531066
          ],
          [
            -91.537862,
            41.653037
          ],
          [
            -91.5381819,
            41.6529588
          ]
        ]
      },
      "properties": {
        "osm_id": 55319692,
        "railroad": "IAIS",
        "operator": "Iowa Interstate Railroad",
        "owner": null,
        "name": "Iowa Interstate Railroad",
        "ref": null,
        "usage": "branch",
        "service": null,
        "railway": "rail",
        "source": "OpenStreetMap / Overpass"
      }
    },
    {
      "type": "Feature",
      "geometry": {
        "type": "LineString",
        "coordinates": [
          [
            -93.748867,
            41.6101504
          ],
          [
            -93.7490815,
            41.610192
          ],
          [
            -93.7491345,
            41.6102016
          ],
          [
            -93.7491729,
            41.6102082
          ],
          [
            -93.7493092,
            41.6102283
          ],
          [
            -93.7493955,
            41.6102432
          ],
          [
            -93.7495002,
            41.6102605
          ],
          [
            -93.7496172,
            41.6102837
          ]
        ]
      },
      "properties": {
        "osm_id": 69547623,
        "railroad": "IAIS",
        "operator": "Iowa Interstate Railroad",
        "owner": null,
        "name": null,
        "ref": null,
        "usage": null,
        "service": "spur",
        "railway": "rail",
        "source": "OpenStreetMap / Overpass"
      }
    },
    {
      "type": "Feature",
      "geometry": {
        "type": "LineString",
        "coordinates": [
          [
            -93.745901,
            41.6093992
          ],
          [
            -93.7461545,
            41.6094749
          ],
          [
            -93.7462968,
            41.6095224
          ],
          [
            -93.7464435,
            41.6095691
          ],
          [
            -93.7465132,
            41.6095892
          ],
          [
            -93.7466023,
            41.6096129
          ],
          [
            -93.7469121,
            41.6096862
          ],
          [
            -93.7473304,
            41.6097861
          ],
          [
            -93.7476827,
            41.6098712
          ],
          [
            -93.7480493,
            41.6099589
          ],
          [
            -93.7486819,
            41.6101058
          ],
          [
            -93.748867,
            41.6101504
          ],
          [
            -93.7490527,
            41.6101947
          ],
          [
            -93.7492396,
            41.6102414
          ],
          [
            -93.7493861,
            41.6102765
          ],
          [
            -93.749493,
            41.6103079
          ],
          [
            -93.7496116,
            41.6103484
          ],
          [
            -93.7497526,
            41.6104112
          ],
          [
            -93.7498506,
            41.6104634
          ],
          [
            -93.7499296,
            41.6105146
          ],
          [
            -93.7500262,
            41.6105959
          ],
          [
            -93.7500901,
            41.6106598
          ],
          [
            -93.7501668,
            41.6107338
          ],
          [
            -93.750189,
            41.6107617
          ],
          [
            -93.7502261,
            41.6108084
          ],
          [
            -93.7502845,
            41.6108892
          ],
          [
            -93.7503214,
            41.6109503
          ],
          [
            -93.7503492,
            41.6110015
          ],
          [
            -93.7503762,
            41.6110707
          ],
          [
            -93.7503977,
            41.6111372
          ],
          [
            -93.7504193,
            41.611245
          ],
          [
            -93.7504224,
            41.6112638
          ],
          [
            -93.7504346,
            41.6113385
          ],
          [
            -93.7504382,
            41.6114617
          ],
          [
            -93.7504381,
            41.6115614
          ],
          [
            -93.7504372,
            41.6116499
          ],
          [
            -93.7504272,
            41.6120693
          ]
        ]
      },
      "properties": {
        "osm_id": 69547669,
        "railroad": "IAIS",
        "operator": "Iowa Interstate Railroad",
        "owner": null,
        "name": null,
        "ref": null,
        "usage": null,
        "service": "spur",
        "railway": "rail",
        "source": "OpenStreetMap / Overpass"
      }
    },
    {
      "type": "Feature",
      "geometry": {
        "type": "LineString",
        "coordinates": [
          [
            -90.6788108,
            41.5708106
          ],
          [
            -90.677958,
            41.570617
          ]
        ]
      },
      "properties": {
        "osm_id": 76536978,
        "railroad": "IAIS",
        "operator": "Iowa Interstate Railroad",
        "owner": null,
        "name": "Iowa Interstate Railroad",
        "ref": null,
        "usage": "branch",
        "service": null,
        "railway": "rail",
        "source": "OpenStreetMap / Overpass"
      }
    },
    {
      "type": "Feature",
      "geometry": {
        "type": "LineString",
        "coordinates": [
          [
            -90.6487661,
            41.558571
          ],
          [
            -90.647656,
            41.558136
          ],
          [
            -90.647625,
            41.558123
          ],
          [
            -90.645863,
            41.557376
          ],
          [
            -90.644987,
            41.55704
          ],
          [
            -90.6440849,
            41.5567269
          ],
          [
            -90.643882,
            41.556702
          ],
          [
            -90.643012,
            41.556486
          ],
          [
            -90.641676,
            41.556173
          ],
          [
            -90.640899,
            41.55603
          ],
          [
            -90.639031,
            41.555767
          ],
          [
            -90.63673,
            41.55539
          ],
          [
            -90.633902,
            41.554994
          ],
          [
            -90.631372,
            41.554665
          ],
          [
            -90.630695,
            41.554551
          ],
          [
            -90.6295935,
            41.5543241
          ],
          [
            -90.6288807,
            41.5541648
          ],
          [
            -90.6280934,
            41.5539585
          ],
          [
            -90.6277201,
            41.5538505
          ],
          [
            -90.627528,
            41.553795
          ],
          [
            -90.6269584,
            41.5536197
          ],
          [
            -90.6259814,
            41.5532813
          ],
          [
            -90.6250133,
            41.5528843
          ],
          [
            -90.6241048,
            41.5524716
          ],
          [
            -90.6235826,
            41.5522063
          ]
        ]
      },
      "properties": {
        "osm_id": 76536984,
        "railroad": "IAIS",
        "operator": "Iowa Interstate Railroad",
        "owner": null,
        "name": "Iowa Interstate Railroad",
        "ref": null,
        "usage": "branch",
        "service": null,
        "railway": "rail",
        "source": "OpenStreetMap / Overpass"
      }
    },
    {
      "type": "Feature",
      "geometry": {
        "type": "LineString",
        "coordinates": [
          [
            -93.717249,
            41.5951977
          ],
          [
            -93.717392,
            41.59531
          ]
        ]
      },
      "properties": {
        "osm_id": 77851058,
        "railroad": "IAIS",
        "operator": "Iowa Interstate Railroad",
        "owner": null,
        "name": null,
        "ref": null,
        "usage": null,
        "service": null,
        "railway": "rail",
        "source": "OpenStreetMap / Overpass"
      }
    },
    {
      "type": "Feature",
      "geometry": {
        "type": "LineString",
        "coordinates": [
          [
            -93.717392,
            41.59531
          ],
          [
            -93.7175185,
            41.5954132
          ],
          [
            -93.7177273,
            41.5955837
          ],
          [
            -93.7180409,
            41.5958541
          ],
          [
            -93.7182627,
            41.5960704
          ],
          [
            -93.7184453,
            41.596269
          ],
          [
            -93.7185797,
            41.5964082
          ],
          [
            -93.7186701,
            41.5965088
          ],
          [
            -93.7192108,
            41.5971101
          ],
          [
            -93.7193247,
            41.597232
          ],
          [
            -93.7194206,
            41.5973288
          ],
          [
            -93.7195206,
            41.5974235
          ],
          [
            -93.719718,
            41.5975891
          ],
          [
            -93.7198549,
            41.5976939
          ],
          [
            -93.719956,
            41.597766
          ],
          [
            -93.7201952,
            41.5979182
          ],
          [
            -93.7222362,
            41.5991905
          ]
        ]
      },
      "properties": {
        "osm_id": 77851059,
        "railroad": "IAIS",
        "operator": "Iowa Interstate Railroad",
        "owner": null,
        "name": null,
        "ref": null,
        "usage": null,
        "service": null,
        "railway": "rail",
        "source": "OpenStreetMap / Overpass"
      }
    },
    {
      "type": "Feature",
      "geometry": {
        "type": "LineString",
        "coordinates": [
          [
            -91.5381819,
            41.6529588
          ],
          [
            -91.5404254,
            41.6524613
          ]
        ]
      },
      "properties": {
        "osm_id": 83143781,
        "railroad": "IAIS",
        "operator": "Iowa Interstate Railroad",
        "owner": null,
        "name": "Iowa Interstate Railroad",
        "ref": null,
        "usage": "branch",
        "service": null,
        "railway": "rail",
        "source": "OpenStreetMap / Overpass"
      }
    },
    {
      "type": "Feature",
      "geometry": {
        "type": "LineString",
        "coordinates": [
          [
            -91.71071,
            41.7094899
          ],
          [
            -91.711433,
            41.709828
          ],
          [
            -91.711834,
            41.710006
          ],
          [
            -91.712372,
            41.71023
          ],
          [
            -91.71597,
            41.711648
          ],
          [
            -91.73298,
            41.718348
          ],
          [
            -91.733612,
            41.718586
          ],
          [
            -91.734402,
            41.718857
          ],
          [
            -91.734993,
            41.719031
          ],
          [
            -91.735294,
            41.719111
          ],
          [
            -91.73576,
            41.719224
          ],
          [
            -91.736274,
            41.719334
          ],
          [
            -91.736779,
            41.719425
          ],
          [
            -91.737412,
            41.719518
          ],
          [
            -91.7379,
            41.719573
          ],
          [
            -91.738537,
            41.719626
          ],
          [
            -91.73908,
            41.719653
          ],
          [
            -91.739724,
            41.719665
          ],
          [
            -91.740233,
            41.719662
          ],
          [
            -91.741625,
            41.719638
          ],
          [
            -91.7543694,
            41.7193734
          ],
          [
            -91.763202,
            41.71919
          ],
          [
            -91.765353,
            41.719145
          ],
          [
            -91.766326,
            41.71912
          ],
          [
            -91.767097,
            41.71909
          ],
          [
            -91.767979,
            41.719041
          ],
          [
            -91.769119,
            41.718956
          ],
          [
            -91.776162,
            41.718373
          ],
          [
            -91.776959,
            41.718319
          ],
          [
            -91.77745,
            41.718294
          ],
          [
            -91.77802,
            41.718277
          ],
          [
            -91.778576,
            41.718272
          ],
          [
            -91.779282,
            41.718281
          ],
          [
            -91.779968,
            41.718307
          ],
          [
            -91.780468,
            41.718336
          ],
          [
            -91.781108,
            41.718388
          ],
          [
            -91.781719,
            41.718451
          ],
          [
            -91.782373,
            41.718532
          ],
          [
            -91.783124,
            41.718644
          ],
          [
            -91.783534,
            41.718714
          ],
          [
            -91.783922,
            41.718787
          ]
        ]
      },
      "properties": {
        "osm_id": 89903508,
        "railroad": "IAIS",
        "operator": "Iowa Interstate Railroad",
        "owner": null,
        "name": "Iowa Interstate Railroad",
        "ref": null,
        "usage": "branch",
        "service": null,
        "railway": "rail",
        "source": "OpenStreetMap / Overpass"
      }
    },
    {
      "type": "Feature",
      "geometry": {
        "type": "LineString",
        "coordinates": [
          [
            -91.5727092,
            41.669398
          ],
          [
            -91.5729093,
            41.6695039
          ],
          [
            -91.5731238,
            41.6696101
          ]
        ]
      },
      "properties": {
        "osm_id": 91521722,
        "railroad": "IAIS",
        "operator": "Iowa Interstate Railroad",
        "owner": null,
        "name": "Iowa Interstate Railroad",
        "ref": null,
        "usage": "branch",
        "service": null,
        "railway": "rail",
        "source": "OpenStreetMap / Overpass"
      }
    },
    {
      "type": "Feature",
      "geometry": {
        "type": "LineString",
        "coordinates": [
          [
            -91.5731238,
            41.6696101
          ],
          [
            -91.5772971,
            41.6717738
          ],
          [
            -91.578903,
            41.6726064
          ],
          [
            -91.5820715,
            41.6742194
          ],
          [
            -91.586597,
            41.6765922
          ],
          [
            -91.5881334,
            41.6773978
          ],
          [
            -91.5895689,
            41.6781504
          ],
          [
            -91.591363,
            41.67907
          ],
          [
            -91.5959691,
            41.6814553
          ],
          [
            -91.5964208,
            41.6816896
          ],
          [
            -91.598574,
            41.682818
          ],
          [
            -91.5992056,
            41.6831488
          ],
          [
            -91.6010707,
            41.6841044
          ],
          [
            -91.601499,
            41.684322
          ],
          [
            -91.6020374,
            41.6846007
          ],
          [
            -91.6025217,
            41.6848489
          ],
          [
            -91.6033033,
            41.6852619
          ],
          [
            -91.6038625,
            41.6855463
          ],
          [
            -91.6039631,
            41.6855975
          ],
          [
            -91.604085,
            41.6856595
          ],
          [
            -91.608786,
            41.68809
          ],
          [
            -91.6089568,
            41.6881833
          ],
          [
            -91.6091719,
            41.6882935
          ],
          [
            -91.610115,
            41.688777
          ],
          [
            -91.6148263,
            41.691211
          ],
          [
            -91.615676,
            41.69165
          ],
          [
            -91.6158558,
            41.6917421
          ]
        ]
      },
      "properties": {
        "osm_id": 91521727,
        "railroad": "IAIS",
        "operator": "Iowa Interstate Railroad",
        "owner": null,
        "name": "Iowa Interstate Railroad",
        "ref": null,
        "usage": "branch",
        "service": null,
        "railway": "rail",
        "source": "OpenStreetMap / Overpass"
      }
    },
    {
      "type": "Feature",
      "geometry": {
        "type": "LineString",
        "coordinates": [
          [
            -93.5088276,
            41.60582
          ],
          [
            -93.5085947,
            41.6059261
          ]
        ]
      },
      "properties": {
        "osm_id": 102041410,
        "railroad": "IAIS",
        "operator": "Iowa Interstate Railroad",
        "owner": null,
        "name": "Iowa Interstate Railroad",
        "ref": null,
        "usage": "branch",
        "service": null,
        "railway": "rail",
        "source": "OpenStreetMap / Overpass"
      }
    },
    {
      "type": "Feature",
      "geometry": {
        "type": "LineString",
        "coordinates": [
          [
            -91.5684395,
            41.6671881
          ],
          [
            -91.5687546,
            41.6673476
          ]
        ]
      },
      "properties": {
        "osm_id": 103040977,
        "railroad": "IAIS",
        "operator": "Iowa Interstate Railroad",
        "owner": null,
        "name": "Iowa Interstate Railroad",
        "ref": null,
        "usage": "branch",
        "service": null,
        "railway": "rail",
        "source": "OpenStreetMap / Overpass"
      }
    },
    {
      "type": "Feature",
      "geometry": {
        "type": "LineString",
        "coordinates": [
          [
            -91.5687546,
            41.6673476
          ],
          [
            -91.5727092,
            41.669398
          ]
        ]
      },
      "properties": {
        "osm_id": 103040987,
        "railroad": "IAIS",
        "operator": "Iowa Interstate Railroad",
        "owner": null,
        "name": "Iowa Interstate Railroad",
        "ref": null,
        "usage": "branch",
        "service": null,
        "railway": "rail",
        "source": "OpenStreetMap / Overpass"
      }
    },
    {
      "type": "Feature",
      "geometry": {
        "type": "LineString",
        "coordinates": [
          [
            -90.6231967,
            41.5519879
          ],
          [
            -90.622508,
            41.551573
          ],
          [
            -90.620765,
            41.550531
          ],
          [
            -90.618704,
            41.549247
          ],
          [
            -90.6177366,
            41.5486322
          ],
          [
            -90.6172519,
            41.5483345
          ],
          [
            -90.6150697,
            41.5469942
          ],
          [
            -90.6141436,
            41.5464218
          ],
          [
            -90.6128323,
            41.5456273
          ],
          [
            -90.61255,
            41.5454583
          ],
          [
            -90.611071,
            41.544545
          ],
          [
            -90.610031,
            41.543904
          ],
          [
            -90.608893,
            41.54317
          ],
          [
            -90.608299,
            41.542711
          ],
          [
            -90.607862,
            41.542324
          ],
          [
            -90.607525,
            41.541995
          ],
          [
            -90.607276,
            41.541639
          ],
          [
            -90.606875,
            41.540977
          ],
          [
            -90.606711,
            41.540637
          ],
          [
            -90.606554,
            41.54024
          ],
          [
            -90.606434,
            41.53984
          ],
          [
            -90.606373,
            41.539484
          ],
          [
            -90.60636,
            41.539327
          ],
          [
            -90.606332,
            41.538969
          ],
          [
            -90.60634,
            41.538466
          ],
          [
            -90.6063556,
            41.5382776
          ],
          [
            -90.606385,
            41.537972
          ],
          [
            -90.606502,
            41.53729
          ],
          [
            -90.606747,
            41.536494
          ],
          [
            -90.606951,
            41.53586
          ],
          [
            -90.607294,
            41.534794
          ],
          [
            -90.607371,
            41.534556
          ],
          [
            -90.60759,
            41.533921
          ],
          [
            -90.607658,
            41.533724
          ],
          [
            -90.607989,
            41.532762
          ],
          [
            -90.608173,
            41.532146
          ],
          [
            -90.608298,
            41.531509
          ],
          [
            -90.608328,
            41.531007
          ],
          [
            -90.608317,
            41.530572
          ],
          [
            -90.608251,
            41.530023
          ],
          [
            -90.608144,
            41.529578
          ],
          [
            -90.607971,
            41.529053
          ],
          [
            -90.6078051,
            41.5287082
          ],
          [
            -90.607615,
            41.528342
          ],
          [
            -90.6073738,
            41.5279852
          ],
          [
            -90.607091,
            41.5276195
          ]
        ]
      },
      "properties": {
        "osm_id": 104463224,
        "railroad": "IAIS",
        "operator": "Iowa Interstate Railroad",
        "owner": null,
        "name": "Iowa Interstate Railroad",
        "ref": null,
        "usage": "branch",
        "service": null,
        "railway": "rail",
        "source": "OpenStreetMap / Overpass"
      }
    },
    {
      "type": "Feature",
      "geometry": {
        "type": "LineString",
        "coordinates": [
          [
            -90.6235826,
            41.5522063
          ],
          [
            -90.6231967,
            41.5519879
          ]
        ]
      },
      "properties": {
        "osm_id": 104463229,
        "railroad": "IAIS",
        "operator": "Iowa Interstate Railroad",
        "owner": null,
        "name": "Iowa Interstate Railroad",
        "ref": null,
        "usage": "branch",
        "service": null,
        "railway": "rail",
        "source": "OpenStreetMap / Overpass"
      }
    },
    {
      "type": "Feature",
      "geometry": {
        "type": "LineString",
        "coordinates": [
          [
            -95.3733351,
            41.382169
          ],
          [
            -95.3723163,
            41.3823704
          ],
          [
            -95.370685,
            41.382695
          ],
          [
            -95.3687195,
            41.3830871
          ]
        ]
      },
      "properties": {
        "osm_id": 109961336,
        "railroad": "IAIS",
        "operator": "Iowa Interstate Railroad",
        "owner": null,
        "name": "Iowa Interstate Railroad",
        "ref": null,
        "usage": "branch",
        "service": null,
        "railway": "rail",
        "source": "OpenStreetMap / Overpass"
      }
    },
    {
      "type": "Feature",
      "geometry": {
        "type": "LineString",
        "coordinates": [
          [
            -95.3782823,
            41.3811702
          ],
          [
            -95.3762119,
            41.3815823
          ]
        ]
      },
      "properties": {
        "osm_id": 109961339,
        "railroad": "IAIS",
        "operator": "Iowa Interstate Railroad",
        "owner": null,
        "name": "Iowa Interstate Railroad",
        "ref": null,
        "usage": "branch",
        "service": null,
        "railway": "rail",
        "source": "OpenStreetMap / Overpass"
      }
    },
    {
      "type": "Feature",
      "geometry": {
        "type": "LineString",
        "coordinates": [
          [
            -91.6319583,
            41.7000674
          ],
          [
            -91.6321613,
            41.7001725
          ]
        ]
      },
      "properties": {
        "osm_id": 111874640,
        "railroad": "IAIS",
        "operator": "Iowa Interstate Railroad",
        "owner": null,
        "name": "Iowa Interstate Railroad",
        "ref": null,
        "usage": "branch",
        "service": null,
        "railway": "rail",
        "source": "OpenStreetMap / Overpass"
      }
    },
    {
      "type": "Feature",
      "geometry": {
        "type": "LineString",
        "coordinates": [
          [
            -91.6260469,
            41.6970108
          ],
          [
            -91.6262005,
            41.6971174
          ],
          [
            -91.6264227,
            41.6972551
          ],
          [
            -91.6280553,
            41.6981017
          ],
          [
            -91.6281653,
            41.6981584
          ],
          [
            -91.6299511,
            41.6990784
          ],
          [
            -91.6302463,
            41.6992306
          ],
          [
            -91.630362,
            41.6992903
          ],
          [
            -91.6305149,
            41.6993584
          ],
          [
            -91.6307867,
            41.6994612
          ]
        ]
      },
      "properties": {
        "osm_id": 111874642,
        "railroad": "IAIS",
        "operator": null,
        "owner": null,
        "name": "Iowa Interstate Railroad",
        "ref": null,
        "usage": null,
        "service": "siding",
        "railway": "rail",
        "source": "OpenStreetMap / Overpass"
      }
    },
    {
      "type": "Feature",
      "geometry": {
        "type": "LineString",
        "coordinates": [
          [
            -91.6297142,
            41.699094
          ],
          [
            -91.6289632,
            41.6987095
          ],
          [
            -91.6286735,
            41.6985483
          ],
          [
            -91.6285662,
            41.6984772
          ],
          [
            -91.6284536,
            41.6983761
          ],
          [
            -91.6283476,
            41.69829
          ],
          [
            -91.6282363,
            41.6982119
          ],
          [
            -91.6281653,
            41.6981584
          ]
        ]
      },
      "properties": {
        "osm_id": 111874647,
        "railroad": "IAIS",
        "operator": null,
        "owner": null,
        "name": "Iowa Interstate Railroad",
        "ref": null,
        "usage": null,
        "service": "spur",
        "railway": "rail",
        "source": "OpenStreetMap / Overpass"
      }
    },
    {
      "type": "Feature",
      "geometry": {
        "type": "LineString",
        "coordinates": [
          [
            -92.7669217,
            41.7204265
          ],
          [
            -92.7666193,
            41.7204552
          ]
        ]
      },
      "properties": {
        "osm_id": 118254273,
        "railroad": "IAIS",
        "operator": "Iowa Interstate Railroad",
        "owner": null,
        "name": "Iowa Interstate Railroad",
        "ref": null,
        "usage": "branch",
        "service": null,
        "railway": "rail",
        "source": "OpenStreetMap / Overpass"
      }
    },
    {
      "type": "Feature",
      "geometry": {
        "type": "LineString",
        "coordinates": [
          [
            -92.6531158,
            41.7329076
          ],
          [
            -92.6535685,
            41.7330299
          ]
        ]
      },
      "properties": {
        "osm_id": 118543005,
        "railroad": "IAIS",
        "operator": "Iowa Interstate Railroad",
        "owner": null,
        "name": "Iowa Interstate Railroad",
        "ref": null,
        "usage": "branch",
        "service": null,
        "railway": "rail",
        "source": "OpenStreetMap / Overpass"
      }
    },
    {
      "type": "Feature",
      "geometry": {
        "type": "LineString",
        "coordinates": [
          [
            -92.8381464,
            41.7015793
          ],
          [
            -92.8374826,
            41.7017438
          ]
        ]
      },
      "properties": {
        "osm_id": 118543092,
        "railroad": "IAIS",
        "operator": "Iowa Interstate Railroad",
        "owner": null,
        "name": "Iowa Interstate Railroad",
        "ref": null,
        "usage": "branch",
        "service": null,
        "railway": "rail",
        "source": "OpenStreetMap / Overpass"
      }
    },
    {
      "type": "Feature",
      "geometry": {
        "type": "LineString",
        "coordinates": [
          [
            -92.6849852,
            41.7360757
          ],
          [
            -92.6853987,
            41.7360387
          ],
          [
            -92.6855392,
            41.736015
          ],
          [
            -92.6857169,
            41.7359616
          ],
          [
            -92.685873,
            41.7359035
          ],
          [
            -92.6864068,
            41.7356524
          ],
          [
            -92.6865194,
            41.7356043
          ],
          [
            -92.6866349,
            41.7355559
          ],
          [
            -92.686734,
            41.7355243
          ],
          [
            -92.6868708,
            41.7354883
          ],
          [
            -92.6869995,
            41.7354622
          ],
          [
            -92.6871927,
            41.7354262
          ]
        ]
      },
      "properties": {
        "osm_id": 118543202,
        "railroad": "IAIS",
        "operator": "Iowa Interstate Railroad",
        "owner": null,
        "name": null,
        "ref": null,
        "usage": null,
        "service": "spur",
        "railway": "rail",
        "source": "OpenStreetMap / Overpass"
      }
    },
    {
      "type": "Feature",
      "geometry": {
        "type": "LineString",
        "coordinates": [
          [
            -90.5769947,
            41.4572668
          ],
          [
            -90.5763577,
            41.4561917
          ]
        ]
      },
      "properties": {
        "osm_id": 118966856,
        "railroad": "IAIS",
        "operator": "Iowa Interstate Railroad",
        "owner": null,
        "name": null,
        "ref": null,
        "usage": "industrial",
        "service": null,
        "railway": "rail",
        "source": "OpenStreetMap / Overpass"
      }
    },
    {
      "type": "Feature",
      "geometry": {
        "type": "LineString",
        "coordinates": [
          [
            -90.5763577,
            41.4561917
          ],
          [
            -90.5761582,
            41.4558849
          ],
          [
            -90.5759107,
            41.4554625
          ],
          [
            -90.5757363,
            41.4551506
          ],
          [
            -90.575445,
            41.4546735
          ],
          [
            -90.5753887,
            41.4545773
          ],
          [
            -90.5751964,
            41.4542422
          ],
          [
            -90.5748797,
            41.453713
          ],
          [
            -90.5745823,
            41.4532034
          ],
          [
            -90.5742544,
            41.4526395
          ],
          [
            -90.5740382,
            41.4522965
          ],
          [
            -90.5739708,
            41.4521976
          ],
          [
            -90.5737662,
            41.4518974
          ],
          [
            -90.5736046,
            41.4516774
          ],
          [
            -90.5732468,
            41.4512353
          ],
          [
            -90.5731212,
            41.4510793
          ],
          [
            -90.572843,
            41.4507956
          ]
        ]
      },
      "properties": {
        "osm_id": 118966860,
        "railroad": "IAIS",
        "operator": "Iowa Interstate Railroad",
        "owner": null,
        "name": null,
        "ref": null,
        "usage": "industrial",
        "service": null,
        "railway": "rail",
        "source": "OpenStreetMap / Overpass"
      }
    },
    {
      "type": "Feature",
      "geometry": {
        "type": "LineString",
        "coordinates": [
          [
            -92.9000851,
            41.7118794
          ],
          [
            -92.8976468,
            41.710933
          ],
          [
            -92.8945769,
            41.7097534
          ],
          [
            -92.8914067,
            41.708747
          ],
          [
            -92.8833446,
            41.7061826
          ],
          [
            -92.8819531,
            41.7057128
          ],
          [
            -92.8806543,
            41.7052385
          ],
          [
            -92.8776481,
            41.7041801
          ],
          [
            -92.8763514,
            41.7037197
          ],
          [
            -92.8752155,
            41.7033001
          ],
          [
            -92.8734164,
            41.7026589
          ],
          [
            -92.8708693,
            41.7017453
          ],
          [
            -92.8688809,
            41.7010332
          ],
          [
            -92.8630074,
            41.6989297
          ],
          [
            -92.8603567,
            41.6979931
          ],
          [
            -92.8594279,
            41.6977222
          ],
          [
            -92.8588164,
            41.6975499
          ],
          [
            -92.8582934,
            41.6974438
          ],
          [
            -92.857543,
            41.6973417
          ],
          [
            -92.8567556,
            41.6972693
          ],
          [
            -92.8557802,
            41.6972422
          ],
          [
            -92.8551418,
            41.6972736
          ],
          [
            -92.8543955,
            41.6973037
          ],
          [
            -92.8532606,
            41.6974236
          ],
          [
            -92.8523657,
            41.6975459
          ],
          [
            -92.85137,
            41.6977183
          ],
          [
            -92.8505043,
            41.6979296
          ],
          [
            -92.8492838,
            41.6982189
          ],
          [
            -92.8439838,
            41.699849
          ],
          [
            -92.8381464,
            41.7015793
          ]
        ]
      },
      "properties": {
        "osm_id": 118976562,
        "railroad": "IAIS",
        "operator": "Iowa Interstate Railroad",
        "owner": null,
        "name": "Iowa Interstate Railroad",
        "ref": null,
        "usage": "branch",
        "service": null,
        "railway": "rail",
        "source": "OpenStreetMap / Overpass"
      }
    },
    {
      "type": "Feature",
      "geometry": {
        "type": "LineString",
        "coordinates": [
          [
            -92.9002156,
            41.7119334
          ],
          [
            -92.9000851,
            41.7118794
          ]
        ]
      },
      "properties": {
        "osm_id": 118976590,
        "railroad": "IAIS",
        "operator": "Iowa Interstate Railroad",
        "owner": null,
        "name": "Iowa Interstate Railroad",
        "ref": null,
        "usage": "branch",
        "service": null,
        "railway": "rail",
        "source": "OpenStreetMap / Overpass"
      }
    },
    {
      "type": "Feature",
      "geometry": {
        "type": "LineString",
        "coordinates": [
          [
            -92.9287481,
            41.7255335
          ],
          [
            -92.9279165,
            41.7253426
          ],
          [
            -92.9271158,
            41.7251163
          ],
          [
            -92.9264094,
            41.7248617
          ],
          [
            -92.9257163,
            41.7245625
          ],
          [
            -92.9243477,
            41.7238584
          ],
          [
            -92.9188503,
            41.7208707
          ],
          [
            -92.9117992,
            41.7170396
          ],
          [
            -92.9095741,
            41.7158321
          ],
          [
            -92.9084116,
            41.7152116
          ],
          [
            -92.9076724,
            41.7148563
          ],
          [
            -92.9070356,
            41.7145979
          ],
          [
            -92.9065188,
            41.7143898
          ],
          [
            -92.9061389,
            41.7142402
          ],
          [
            -92.9056566,
            41.7140516
          ],
          [
            -92.9053961,
            41.7139504
          ],
          [
            -92.9029941,
            41.7130039
          ],
          [
            -92.9002156,
            41.7119334
          ]
        ]
      },
      "properties": {
        "osm_id": 118976601,
        "railroad": "IAIS",
        "operator": "Iowa Interstate Railroad",
        "owner": null,
        "name": "Iowa Interstate Railroad",
        "ref": null,
        "usage": "branch",
        "service": null,
        "railway": "rail",
        "source": "OpenStreetMap / Overpass"
      }
    },
    {
      "type": "Feature",
      "geometry": {
        "type": "LineString",
        "coordinates": [
          [
            -92.9295701,
            41.7257155
          ],
          [
            -92.9287481,
            41.7255335
          ]
        ]
      },
      "properties": {
        "osm_id": 118976612,
        "railroad": "IAIS",
        "operator": "Iowa Interstate Railroad",
        "owner": null,
        "name": "Iowa Interstate Railroad",
        "ref": null,
        "usage": "branch",
        "service": null,
        "railway": "rail",
        "source": "OpenStreetMap / Overpass"
      }
    },
    {
      "type": "Feature",
      "geometry": {
        "type": "LineString",
        "coordinates": [
          [
            -92.6291402,
            41.7264273
          ],
          [
            -92.6291848,
            41.7264384
          ]
        ]
      },
      "properties": {
        "osm_id": 120108832,
        "railroad": "IAIS",
        "operator": "Iowa Interstate Railroad",
        "owner": null,
        "name": "Iowa Interstate Railroad",
        "ref": null,
        "usage": "branch",
        "service": null,
        "railway": "rail",
        "source": "OpenStreetMap / Overpass"
      }
    },
    {
      "type": "Feature",
      "geometry": {
        "type": "LineString",
        "coordinates": [
          [
            -92.6291848,
            41.7264384
          ],
          [
            -92.6294911,
            41.7265204
          ],
          [
            -92.6376523,
            41.7287248
          ],
          [
            -92.6437173,
            41.7303623
          ],
          [
            -92.648028,
            41.731533
          ],
          [
            -92.6495608,
            41.7319474
          ],
          [
            -92.6531158,
            41.7329076
          ]
        ]
      },
      "properties": {
        "osm_id": 120108836,
        "railroad": "IAIS",
        "operator": "Iowa Interstate Railroad",
        "owner": null,
        "name": "Iowa Interstate Railroad",
        "ref": null,
        "usage": "branch",
        "service": null,
        "railway": "rail",
        "source": "OpenStreetMap / Overpass"
      }
    },
    {
      "type": "Feature",
      "geometry": {
        "type": "LineString",
        "coordinates": [
          [
            -93.7733171,
            41.5383475
          ],
          [
            -93.7731908,
            41.5383362
          ]
        ]
      },
      "properties": {
        "osm_id": 135322664,
        "railroad": "IAIS",
        "operator": "Iowa Interstate Railroad",
        "owner": null,
        "name": "Iowa Interstate Railroad",
        "ref": null,
        "usage": "branch",
        "service": null,
        "railway": "rail",
        "source": "OpenStreetMap / Overpass"
      }
    },
    {
      "type": "Feature",
      "geometry": {
        "type": "LineString",
        "coordinates": [
          [
            -93.7731908,
            41.5383362
          ],
          [
            -93.770648,
            41.538108
          ],
          [
            -93.7615168,
            41.537249
          ],
          [
            -93.760087,
            41.537094
          ],
          [
            -93.759945,
            41.537081
          ],
          [
            -93.759489,
            41.53705
          ],
          [
            -93.759397,
            41.537047
          ],
          [
            -93.75902,
            41.537033
          ],
          [
            -93.758536,
            41.537033
          ],
          [
            -93.758106,
            41.537046
          ],
          [
            -93.75765,
            41.537075
          ],
          [
            -93.757197,
            41.537119
          ],
          [
            -93.756759,
            41.537176
          ],
          [
            -93.756312,
            41.537249
          ],
          [
            -93.7558742,
            41.5373512
          ],
          [
            -93.755396,
            41.5374556
          ],
          [
            -93.755003,
            41.537555
          ],
          [
            -93.754592,
            41.537681
          ],
          [
            -93.754177,
            41.537825
          ],
          [
            -93.753793,
            41.537973
          ],
          [
            -93.753501,
            41.538098
          ],
          [
            -93.753197,
            41.538244
          ],
          [
            -93.752885,
            41.538412
          ],
          [
            -93.752576,
            41.538599
          ],
          [
            -93.752286,
            41.538796
          ],
          [
            -93.752036,
            41.538984
          ],
          [
            -93.751791,
            41.539189
          ],
          [
            -93.751568,
            41.539397
          ],
          [
            -93.75137,
            41.539601
          ],
          [
            -93.751172,
            41.539828
          ],
          [
            -93.750989,
            41.540063
          ],
          [
            -93.750809,
            41.540327
          ],
          [
            -93.75066,
            41.540578
          ],
          [
            -93.750577,
            41.540736
          ],
          [
            -93.750397,
            41.541093
          ],
          [
            -93.74994,
            41.542004
          ],
          [
            -93.749779,
            41.542305
          ],
          [
            -93.749592,
            41.542615
          ],
          [
            -93.749406,
            41.542892
          ],
          [
            -93.749177,
            41.543201
          ],
          [
            -93.748944,
            41.543483
          ],
          [
            -93.748707,
            41.543746
          ],
          [
            -93.748455,
            41.544002
          ],
          [
            -93.74819,
            41.544249
          ],
          [
            -93.747899,
            41.544499
          ],
          [
            -93.747621,
            41.544718
          ],
          [
            -93.747289,
            41.544959
          ],
          [
            -93.7441556,
            41.5471335
          ],
          [
            -93.7432153,
            41.547786
          ],
          [
            -93.7375142,
            41.5517421
          ],
          [
            -93.7373417,
            41.5518618
          ],
          [
            -93.737242,
            41.551931
          ],
          [
            -93.7369456,
            41.5521362
          ],
          [
            -93.732194,
            41.555425
          ],
          [
            -93.7295585,
            41.5572581
          ],
          [
            -93.7273146,
            41.5588188
          ]
        ]
      },
      "properties": {
        "osm_id": 135322665,
        "railroad": "IAIS",
        "operator": "Iowa Interstate Railroad",
        "owner": null,
        "name": "Iowa Interstate Railroad",
        "ref": null,
        "usage": "branch",
        "service": null,
        "railway": "rail",
        "source": "OpenStreetMap / Overpass"
      }
    },
    {
      "type": "Feature",
      "geometry": {
        "type": "LineString",
        "coordinates": [
          [
            -93.444752,
            41.660984
          ],
          [
            -93.4353931,
            41.666723
          ],
          [
            -93.4272918,
            41.6717044
          ],
          [
            -93.426821,
            41.6719859
          ],
          [
            -93.4263177,
            41.6722771
          ],
          [
            -93.4259372,
            41.6724874
          ],
          [
            -93.4258183,
            41.6725512
          ],
          [
            -93.4256115,
            41.6726563
          ],
          [
            -93.42511,
            41.672902
          ],
          [
            -93.424557,
            41.673154
          ],
          [
            -93.423843,
            41.673456
          ],
          [
            -93.423268,
            41.673681
          ],
          [
            -93.422606,
            41.67392
          ],
          [
            -93.421968,
            41.674132
          ],
          [
            -93.421333,
            41.674326
          ],
          [
            -93.420725,
            41.674495
          ],
          [
            -93.420145,
            41.674643
          ],
          [
            -93.419502,
            41.674792
          ],
          [
            -93.418947,
            41.674907
          ],
          [
            -93.409009,
            41.676875
          ],
          [
            -93.40826,
            41.677012
          ],
          [
            -93.40767,
            41.677105
          ],
          [
            -93.407082,
            41.677185
          ],
          [
            -93.406436,
            41.677258
          ],
          [
            -93.406372,
            41.677265
          ],
          [
            -93.405708,
            41.677322
          ],
          [
            -93.405056,
            41.677363
          ],
          [
            -93.404377,
            41.67739
          ],
          [
            -93.403723,
            41.6774
          ],
          [
            -93.403095,
            41.677395
          ],
          [
            -93.402493,
            41.677378
          ],
          [
            -93.401828,
            41.677344
          ],
          [
            -93.401125,
            41.67729
          ],
          [
            -93.400541,
            41.677232
          ],
          [
            -93.39996,
            41.677162
          ],
          [
            -93.396785,
            41.676745
          ],
          [
            -93.3870946,
            41.6754834
          ],
          [
            -93.3817354,
            41.6747749
          ],
          [
            -93.3790422,
            41.6744215
          ],
          [
            -93.3763222,
            41.6740712
          ],
          [
            -93.3758488,
            41.6740037
          ],
          [
            -93.3753885,
            41.6739339
          ],
          [
            -93.374911,
            41.6738532
          ],
          [
            -93.3744349,
            41.6737613
          ],
          [
            -93.3740369,
            41.6736661
          ],
          [
            -93.3736039,
            41.6735498
          ],
          [
            -93.3731759,
            41.6734205
          ],
          [
            -93.3730379,
            41.6733695
          ],
          [
            -93.372751,
            41.67327
          ],
          [
            -93.372527,
            41.67318
          ],
          [
            -93.372103,
            41.672996
          ],
          [
            -93.3715764,
            41.672778
          ],
          [
            -93.37154,
            41.6727575
          ],
          [
            -93.3712649,
            41.6726079
          ],
          [
            -93.3708533,
            41.6723871
          ],
          [
            -93.370361,
            41.6720551
          ],
          [
            -93.3700213,
            41.6718209
          ],
          [
            -93.3697574,
            41.6716214
          ],
          [
            -93.369502,
            41.671384
          ],
          [
            -93.369181,
            41.671107
          ],
          [
            -93.368895,
            41.670838
          ],
          [
            -93.368286,
            41.670242
          ],
          [
            -93.367786,
            41.6697766
          ],
          [
            -93.3677088,
            41.6696884
          ],
          [
            -93.3675799,
            41.6695724
          ],
          [
            -93.3673039,
            41.6693218
          ],
          [
            -93.3670315,
            41.6690892
          ],
          [
            -93.3667507,
            41.6688775
          ],
          [
            -93.366462,
            41.6686707
          ],
          [
            -93.3662065,
            41.6684958
          ],
          [
            -93.3657218,
            41.6681986
          ],
          [
            -93.3652153,
            41.667928
          ],
          [
            -93.3647327,
            41.667702
          ],
          [
            -93.3642361,
            41.6674924
          ],
          [
            -93.3637604,
            41.6673227
          ],
          [
            -93.3632762,
            41.6671625
          ],
          [
            -93.3628888,
            41.6670561
          ],
          [
            -93.3625946,
            41.6669779
          ],
          [
            -93.36226,
            41.6669048
          ],
          [
            -93.361913,
            41.6668311
          ],
          [
            -93.361271,
            41.6667204
          ],
          [
            -93.3604154,
            41.6666313
          ],
          [
            -93.3599466,
            41.6666048
          ],
          [
            -93.3594739,
            41.6665913
          ],
          [
            -93.3590078,
            41.6665997
          ],
          [
            -93.3585397,
            41.6666202
          ],
          [
            -93.3581136,
            41.6666503
          ],
          [
            -93.3571795,
            41.6667691
          ],
          [
            -93.3566613,
            41.6668519
          ],
          [
            -93.3555459,
            41.6670307
          ],
          [
            -93.3544302,
            41.6672164
          ],
          [
            -93.3538362,
            41.6673084
          ],
          [
            -93.352721,
            41.66749
          ],
          [
            -93.352136,
            41.667577
          ],
          [
            -93.351532,
            41.667654
          ],
          [
            -93.350925,
            41.667716
          ],
          [
            -93.350454,
            41.667753
          ],
          [
            -93.350314,
            41.667764
          ],
          [
            -93.349719,
            41.667797
          ],
          [
            -93.349123,
            41.667817
          ],
          [
            -93.3484503,
            41.6678407
          ],
          [
            -93.3476302,
            41.6678208
          ],
          [
            -93.3468576,
            41.667783
          ],
          [
            -93.3451034,
            41.6676828
          ],
          [
            -93.3427055,
            41.6674745
          ],
          [
            -93.340092,
            41.6672779
          ],
          [
            -93.3378341,
            41.6671054
          ],
          [
            -93.3359801,
            41.6669623
          ],
          [
            -93.3332416,
            41.666762
          ],
          [
            -93.3291665,
            41.6664384
          ],
          [
            -93.3277388,
            41.6663364
          ],
          [
            -93.3253999,
            41.666152
          ],
          [
            -93.3233239,
            41.6659958
          ],
          [
            -93.3206125,
            41.6657841
          ]
        ]
      },
      "properties": {
        "osm_id": 140331167,
        "railroad": "IAIS",
        "operator": "Iowa Interstate Railroad",
        "owner": null,
        "name": "Iowa Interstate Railroad",
        "ref": null,
        "usage": "branch",
        "service": null,
        "railway": "rail",
        "source": "OpenStreetMap / Overpass"
      }
    },
    {
      "type": "Feature",
      "geometry": {
        "type": "LineString",
        "coordinates": [
          [
            -93.438945,
            41.6547367
          ],
          [
            -93.438513,
            41.6548139
          ]
        ]
      },
      "properties": {
        "osm_id": 140331169,
        "railroad": "IAIS",
        "operator": "Iowa Interstate Railroad",
        "owner": null,
        "name": null,
        "ref": null,
        "usage": "branch",
        "service": null,
        "railway": "rail",
        "source": "OpenStreetMap / Overpass"
      }
    },
    {
      "type": "Feature",
      "geometry": {
        "type": "LineString",
        "coordinates": [
          [
            -93.438513,
            41.6548139
          ],
          [
            -93.435486,
            41.655355
          ],
          [
            -93.425812,
            41.657135
          ],
          [
            -93.417159,
            41.658706
          ],
          [
            -93.410323,
            41.659957
          ],
          [
            -93.409993,
            41.660015
          ],
          [
            -93.40939,
            41.660109
          ],
          [
            -93.40876,
            41.66019
          ],
          [
            -93.408198,
            41.660249
          ],
          [
            -93.407625,
            41.660296
          ],
          [
            -93.407052,
            41.6603183
          ],
          [
            -93.4064366,
            41.6603412
          ],
          [
            -93.405689,
            41.660356
          ],
          [
            -93.3954802,
            41.6603045
          ]
        ]
      },
      "properties": {
        "osm_id": 140331171,
        "railroad": "IAIS",
        "operator": "Iowa Interstate Railroad",
        "owner": null,
        "name": null,
        "ref": null,
        "usage": "branch",
        "service": null,
        "railway": "rail",
        "source": "OpenStreetMap / Overpass"
      }
    },
    {
      "type": "Feature",
      "geometry": {
        "type": "LineString",
        "coordinates": [
          [
            -93.3950415,
            41.6603022
          ],
          [
            -93.39402,
            41.660263
          ],
          [
            -93.393609,
            41.660254
          ],
          [
            -93.393129,
            41.66023
          ],
          [
            -93.392664,
            41.660191
          ],
          [
            -93.392201,
            41.660138
          ],
          [
            -93.391753,
            41.660072
          ],
          [
            -93.391316,
            41.659994
          ],
          [
            -93.390914,
            41.65991
          ],
          [
            -93.385783,
            41.658761
          ],
          [
            -93.3775852,
            41.656965
          ]
        ]
      },
      "properties": {
        "osm_id": 140331176,
        "railroad": "IAIS",
        "operator": "Iowa Interstate Railroad",
        "owner": null,
        "name": null,
        "ref": null,
        "usage": "branch",
        "service": null,
        "railway": "rail",
        "source": "OpenStreetMap / Overpass"
      }
    },
    {
      "type": "Feature",
      "geometry": {
        "type": "LineString",
        "coordinates": [
          [
            -93.3954802,
            41.6603045
          ],
          [
            -93.3950415,
            41.6603022
          ]
        ]
      },
      "properties": {
        "osm_id": 140331188,
        "railroad": "IAIS",
        "operator": "Iowa Interstate Railroad",
        "owner": null,
        "name": null,
        "ref": null,
        "usage": "branch",
        "service": null,
        "railway": "rail",
        "source": "OpenStreetMap / Overpass"
      }
    },
    {
      "type": "Feature",
      "geometry": {
        "type": "LineString",
        "coordinates": [
          [
            -93.4451058,
            41.6607659
          ],
          [
            -93.444752,
            41.660984
          ]
        ]
      },
      "properties": {
        "osm_id": 140331193,
        "railroad": "IAIS",
        "operator": "Iowa Interstate Railroad",
        "owner": null,
        "name": "Iowa Interstate Railroad",
        "ref": null,
        "usage": "branch",
        "service": null,
        "railway": "rail",
        "source": "OpenStreetMap / Overpass"
      }
    },
    {
      "type": "Feature",
      "geometry": {
        "type": "LineString",
        "coordinates": [
          [
            -93.9335055,
            41.5280672
          ],
          [
            -93.9315982,
            41.5275801
          ],
          [
            -93.9303982,
            41.5272503
          ],
          [
            -93.928883,
            41.5267413
          ],
          [
            -93.9277455,
            41.5262769
          ],
          [
            -93.923555,
            41.5244511
          ],
          [
            -93.9170217,
            41.521598
          ],
          [
            -93.9157402,
            41.5211397
          ],
          [
            -93.914354,
            41.5206836
          ],
          [
            -93.913508,
            41.5204701
          ],
          [
            -93.9118783,
            41.5201322
          ],
          [
            -93.9103379,
            41.5199086
          ],
          [
            -93.9089475,
            41.5197825
          ],
          [
            -93.9078132,
            41.5197496
          ],
          [
            -93.9065517,
            41.5197402
          ],
          [
            -93.9046599,
            41.5198249
          ],
          [
            -93.9031346,
            41.519996
          ],
          [
            -93.9007796,
            41.520392
          ],
          [
            -93.8985767,
            41.5208212
          ],
          [
            -93.8984247,
            41.5208482
          ],
          [
            -93.8965644,
            41.5211777
          ]
        ]
      },
      "properties": {
        "osm_id": 140332467,
        "railroad": "IAIS",
        "operator": "Iowa Interstate Railroad",
        "owner": null,
        "name": "Iowa Interstate Railroad",
        "ref": null,
        "usage": "branch",
        "service": null,
        "railway": "rail",
        "source": "OpenStreetMap / Overpass"
      }
    },
    {
      "type": "Feature",
      "geometry": {
        "type": "LineString",
        "coordinates": [
          [
            -93.9336788,
            41.5281115
          ],
          [
            -93.9335055,
            41.5280672
          ]
        ]
      },
      "properties": {
        "osm_id": 140332478,
        "railroad": "IAIS",
        "operator": "Iowa Interstate Railroad",
        "owner": null,
        "name": "Iowa Interstate Railroad",
        "ref": null,
        "usage": "branch",
        "service": null,
        "railway": "rail",
        "source": "OpenStreetMap / Overpass"
      }
    },
    {
      "type": "Feature",
      "geometry": {
        "type": "LineString",
        "coordinates": [
          [
            -93.8965644,
            41.5211777
          ],
          [
            -93.8961802,
            41.521252
          ]
        ]
      },
      "properties": {
        "osm_id": 140332483,
        "railroad": "IAIS",
        "operator": "Iowa Interstate Railroad",
        "owner": null,
        "name": "Iowa Interstate Railroad",
        "ref": null,
        "usage": "branch",
        "service": null,
        "railway": "rail",
        "source": "OpenStreetMap / Overpass"
      }
    },
    {
      "type": "Feature",
      "geometry": {
        "type": "LineString",
        "coordinates": [
          [
            -93.8961802,
            41.521252
          ],
          [
            -93.8948158,
            41.5214911
          ],
          [
            -93.8918885,
            41.5220172
          ],
          [
            -93.8906026,
            41.5222881
          ]
        ]
      },
      "properties": {
        "osm_id": 140332486,
        "railroad": "IAIS",
        "operator": "Iowa Interstate Railroad",
        "owner": null,
        "name": "Iowa Interstate Railroad",
        "ref": null,
        "usage": "branch",
        "service": null,
        "railway": "rail",
        "source": "OpenStreetMap / Overpass"
      }
    },
    {
      "type": "Feature",
      "geometry": {
        "type": "LineString",
        "coordinates": [
          [
            -93.9821797,
            41.5340977
          ],
          [
            -93.9819355,
            41.5343445
          ]
        ]
      },
      "properties": {
        "osm_id": 140476491,
        "railroad": "IAIS",
        "operator": "Iowa Interstate Railroad",
        "owner": null,
        "name": "Iowa Interstate Railroad",
        "ref": null,
        "usage": "branch",
        "service": null,
        "railway": "rail",
        "source": "OpenStreetMap / Overpass"
      }
    },
    {
      "type": "Feature",
      "geometry": {
        "type": "LineString",
        "coordinates": [
          [
            -93.8487164,
            41.5300153
          ],
          [
            -93.8485864,
            41.5300438
          ]
        ]
      },
      "properties": {
        "osm_id": 140476496,
        "railroad": "IAIS",
        "operator": "Iowa Interstate Railroad",
        "owner": null,
        "name": "Iowa Interstate Railroad",
        "ref": null,
        "usage": "branch",
        "service": null,
        "railway": "rail",
        "source": "OpenStreetMap / Overpass"
      }
    },
    {
      "type": "Feature",
      "geometry": {
        "type": "LineString",
        "coordinates": [
          [
            -93.8265987,
            41.534089
          ],
          [
            -93.8261298,
            41.5341814
          ]
        ]
      },
      "properties": {
        "osm_id": 140476498,
        "railroad": "IAIS",
        "operator": "Iowa Interstate Railroad",
        "owner": null,
        "name": "Iowa Interstate Railroad",
        "ref": null,
        "usage": "branch",
        "service": null,
        "railway": "rail",
        "source": "OpenStreetMap / Overpass"
      }
    },
    {
      "type": "Feature",
      "geometry": {
        "type": "LineString",
        "coordinates": [
          [
            -93.9819355,
            41.5343445
          ],
          [
            -93.9798014,
            41.5363608
          ],
          [
            -93.9790536,
            41.5368989
          ],
          [
            -93.9786183,
            41.5371152
          ],
          [
            -93.9780515,
            41.5373647
          ],
          [
            -93.9776095,
            41.5375183
          ],
          [
            -93.9771556,
            41.5376486
          ],
          [
            -93.9767567,
            41.5377147
          ],
          [
            -93.9763655,
            41.5377658
          ],
          [
            -93.9757939,
            41.5378058
          ],
          [
            -93.9753269,
            41.5378108
          ],
          [
            -93.9749464,
            41.5377895
          ],
          [
            -93.9735569,
            41.5376692
          ],
          [
            -93.9730873,
            41.5376588
          ],
          [
            -93.9726382,
            41.5376922
          ],
          [
            -93.9722283,
            41.5377396
          ],
          [
            -93.9718754,
            41.5378074
          ],
          [
            -93.9715234,
            41.5379136
          ],
          [
            -93.9712387,
            41.538012
          ],
          [
            -93.970928,
            41.5381574
          ],
          [
            -93.9706274,
            41.5383298
          ],
          [
            -93.9703219,
            41.5385399
          ],
          [
            -93.9700279,
            41.5387612
          ],
          [
            -93.9691714,
            41.53953
          ],
          [
            -93.9688475,
            41.5397559
          ],
          [
            -93.9685573,
            41.53993
          ],
          [
            -93.9682676,
            41.540066
          ],
          [
            -93.9679456,
            41.540199
          ],
          [
            -93.9676125,
            41.5402987
          ],
          [
            -93.9672728,
            41.5403772
          ],
          [
            -93.9668729,
            41.5404475
          ],
          [
            -93.9664858,
            41.5404639
          ],
          [
            -93.9661139,
            41.5404597
          ],
          [
            -93.9657729,
            41.5404327
          ],
          [
            -93.9653967,
            41.5403856
          ],
          [
            -93.965024,
            41.5403131
          ],
          [
            -93.9644528,
            41.5401461
          ],
          [
            -93.9636594,
            41.539758
          ],
          [
            -93.962954,
            41.5392997
          ],
          [
            -93.9624472,
            41.5389461
          ],
          [
            -93.9617441,
            41.5384535
          ],
          [
            -93.9600551,
            41.5373229
          ],
          [
            -93.9588878,
            41.5365411
          ],
          [
            -93.957335,
            41.5354768
          ],
          [
            -93.9562705,
            41.5347649
          ],
          [
            -93.9556031,
            41.5343918
          ],
          [
            -93.9542368,
            41.5337084
          ],
          [
            -93.953485,
            41.533411
          ],
          [
            -93.9524156,
            41.533035
          ],
          [
            -93.9509232,
            41.5326103
          ],
          [
            -93.9501086,
            41.5323999
          ],
          [
            -93.9496594,
            41.5322764
          ],
          [
            -93.9488536,
            41.5320867
          ],
          [
            -93.9454767,
            41.5312064
          ],
          [
            -93.9431826,
            41.5305932
          ],
          [
            -93.9399406,
            41.5297547
          ],
          [
            -93.9375014,
            41.5291134
          ],
          [
            -93.9353356,
            41.5285459
          ],
          [
            -93.9336788,
            41.5281115
          ]
        ]
      },
      "properties": {
        "osm_id": 140476501,
        "railroad": "IAIS",
        "operator": "Iowa Interstate Railroad",
        "owner": null,
        "name": "Iowa Interstate Railroad",
        "ref": null,
        "usage": "branch",
        "service": null,
        "railway": "rail",
        "source": "OpenStreetMap / Overpass"
      }
    },
    {
      "type": "Feature",
      "geometry": {
        "type": "LineString",
        "coordinates": [
          [
            -93.8906026,
            41.5222881
          ],
          [
            -93.8883544,
            41.5227032
          ]
        ]
      },
      "properties": {
        "osm_id": 140476503,
        "railroad": "IAIS",
        "operator": "Iowa Interstate Railroad",
        "owner": null,
        "name": "Iowa Interstate Railroad",
        "ref": null,
        "usage": "branch",
        "service": null,
        "railway": "rail",
        "source": "OpenStreetMap / Overpass"
      }
    },
    {
      "type": "Feature",
      "geometry": {
        "type": "LineString",
        "coordinates": [
          [
            -93.8883544,
            41.5227032
          ],
          [
            -93.8856231,
            41.5232042
          ],
          [
            -93.8843121,
            41.5234462
          ],
          [
            -93.8832805,
            41.523636
          ],
          [
            -93.8815153,
            41.5239539
          ],
          [
            -93.8785914,
            41.5244792
          ],
          [
            -93.8767699,
            41.5248274
          ],
          [
            -93.8752972,
            41.5251109
          ],
          [
            -93.8734076,
            41.5254613
          ],
          [
            -93.871243,
            41.5258549
          ],
          [
            -93.869167,
            41.5262394
          ],
          [
            -93.8666109,
            41.5267113
          ],
          [
            -93.8652362,
            41.5269683
          ],
          [
            -93.8636229,
            41.5272655
          ],
          [
            -93.8615133,
            41.5276601
          ],
          [
            -93.8599796,
            41.5279407
          ],
          [
            -93.854833,
            41.5288866
          ],
          [
            -93.8543747,
            41.5289645
          ]
        ]
      },
      "properties": {
        "osm_id": 140476509,
        "railroad": "IAIS",
        "operator": "Iowa Interstate Railroad",
        "owner": null,
        "name": "Iowa Interstate Railroad",
        "ref": null,
        "usage": "branch",
        "service": null,
        "railway": "rail",
        "source": "OpenStreetMap / Overpass"
      }
    },
    {
      "type": "Feature",
      "geometry": {
        "type": "LineString",
        "coordinates": [
          [
            -93.8485864,
            41.5300438
          ],
          [
            -93.8463253,
            41.53045
          ],
          [
            -93.8442986,
            41.5308307
          ],
          [
            -93.8429161,
            41.531086
          ],
          [
            -93.8333375,
            41.5328633
          ],
          [
            -93.8298546,
            41.5334939
          ],
          [
            -93.8265987,
            41.534089
          ]
        ]
      },
      "properties": {
        "osm_id": 140476514,
        "railroad": "IAIS",
        "operator": "Iowa Interstate Railroad",
        "owner": null,
        "name": "Iowa Interstate Railroad",
        "ref": null,
        "usage": "branch",
        "service": null,
        "railway": "rail",
        "source": "OpenStreetMap / Overpass"
      }
    },
    {
      "type": "Feature",
      "geometry": {
        "type": "LineString",
        "coordinates": [
          [
            -93.2782053,
            41.6721189
          ],
          [
            -93.2764386,
            41.6725017
          ],
          [
            -93.273999,
            41.673023
          ],
          [
            -93.2713928,
            41.6736048
          ],
          [
            -93.2698078,
            41.6739423
          ]
        ]
      },
      "properties": {
        "osm_id": 140617030,
        "railroad": "IAIS",
        "operator": "Iowa Interstate Railroad",
        "owner": null,
        "name": "Iowa Interstate Railroad",
        "ref": null,
        "usage": "branch",
        "service": null,
        "railway": "rail",
        "source": "OpenStreetMap / Overpass"
      }
    },
    {
      "type": "Feature",
      "geometry": {
        "type": "LineString",
        "coordinates": [
          [
            -93.0915963,
            41.6703174
          ],
          [
            -93.0915125,
            41.6703649
          ]
        ]
      },
      "properties": {
        "osm_id": 140617034,
        "railroad": "IAIS",
        "operator": "Iowa Interstate Railroad",
        "owner": null,
        "name": "Iowa Interstate Railroad",
        "ref": null,
        "usage": null,
        "service": null,
        "railway": "rail",
        "source": "OpenStreetMap / Overpass"
      }
    },
    {
      "type": "Feature",
      "geometry": {
        "type": "LineString",
        "coordinates": [
          [
            -93.0915125,
            41.6703649
          ],
          [
            -93.0913478,
            41.6704725
          ],
          [
            -93.0907904,
            41.6708505
          ],
          [
            -93.0902493,
            41.6712597
          ],
          [
            -93.0897648,
            41.6716579
          ],
          [
            -93.0893026,
            41.6720856
          ],
          [
            -93.0884746,
            41.6729371
          ],
          [
            -93.0880545,
            41.6733681
          ],
          [
            -93.0876468,
            41.673816
          ],
          [
            -93.0874163,
            41.6741155
          ],
          [
            -93.0871926,
            41.6744701
          ],
          [
            -93.0870699,
            41.6746965
          ],
          [
            -93.0869662,
            41.6749229
          ],
          [
            -93.086868,
            41.6751875
          ],
          [
            -93.0867835,
            41.6754411
          ],
          [
            -93.0866805,
            41.6757741
          ],
          [
            -93.086388,
            41.676794
          ],
          [
            -93.0860922,
            41.6778283
          ],
          [
            -93.0858451,
            41.6786625
          ],
          [
            -93.0856076,
            41.6794799
          ],
          [
            -93.085526,
            41.6797726
          ],
          [
            -93.0854551,
            41.6800563
          ],
          [
            -93.0854033,
            41.6803264
          ],
          [
            -93.0853633,
            41.6805951
          ],
          [
            -93.0853487,
            41.6809101
          ],
          [
            -93.0853514,
            41.6812238
          ],
          [
            -93.0854541,
            41.6819309
          ],
          [
            -93.0855429,
            41.6824092
          ],
          [
            -93.0856165,
            41.6827465
          ],
          [
            -93.085707,
            41.6831453
          ],
          [
            -93.0859624,
            41.6843633
          ],
          [
            -93.0860906,
            41.6849361
          ],
          [
            -93.0861808,
            41.6854926
          ],
          [
            -93.0861997,
            41.6859044
          ],
          [
            -93.0861916,
            41.686319
          ],
          [
            -93.0861635,
            41.6865612
          ],
          [
            -93.0861343,
            41.6867336
          ],
          [
            -93.0860552,
            41.6870828
          ],
          [
            -93.0859324,
            41.6874455
          ],
          [
            -93.0857744,
            41.6877952
          ],
          [
            -93.085616,
            41.6880756
          ],
          [
            -93.0854376,
            41.6883368
          ],
          [
            -93.0852539,
            41.6885923
          ],
          [
            -93.0850732,
            41.6888066
          ],
          [
            -93.0848877,
            41.6890085
          ],
          [
            -93.0847432,
            41.6891585
          ],
          [
            -93.0845577,
            41.6893249
          ],
          [
            -93.0843995,
            41.6894667
          ],
          [
            -93.0842153,
            41.6896049
          ],
          [
            -93.0831748,
            41.6903559
          ],
          [
            -93.0821582,
            41.6910644
          ],
          [
            -93.0810308,
            41.691872
          ],
          [
            -93.079426,
            41.6930117
          ],
          [
            -93.0783136,
            41.6938124
          ],
          [
            -93.0777877,
            41.6941864
          ],
          [
            -93.0771723,
            41.694634
          ]
        ]
      },
      "properties": {
        "osm_id": 140617035,
        "railroad": "IAIS",
        "operator": "Iowa Interstate Railroad",
        "owner": null,
        "name": "Iowa Interstate Railroad",
        "ref": null,
        "usage": "branch",
        "service": null,
        "railway": "rail",
        "source": "OpenStreetMap / Overpass"
      }
    },
    {
      "type": "Feature",
      "geometry": {
        "type": "LineString",
        "coordinates": [
          [
            -93.3206125,
            41.6657841
          ],
          [
            -93.3204975,
            41.6657758
          ]
        ]
      },
      "properties": {
        "osm_id": 140617037,
        "railroad": "IAIS",
        "operator": "Iowa Interstate Railroad",
        "owner": null,
        "name": "Iowa Interstate Railroad",
        "ref": null,
        "usage": null,
        "service": null,
        "railway": "rail",
        "source": "OpenStreetMap / Overpass"
      }
    },
    {
      "type": "Feature",
      "geometry": {
        "type": "LineString",
        "coordinates": [
          [
            -93.3204975,
            41.6657758
          ],
          [
            -93.3172913,
            41.6655469
          ],
          [
            -93.3152169,
            41.6653712
          ],
          [
            -93.3136703,
            41.6652912
          ],
          [
            -93.3124119,
            41.6652624
          ],
          [
            -93.3115125,
            41.6652957
          ],
          [
            -93.3106315,
            41.6653636
          ],
          [
            -93.3097662,
            41.6654482
          ],
          [
            -93.3088017,
            41.6655622
          ],
          [
            -93.3078455,
            41.6657387
          ],
          [
            -93.3051289,
            41.6663053
          ],
          [
            -93.3025559,
            41.6668558
          ],
          [
            -93.2997364,
            41.6674652
          ],
          [
            -93.2968965,
            41.6680731
          ],
          [
            -93.2912669,
            41.6692978
          ],
          [
            -93.290389,
            41.6694874
          ],
          [
            -93.2856018,
            41.670517
          ],
          [
            -93.2808498,
            41.6715552
          ],
          [
            -93.2799176,
            41.6717512
          ],
          [
            -93.2789064,
            41.671967
          ],
          [
            -93.2782804,
            41.6721026
          ]
        ]
      },
      "properties": {
        "osm_id": 140617038,
        "railroad": "IAIS",
        "operator": "Iowa Interstate Railroad",
        "owner": null,
        "name": "Iowa Interstate Railroad",
        "ref": null,
        "usage": "branch",
        "service": null,
        "railway": "rail",
        "source": "OpenStreetMap / Overpass"
      }
    },
    {
      "type": "Feature",
      "geometry": {
        "type": "LineString",
        "coordinates": [
          [
            -93.2782804,
            41.6721026
          ],
          [
            -93.2782053,
            41.6721189
          ]
        ]
      },
      "properties": {
        "osm_id": 140617039,
        "railroad": "IAIS",
        "operator": "Iowa Interstate Railroad",
        "owner": null,
        "name": "Iowa Interstate Railroad",
        "ref": null,
        "usage": null,
        "service": null,
        "railway": "rail",
        "source": "OpenStreetMap / Overpass"
      }
    },
    {
      "type": "Feature",
      "geometry": {
        "type": "LineString",
        "coordinates": [
          [
            -90.3489342,
            41.4809088
          ],
          [
            -90.348543,
            41.4808108
          ]
        ]
      },
      "properties": {
        "osm_id": 142286233,
        "railroad": "IAIS",
        "operator": "Iowa Interstate Railroad",
        "owner": null,
        "name": "Iowa Interstate Railroad",
        "ref": null,
        "usage": "branch",
        "service": null,
        "railway": "rail",
        "source": "OpenStreetMap / Overpass"
      }
    },
    {
      "type": "Feature",
      "geometry": {
        "type": "LineString",
        "coordinates": [
          [
            -91.2499978,
            41.5671111
          ],
          [
            -91.2494672,
            41.5670469
          ]
        ]
      },
      "properties": {
        "osm_id": 160943106,
        "railroad": "IAIS",
        "operator": "Iowa Interstate Railroad",
        "owner": null,
        "name": "Iowa Interstate Railroad",
        "ref": null,
        "usage": "branch",
        "service": null,
        "railway": "rail",
        "source": "OpenStreetMap / Overpass"
      }
    },
    {
      "type": "Feature",
      "geometry": {
        "type": "LineString",
        "coordinates": [
          [
            -91.0658674,
            41.5776641
          ],
          [
            -91.0650825,
            41.577857
          ]
        ]
      },
      "properties": {
        "osm_id": 160945130,
        "railroad": "IAIS",
        "operator": "Iowa Interstate Railroad",
        "owner": null,
        "name": "Iowa Interstate Railroad",
        "ref": null,
        "usage": "branch",
        "service": null,
        "railway": "rail",
        "source": "OpenStreetMap / Overpass"
      }
    },
    {
      "type": "Feature",
      "geometry": {
        "type": "LineString",
        "coordinates": [
          [
            -94.5549994,
            41.5163148
          ],
          [
            -94.5478956,
            41.5139237
          ],
          [
            -94.5395716,
            41.5111363
          ]
        ]
      },
      "properties": {
        "osm_id": 163050183,
        "railroad": "IAIS",
        "operator": "Iowa Interstate Railroad",
        "owner": null,
        "name": "Iowa Interstate Railroad",
        "ref": null,
        "usage": "branch",
        "service": null,
        "railway": "rail",
        "source": "OpenStreetMap / Overpass"
      }
    },
    {
      "type": "Feature",
      "geometry": {
        "type": "LineString",
        "coordinates": [
          [
            -94.5687513,
            41.5177598
          ],
          [
            -94.5679842,
            41.5179365
          ],
          [
            -94.567179,
            41.518096
          ],
          [
            -94.5666324,
            41.5181936
          ],
          [
            -94.5658385,
            41.5182739
          ],
          [
            -94.5649158,
            41.5183543
          ],
          [
            -94.564036,
            41.5183663
          ],
          [
            -94.562711,
            41.5183101
          ],
          [
            -94.5620029,
            41.5182498
          ],
          [
            -94.5614986,
            41.5181856
          ],
          [
            -94.5607583,
            41.5180651
          ],
          [
            -94.5599751,
            41.5179084
          ],
          [
            -94.5590927,
            41.5176716
          ],
          [
            -94.5579742,
            41.517318
          ],
          [
            -94.5551418,
            41.516358
          ]
        ]
      },
      "properties": {
        "osm_id": 163050184,
        "railroad": "IAIS",
        "operator": "Iowa Interstate Railroad",
        "owner": null,
        "name": "Iowa Interstate Railroad",
        "ref": null,
        "usage": "branch",
        "service": null,
        "railway": "rail",
        "source": "OpenStreetMap / Overpass"
      }
    },
    {
      "type": "Feature",
      "geometry": {
        "type": "LineString",
        "coordinates": [
          [
            -94.5551418,
            41.516358
          ],
          [
            -94.5549994,
            41.5163148
          ]
        ]
      },
      "properties": {
        "osm_id": 163050185,
        "railroad": "IAIS",
        "operator": "Iowa Interstate Railroad",
        "owner": null,
        "name": "Iowa Interstate Railroad",
        "ref": null,
        "usage": "branch",
        "service": null,
        "railway": "rail",
        "source": "OpenStreetMap / Overpass"
      }
    },
    {
      "type": "Feature",
      "geometry": {
        "type": "LineString",
        "coordinates": [
          [
            -94.5395716,
            41.5111363
          ],
          [
            -94.5394281,
            41.5110871
          ]
        ]
      },
      "properties": {
        "osm_id": 163050186,
        "railroad": "IAIS",
        "operator": "Iowa Interstate Railroad",
        "owner": null,
        "name": "Iowa Interstate Railroad",
        "ref": null,
        "usage": "branch",
        "service": null,
        "railway": "rail",
        "source": "OpenStreetMap / Overpass"
      }
    },
    {
      "type": "Feature",
      "geometry": {
        "type": "LineString",
        "coordinates": [
          [
            -94.5797672,
            41.5113813
          ],
          [
            -94.5792334,
            41.5117346
          ]
        ]
      },
      "properties": {
        "osm_id": 163050187,
        "railroad": "IAIS",
        "operator": "Iowa Interstate Railroad",
        "owner": null,
        "name": "Iowa Interstate Railroad",
        "ref": null,
        "usage": "branch",
        "service": null,
        "railway": "rail",
        "source": "OpenStreetMap / Overpass"
      }
    },
    {
      "type": "Feature",
      "geometry": {
        "type": "LineString",
        "coordinates": [
          [
            -94.5792334,
            41.5117346
          ],
          [
            -94.5758431,
            41.5140283
          ],
          [
            -94.5747005,
            41.5147955
          ],
          [
            -94.5737027,
            41.5154864
          ],
          [
            -94.5726942,
            41.516129
          ],
          [
            -94.5719163,
            41.5165588
          ],
          [
            -94.5713772,
            41.5168201
          ],
          [
            -94.5707067,
            41.5171133
          ],
          [
            -94.570012,
            41.5173742
          ],
          [
            -94.5691322,
            41.5176594
          ]
        ]
      },
      "properties": {
        "osm_id": 163050188,
        "railroad": "IAIS",
        "operator": "Iowa Interstate Railroad",
        "owner": null,
        "name": "Iowa Interstate Railroad",
        "ref": null,
        "usage": "branch",
        "service": null,
        "railway": "rail",
        "source": "OpenStreetMap / Overpass"
      }
    },
    {
      "type": "Feature",
      "geometry": {
        "type": "LineString",
        "coordinates": [
          [
            -94.3675305,
            41.517774
          ],
          [
            -94.3601243,
            41.513982
          ],
          [
            -94.3578398,
            41.5128485
          ],
          [
            -94.3573482,
            41.5126284
          ],
          [
            -94.3566731,
            41.5123911
          ],
          [
            -94.3560158,
            41.5121927
          ],
          [
            -94.3555243,
            41.512068
          ],
          [
            -94.3515892,
            41.5111964
          ],
          [
            -94.349793,
            41.510806
          ],
          [
            -94.3467108,
            41.5101256
          ],
          [
            -94.3448524,
            41.5097175
          ],
          [
            -94.3433826,
            41.5093665
          ],
          [
            -94.3427466,
            41.5091892
          ],
          [
            -94.3419075,
            41.5089402
          ],
          [
            -94.341109,
            41.5086535
          ],
          [
            -94.3404823,
            41.5084201
          ],
          [
            -94.339817,
            41.5081351
          ],
          [
            -94.3376513,
            41.5070907
          ],
          [
            -94.3340081,
            41.5052283
          ],
          [
            -94.332609,
            41.5045475
          ],
          [
            -94.331879,
            41.504267
          ],
          [
            -94.3310241,
            41.5039971
          ],
          [
            -94.330167,
            41.503795
          ],
          [
            -94.3294871,
            41.5036697
          ],
          [
            -94.3285934,
            41.503568
          ],
          [
            -94.3278988,
            41.5035253
          ],
          [
            -94.3264625,
            41.5034999
          ],
          [
            -94.3234371,
            41.5034545
          ],
          [
            -94.322517,
            41.5034422
          ],
          [
            -94.3183484,
            41.5033826
          ],
          [
            -94.3116316,
            41.5032901
          ],
          [
            -94.3110254,
            41.5032633
          ],
          [
            -94.3103378,
            41.5032206
          ],
          [
            -94.3096462,
            41.5031595
          ],
          [
            -94.3091763,
            41.5030997
          ],
          [
            -94.3089077,
            41.5030558
          ],
          [
            -94.3083602,
            41.5029485
          ],
          [
            -94.3067224,
            41.5025871
          ],
          [
            -94.2992233,
            41.5008474
          ],
          [
            -94.2959172,
            41.5000764
          ],
          [
            -94.290189,
            41.498764
          ],
          [
            -94.2873427,
            41.4981039
          ],
          [
            -94.28675,
            41.4980013
          ],
          [
            -94.2862865,
            41.4979426
          ],
          [
            -94.2857878,
            41.49789
          ],
          [
            -94.2853207,
            41.4978582
          ],
          [
            -94.2847972,
            41.4978366
          ],
          [
            -94.2842823,
            41.4978421
          ],
          [
            -94.2837293,
            41.4978648
          ],
          [
            -94.2832149,
            41.4979027
          ],
          [
            -94.2827407,
            41.4979672
          ],
          [
            -94.2821421,
            41.4980695
          ],
          [
            -94.2816536,
            41.4981718
          ],
          [
            -94.2812241,
            41.4982741
          ],
          [
            -94.2808229,
            41.498383
          ],
          [
            -94.2801601,
            41.4985948
          ],
          [
            -94.2792071,
            41.4989816
          ],
          [
            -94.2786417,
            41.4992688
          ],
          [
            -94.2780622,
            41.4995979
          ],
          [
            -94.2771643,
            41.5002365
          ],
          [
            -94.2765201,
            41.5007674
          ],
          [
            -94.2743051,
            41.5027701
          ],
          [
            -94.2741713,
            41.5029055
          ],
          [
            -94.273356,
            41.503634
          ],
          [
            -94.272683,
            41.504275
          ],
          [
            -94.2667306,
            41.5096132
          ],
          [
            -94.2662123,
            41.5099788
          ],
          [
            -94.2655264,
            41.5104086
          ],
          [
            -94.2649197,
            41.5107124
          ],
          [
            -94.264491,
            41.5109113
          ],
          [
            -94.2639349,
            41.5111248
          ],
          [
            -94.2633082,
            41.5113384
          ],
          [
            -94.2607566,
            41.5120802
          ],
          [
            -94.2582947,
            41.512793
          ],
          [
            -94.2550773,
            41.5137123
          ],
          [
            -94.250237,
            41.515081
          ],
          [
            -94.2473662,
            41.5159264
          ],
          [
            -94.2441888,
            41.5167886
          ],
          [
            -94.2423562,
            41.517118
          ],
          [
            -94.2403726,
            41.5172974
          ],
          [
            -94.239318,
            41.517318
          ],
          [
            -94.2384223,
            41.517305
          ],
          [
            -94.236454,
            41.517161
          ],
          [
            -94.2353801,
            41.5170102
          ],
          [
            -94.2340785,
            41.5167572
          ],
          [
            -94.23286,
            41.5164512
          ],
          [
            -94.2326712,
            41.5163961
          ],
          [
            -94.2281563,
            41.5150806
          ],
          [
            -94.2251208,
            41.5142019
          ],
          [
            -94.2235567,
            41.5137322
          ],
          [
            -94.2225454,
            41.5134443
          ],
          [
            -94.2193087,
            41.512504
          ],
          [
            -94.2183674,
            41.5122265
          ],
          [
            -94.2139995,
            41.5109444
          ],
          [
            -94.2133105,
            41.5107435
          ],
          [
            -94.2118435,
            41.510322
          ],
          [
            -94.2041944,
            41.5080958
          ],
          [
            -94.2038739,
            41.5080105
          ]
        ]
      },
      "properties": {
        "osm_id": 163050191,
        "railroad": "IAIS",
        "operator": "Iowa Interstate Railroad",
        "owner": null,
        "name": "Iowa Interstate Railroad",
        "ref": null,
        "usage": "branch",
        "service": null,
        "railway": "rail",
        "source": "OpenStreetMap / Overpass"
      }
    },
    {
      "type": "Feature",
      "geometry": {
        "type": "LineString",
        "coordinates": [
          [
            -94.5691322,
            41.5176594
          ],
          [
            -94.5687513,
            41.5177598
          ]
        ]
      },
      "properties": {
        "osm_id": 163050196,
        "railroad": "IAIS",
        "operator": "Iowa Interstate Railroad",
        "owner": null,
        "name": "Iowa Interstate Railroad",
        "ref": null,
        "usage": "branch",
        "service": null,
        "railway": "rail",
        "source": "OpenStreetMap / Overpass"
      }
    },
    {
      "type": "Feature",
      "geometry": {
        "type": "LineString",
        "coordinates": [
          [
            -91.3300848,
            41.6123306
          ],
          [
            -91.3275687,
            41.6106916
          ],
          [
            -91.3230438,
            41.6076639
          ],
          [
            -91.318472,
            41.604642
          ],
          [
            -91.3152868,
            41.602525
          ],
          [
            -91.3086537,
            41.5981385
          ],
          [
            -91.3064758,
            41.5966843
          ],
          [
            -91.3046412,
            41.5954647
          ],
          [
            -91.3017819,
            41.5935691
          ],
          [
            -91.2981395,
            41.5911559
          ],
          [
            -91.2929789,
            41.5877295
          ],
          [
            -91.2920242,
            41.5870913
          ],
          [
            -91.2894456,
            41.5853986
          ],
          [
            -91.2869713,
            41.5837458
          ],
          [
            -91.2851925,
            41.5825551
          ],
          [
            -91.2811991,
            41.579921
          ],
          [
            -91.2790274,
            41.5784885
          ],
          [
            -91.2750028,
            41.575796
          ],
          [
            -91.2698208,
            41.5723655
          ],
          [
            -91.2684655,
            41.5714906
          ],
          [
            -91.2680948,
            41.5712664
          ],
          [
            -91.2677696,
            41.5710698
          ],
          [
            -91.267371,
            41.5708776
          ],
          [
            -91.2665535,
            41.5704946
          ],
          [
            -91.2664725,
            41.5704566
          ],
          [
            -91.266157,
            41.570308
          ],
          [
            -91.2654449,
            41.5699913
          ],
          [
            -91.2644825,
            41.5696382
          ],
          [
            -91.2638078,
            41.5694167
          ],
          [
            -91.2634533,
            41.5693003
          ],
          [
            -91.2624346,
            41.5690194
          ],
          [
            -91.2623362,
            41.5689922
          ],
          [
            -91.2607986,
            41.568656
          ],
          [
            -91.259698,
            41.5684629
          ],
          [
            -91.2596333,
            41.5684516
          ],
          [
            -91.2591143,
            41.5683798
          ],
          [
            -91.2575321,
            41.5681528
          ],
          [
            -91.2526524,
            41.5674749
          ],
          [
            -91.2514708,
            41.5673264
          ],
          [
            -91.2499978,
            41.5671111
          ]
        ]
      },
      "properties": {
        "osm_id": 166665543,
        "railroad": "IAIS",
        "operator": "Iowa Interstate Railroad",
        "owner": null,
        "name": "Iowa Interstate Railroad",
        "ref": null,
        "usage": "branch",
        "service": null,
        "railway": "rail",
        "source": "OpenStreetMap / Overpass"
      }
    },
    {
      "type": "Feature",
      "geometry": {
        "type": "LineString",
        "coordinates": [
          [
            -90.6788108,
            41.5708106
          ],
          [
            -90.68324,
            41.571755
          ],
          [
            -90.687408,
            41.572661
          ],
          [
            -90.689593,
            41.573144
          ],
          [
            -90.693287,
            41.573938
          ],
          [
            -90.697222,
            41.57479
          ],
          [
            -90.700111,
            41.575404
          ],
          [
            -90.704852,
            41.576434
          ],
          [
            -90.7068258,
            41.576863
          ],
          [
            -90.708108,
            41.577156
          ],
          [
            -90.709927,
            41.577539
          ],
          [
            -90.713455,
            41.578303
          ],
          [
            -90.714566,
            41.578535
          ],
          [
            -90.719357,
            41.579561
          ],
          [
            -90.720252,
            41.579762
          ],
          [
            -90.723453,
            41.580446
          ],
          [
            -90.726135,
            41.581034
          ],
          [
            -90.727501,
            41.581335
          ],
          [
            -90.728272,
            41.581487
          ],
          [
            -90.729023,
            41.581622
          ],
          [
            -90.72983,
            41.581738
          ],
          [
            -90.73128,
            41.581898
          ],
          [
            -90.731777,
            41.581939
          ],
          [
            -90.732859,
            41.582025
          ],
          [
            -90.734441,
            41.582139
          ],
          [
            -90.735805,
            41.582249
          ],
          [
            -90.739367,
            41.582536
          ],
          [
            -90.740141,
            41.582597
          ],
          [
            -90.745042,
            41.582987
          ],
          [
            -90.74545,
            41.583019
          ],
          [
            -90.745689,
            41.583038
          ],
          [
            -90.747419,
            41.583167
          ],
          [
            -90.7501456,
            41.5833679
          ],
          [
            -90.7503242,
            41.5833855
          ],
          [
            -90.752069,
            41.583542
          ],
          [
            -90.75658,
            41.583903
          ],
          [
            -90.758877,
            41.584069
          ],
          [
            -90.760948,
            41.584251
          ],
          [
            -90.763349,
            41.584424
          ],
          [
            -90.764945,
            41.584562
          ],
          [
            -90.765547,
            41.584614
          ],
          [
            -90.767201,
            41.584714
          ],
          [
            -90.769294,
            41.584892
          ],
          [
            -90.770673,
            41.584996
          ],
          [
            -90.773552,
            41.585223
          ],
          [
            -90.774701,
            41.585313
          ],
          [
            -90.775922,
            41.585394
          ],
          [
            -90.77614,
            41.585408
          ],
          [
            -90.777324,
            41.5855
          ],
          [
            -90.778114,
            41.585562
          ],
          [
            -90.778845,
            41.585624
          ],
          [
            -90.779302,
            41.585663
          ],
          [
            -90.780224,
            41.585741
          ],
          [
            -90.783811,
            41.586022
          ],
          [
            -90.7984502,
            41.5871294
          ],
          [
            -90.8014143,
            41.5873878
          ],
          [
            -90.8032932,
            41.5875277
          ],
          [
            -90.804608,
            41.5876266
          ],
          [
            -90.8064306,
            41.587755
          ],
          [
            -90.8085498,
            41.5879261
          ],
          [
            -90.8123218,
            41.5882198
          ],
          [
            -90.815155,
            41.5884513
          ],
          [
            -90.8180131,
            41.5886691
          ],
          [
            -90.8203298,
            41.5888591
          ],
          [
            -90.822305,
            41.589014
          ],
          [
            -90.8237144,
            41.5891251
          ],
          [
            -90.8251502,
            41.5892357
          ],
          [
            -90.8283482,
            41.5894738
          ],
          [
            -90.8304618,
            41.5896355
          ],
          [
            -90.8366255,
            41.5901254
          ],
          [
            -90.8397353,
            41.5903653
          ],
          [
            -90.841955,
            41.590533
          ],
          [
            -90.843812,
            41.5906644
          ],
          [
            -90.8467678,
            41.5908961
          ],
          [
            -90.8493317,
            41.5910941
          ],
          [
            -90.8519286,
            41.5913059
          ],
          [
            -90.856382,
            41.591696
          ],
          [
            -90.856524,
            41.591705
          ],
          [
            -90.8588474,
            41.5918439
          ],
          [
            -90.860689,
            41.5919631
          ],
          [
            -90.8613263,
            41.5920381
          ],
          [
            -90.862206,
            41.5921123
          ],
          [
            -90.863177,
            41.592239
          ],
          [
            -90.864826,
            41.592539
          ],
          [
            -90.8674095,
            41.5929552
          ],
          [
            -90.8746632,
            41.5941632
          ],
          [
            -90.8781356,
            41.5947389
          ],
          [
            -90.8807857,
            41.5951669
          ],
          [
            -90.8836043,
            41.5956332
          ],
          [
            -90.8860084,
            41.5960297
          ],
          [
            -90.8885358,
            41.5964409
          ],
          [
            -90.8910244,
            41.5968437
          ],
          [
            -90.892712,
            41.597128
          ],
          [
            -90.89616,
            41.597686
          ],
          [
            -90.8998552,
            41.5983022
          ],
          [
            -90.9037023,
            41.5989412
          ],
          [
            -90.9053793,
            41.5992177
          ],
          [
            -90.9072645,
            41.5995251
          ],
          [
            -90.9086973,
            41.5997531
          ],
          [
            -90.9096659,
            41.5999205
          ],
          [
            -90.9118514,
            41.6002817
          ],
          [
            -90.9132557,
            41.6005156
          ],
          [
            -90.91616,
            41.600972
          ],
          [
            -90.918416,
            41.601358
          ],
          [
            -90.919164,
            41.601484
          ],
          [
            -90.9237552,
            41.6022407
          ],
          [
            -90.9247069,
            41.6023934
          ],
          [
            -90.9253637,
            41.6024999
          ],
          [
            -90.9271332,
            41.6027789
          ],
          [
            -90.928078,
            41.602899
          ],
          [
            -90.929155,
            41.6030032
          ],
          [
            -90.9299641,
            41.6030666
          ],
          [
            -90.9307024,
            41.6031024
          ],
          [
            -90.932037,
            41.603078
          ]
        ]
      },
      "properties": {
        "osm_id": 166665547,
        "railroad": "IAIS",
        "operator": "Iowa Interstate Railroad",
        "owner": null,
        "name": "Iowa Interstate Railroad",
        "ref": null,
        "usage": "branch",
        "service": null,
        "railway": "rail",
        "source": "OpenStreetMap / Overpass"
      }
    },
    {
      "type": "Feature",
      "geometry": {
        "type": "LineString",
        "coordinates": [
          [
            -91.0890817,
            41.5757048
          ],
          [
            -91.0862461,
            41.5746302
          ]
        ]
      },
      "properties": {
        "osm_id": 166665557,
        "railroad": "IAIS",
        "operator": "Iowa Interstate Railroad",
        "owner": null,
        "name": "Iowa Interstate Railroad",
        "ref": null,
        "usage": "branch",
        "service": null,
        "railway": "rail",
        "source": "OpenStreetMap / Overpass"
      }
    },
    {
      "type": "Feature",
      "geometry": {
        "type": "LineString",
        "coordinates": [
          [
            -91.2494672,
            41.5670469
          ],
          [
            -91.2438509,
            41.5662832
          ],
          [
            -91.2353679,
            41.5651097
          ],
          [
            -91.2331492,
            41.5648263
          ],
          [
            -91.2323979,
            41.5647661
          ],
          [
            -91.2317435,
            41.564734
          ],
          [
            -91.2311534,
            41.5647099
          ],
          [
            -91.2299842,
            41.5647105
          ],
          [
            -91.2283022,
            41.5647571
          ],
          [
            -91.2218432,
            41.5649405
          ],
          [
            -91.2096447,
            41.5652788
          ],
          [
            -91.2053478,
            41.5654032
          ],
          [
            -91.2008908,
            41.5655255
          ],
          [
            -91.1960352,
            41.5656601
          ]
        ]
      },
      "properties": {
        "osm_id": 166665621,
        "railroad": "IAIS",
        "operator": "Iowa Interstate Railroad",
        "owner": null,
        "name": "Iowa Interstate Railroad",
        "ref": null,
        "usage": "branch",
        "service": null,
        "railway": "rail",
        "source": "OpenStreetMap / Overpass"
      }
    },
    {
      "type": "Feature",
      "geometry": {
        "type": "LineString",
        "coordinates": [
          [
            -90.5804639,
            41.4607313
          ],
          [
            -90.579267,
            41.4598007
          ]
        ]
      },
      "properties": {
        "osm_id": 167016933,
        "railroad": "IAIS",
        "operator": "Iowa Interstate Railroad",
        "owner": null,
        "name": null,
        "ref": null,
        "usage": "industrial",
        "service": null,
        "railway": "rail",
        "source": "OpenStreetMap / Overpass"
      }
    },
    {
      "type": "Feature",
      "geometry": {
        "type": "LineString",
        "coordinates": [
          [
            -90.579267,
            41.4598007
          ],
          [
            -90.5789443,
            41.4595504
          ],
          [
            -90.5786395,
            41.4592995
          ],
          [
            -90.5783294,
            41.4590274
          ],
          [
            -90.5778761,
            41.4585359
          ],
          [
            -90.577639,
            41.4582617
          ],
          [
            -90.5774782,
            41.4580551
          ],
          [
            -90.5773474,
            41.4578731
          ],
          [
            -90.5771955,
            41.4576322
          ],
          [
            -90.5770976,
            41.4574613
          ],
          [
            -90.5769947,
            41.4572668
          ]
        ]
      },
      "properties": {
        "osm_id": 167016934,
        "railroad": "IAIS",
        "operator": "Iowa Interstate Railroad",
        "owner": null,
        "name": "Iowa Interstate Railroad",
        "ref": null,
        "usage": "industrial",
        "service": null,
        "railway": "rail",
        "source": "OpenStreetMap / Overpass"
      }
    },
    {
      "type": "Feature",
      "geometry": {
        "type": "LineString",
        "coordinates": [
          [
            -90.5660455,
            41.4469839
          ],
          [
            -90.5659079,
            41.4469679
          ],
          [
            -90.5658052,
            41.4469589
          ],
          [
            -90.5656672,
            41.4469527
          ],
          [
            -90.5648153,
            41.446987
          ],
          [
            -90.5647555,
            41.4469864
          ],
          [
            -90.5645746,
            41.4469688
          ],
          [
            -90.5644316,
            41.4469446
          ],
          [
            -90.5642964,
            41.44691
          ],
          [
            -90.5641653,
            41.4468626
          ],
          [
            -90.5640514,
            41.4468126
          ],
          [
            -90.5639394,
            41.4467438
          ],
          [
            -90.5637213,
            41.4465771
          ],
          [
            -90.5636704,
            41.4465202
          ],
          [
            -90.5636133,
            41.4464545
          ],
          [
            -90.5635196,
            41.4463296
          ],
          [
            -90.5631952,
            41.4459551
          ],
          [
            -90.5631179,
            41.4459088
          ],
          [
            -90.5630275,
            41.4458615
          ],
          [
            -90.5629477,
            41.4458271
          ],
          [
            -90.5628353,
            41.4457902
          ],
          [
            -90.5627011,
            41.4457756
          ],
          [
            -90.5625371,
            41.4457652
          ],
          [
            -90.5623161,
            41.4457578
          ]
        ]
      },
      "properties": {
        "osm_id": 167022941,
        "railroad": "IAIS",
        "operator": null,
        "owner": null,
        "name": "Iowa Interstate Railroad",
        "ref": null,
        "usage": null,
        "service": "spur",
        "railway": "rail",
        "source": "OpenStreetMap / Overpass"
      }
    },
    {
      "type": "Feature",
      "geometry": {
        "type": "LineString",
        "coordinates": [
          [
            -89.0118697,
            41.3428061
          ],
          [
            -89.0124098,
            41.3427878
          ]
        ]
      },
      "properties": {
        "osm_id": 167422044,
        "railroad": "IAIS",
        "operator": "Iowa Interstate Railroad",
        "owner": null,
        "name": "CSX",
        "ref": null,
        "usage": "branch",
        "service": null,
        "railway": "rail",
        "source": "OpenStreetMap / Overpass"
      }
    },
    {
      "type": "Feature",
      "geometry": {
        "type": "LineString",
        "coordinates": [
          [
            -90.572843,
            41.4507956
          ],
          [
            -90.57263,
            41.4505695
          ],
          [
            -90.5722115,
            41.4501779
          ],
          [
            -90.5719737,
            41.4499683
          ],
          [
            -90.5718561,
            41.4498708
          ],
          [
            -90.5717178,
            41.449745
          ],
          [
            -90.5712594,
            41.4493923
          ],
          [
            -90.5708032,
            41.4490726
          ],
          [
            -90.5704789,
            41.4488561
          ],
          [
            -90.5702401,
            41.4487065
          ],
          [
            -90.5699889,
            41.4485629
          ],
          [
            -90.5694646,
            41.4482741
          ],
          [
            -90.5690753,
            41.4480786
          ],
          [
            -90.5686055,
            41.4478597
          ],
          [
            -90.5678454,
            41.4475408
          ],
          [
            -90.5673928,
            41.4473717
          ],
          [
            -90.5672863,
            41.4473355
          ],
          [
            -90.5671946,
            41.447306
          ],
          [
            -90.5669584,
            41.4472238
          ],
          [
            -90.5666059,
            41.447117
          ],
          [
            -90.5661789,
            41.4470066
          ],
          [
            -90.5660455,
            41.4469839
          ]
        ]
      },
      "properties": {
        "osm_id": 167422072,
        "railroad": "IAIS",
        "operator": null,
        "owner": null,
        "name": "Iowa Interstate Railroad",
        "ref": null,
        "usage": null,
        "service": "spur",
        "railway": "rail",
        "source": "OpenStreetMap / Overpass"
      }
    },
    {
      "type": "Feature",
      "geometry": {
        "type": "LineString",
        "coordinates": [
          [
            -89.9199994,
            41.4007272
          ],
          [
            -89.9205287,
            41.4008476
          ]
        ]
      },
      "properties": {
        "osm_id": 169105435,
        "railroad": "IAIS",
        "operator": "Iowa Interstate Railroad",
        "owner": null,
        "name": "Iowa Interstate Railroad",
        "ref": null,
        "usage": "branch",
        "service": null,
        "railway": "rail",
        "source": "OpenStreetMap / Overpass"
      }
    },
    {
      "type": "Feature",
      "geometry": {
        "type": "LineString",
        "coordinates": [
          [
            -89.9205287,
            41.4008476
          ],
          [
            -89.934086,
            41.403905
          ],
          [
            -89.9428281,
            41.4058798
          ],
          [
            -89.9494791,
            41.4073799
          ],
          [
            -89.9535261,
            41.4082926
          ],
          [
            -89.9592865,
            41.4095901
          ],
          [
            -89.9659676,
            41.4110893
          ]
        ]
      },
      "properties": {
        "osm_id": 169105438,
        "railroad": "IAIS",
        "operator": "Iowa Interstate Railroad",
        "owner": null,
        "name": "Iowa Interstate Railroad",
        "ref": null,
        "usage": "branch",
        "service": null,
        "railway": "rail",
        "source": "OpenStreetMap / Overpass"
      }
    },
    {
      "type": "Feature",
      "geometry": {
        "type": "LineString",
        "coordinates": [
          [
            -94.203003,
            41.5077517
          ],
          [
            -94.2020109,
            41.5074416
          ],
          [
            -94.1968492,
            41.5059382
          ],
          [
            -94.1963113,
            41.5057815
          ],
          [
            -94.1945077,
            41.5052582
          ],
          [
            -94.185289,
            41.5025645
          ],
          [
            -94.1826199,
            41.5017986
          ],
          [
            -94.176845,
            41.5001085
          ],
          [
            -94.1706156,
            41.4982906
          ],
          [
            -94.1692933,
            41.4979302
          ],
          [
            -94.1685213,
            41.4977502
          ],
          [
            -94.1676551,
            41.4975814
          ],
          [
            -94.1670001,
            41.4974725
          ],
          [
            -94.1663537,
            41.49738
          ],
          [
            -94.1655485,
            41.4972876
          ],
          [
            -94.1610968,
            41.4968196
          ],
          [
            -94.158304,
            41.4965405
          ],
          [
            -94.1578319,
            41.4964925
          ],
          [
            -94.1504512,
            41.4957332
          ],
          [
            -94.1495389,
            41.4956241
          ],
          [
            -94.1486157,
            41.49548
          ],
          [
            -94.1466869,
            41.495107
          ],
          [
            -94.1437934,
            41.4945475
          ],
          [
            -94.1419645,
            41.4941843
          ],
          [
            -94.1321986,
            41.4922448
          ],
          [
            -94.1273276,
            41.4912847
          ],
          [
            -94.1229819,
            41.4904173
          ],
          [
            -94.1215158,
            41.4901211
          ],
          [
            -94.1200514,
            41.4898399
          ],
          [
            -94.1191578,
            41.489681
          ],
          [
            -94.1186153,
            41.4896073
          ],
          [
            -94.1178245,
            41.4895167
          ],
          [
            -94.1166891,
            41.4894128
          ],
          [
            -94.1150426,
            41.4893621
          ],
          [
            -94.1109008,
            41.4893654
          ],
          [
            -94.108397,
            41.489346
          ],
          [
            -94.100268,
            41.4893684
          ],
          [
            -94.0989186,
            41.4894145
          ],
          [
            -94.0985953,
            41.4894336
          ],
          [
            -94.0978644,
            41.4895024
          ],
          [
            -94.0885647,
            41.4904277
          ],
          [
            -94.0840641,
            41.4908513
          ],
          [
            -94.0799884,
            41.491275
          ],
          [
            -94.0708491,
            41.4921878
          ],
          [
            -94.07004,
            41.4922935
          ],
          [
            -94.0692989,
            41.4924468
          ],
          [
            -94.0686304,
            41.4925735
          ],
          [
            -94.0679663,
            41.4926523
          ],
          [
            -94.0673927,
            41.4927289
          ],
          [
            -94.0668019,
            41.4927715
          ],
          [
            -94.0661475,
            41.4927725
          ],
          [
            -94.0656331,
            41.4927665
          ],
          [
            -94.0617791,
            41.4924402
          ],
          [
            -94.0611991,
            41.4924287
          ],
          [
            -94.0605491,
            41.4924273
          ],
          [
            -94.0598503,
            41.4924683
          ],
          [
            -94.0592338,
            41.4925379
          ],
          [
            -94.0585345,
            41.4926518
          ],
          [
            -94.0580433,
            41.4927758
          ],
          [
            -94.0574513,
            41.4929386
          ],
          [
            -94.0570224,
            41.4930981
          ],
          [
            -94.0564913,
            41.4933212
          ],
          [
            -94.0558315,
            41.4936446
          ],
          [
            -94.0551395,
            41.4940424
          ],
          [
            -94.0533685,
            41.4953067
          ],
          [
            -94.0530441,
            41.4955189
          ],
          [
            -94.0525109,
            41.4958234
          ],
          [
            -94.0521004,
            41.4960268
          ],
          [
            -94.0516246,
            41.4962316
          ],
          [
            -94.0512185,
            41.4963685
          ],
          [
            -94.050342,
            41.4966466
          ],
          [
            -94.0478654,
            41.4973934
          ],
          [
            -94.0472967,
            41.4975541
          ],
          [
            -94.0463258,
            41.4978374
          ],
          [
            -94.0437535,
            41.4985958
          ],
          [
            -94.0416507,
            41.4992065
          ],
          [
            -94.0392045,
            41.4999317
          ],
          [
            -94.037158,
            41.5005544
          ],
          [
            -94.0362232,
            41.5008412
          ],
          [
            -94.0351879,
            41.5012731
          ],
          [
            -94.0332701,
            41.5021851
          ],
          [
            -94.0325727,
            41.5025346
          ],
          [
            -94.0319558,
            41.5028118
          ],
          [
            -94.031179,
            41.503169
          ],
          [
            -94.030671,
            41.5033723
          ],
          [
            -94.0293165,
            41.5037981
          ],
          [
            -94.023683,
            41.505456
          ],
          [
            -94.0210464,
            41.5062406
          ],
          [
            -94.0205464,
            41.5063905
          ],
          [
            -94.0197255,
            41.5066303
          ],
          [
            -94.0189477,
            41.5068637
          ],
          [
            -94.018029,
            41.5071413
          ],
          [
            -94.0173046,
            41.5073528
          ],
          [
            -94.0169017,
            41.5074866
          ],
          [
            -94.0165147,
            41.5076439
          ],
          [
            -94.0161525,
            41.5078023
          ],
          [
            -94.0158573,
            41.5079538
          ],
          [
            -94.0155845,
            41.5081016
          ],
          [
            -94.0152173,
            41.5083282
          ],
          [
            -94.0146811,
            41.5087454
          ],
          [
            -94.0144207,
            41.5089739
          ],
          [
            -94.0142494,
            41.5091351
          ],
          [
            -94.0138296,
            41.5096266
          ]
        ]
      },
      "properties": {
        "osm_id": 171559858,
        "railroad": "IAIS",
        "operator": "Iowa Interstate Railroad",
        "owner": null,
        "name": "Iowa Interstate Railroad",
        "ref": null,
        "usage": "branch",
        "service": null,
        "railway": "rail",
        "source": "OpenStreetMap / Overpass"
      }
    },
    {
      "type": "Feature",
      "geometry": {
        "type": "LineString",
        "coordinates": [
          [
            -95.6088256,
            41.3702003
          ],
          [
            -95.606059,
            41.370507
          ],
          [
            -95.604836,
            41.370656
          ],
          [
            -95.603104,
            41.37085
          ],
          [
            -95.602092,
            41.370971
          ],
          [
            -95.600938,
            41.371098
          ],
          [
            -95.600037,
            41.371209
          ],
          [
            -95.599144,
            41.371303
          ],
          [
            -95.598364,
            41.37139
          ],
          [
            -95.597623,
            41.371482
          ],
          [
            -95.597397,
            41.37151
          ],
          [
            -95.59589,
            41.371677
          ],
          [
            -95.594656,
            41.371803
          ],
          [
            -95.594445,
            41.371817
          ],
          [
            -95.593535,
            41.371872
          ],
          [
            -95.592893,
            41.371897
          ],
          [
            -95.591259,
            41.371921
          ],
          [
            -95.59043,
            41.371929
          ],
          [
            -95.580067,
            41.372032
          ],
          [
            -95.575053,
            41.372083
          ],
          [
            -95.562469,
            41.372205
          ],
          [
            -95.5556026,
            41.372272
          ],
          [
            -95.55047,
            41.372326
          ],
          [
            -95.549717,
            41.372349
          ],
          [
            -95.548965,
            41.372389
          ],
          [
            -95.548215,
            41.372447
          ],
          [
            -95.547468,
            41.372522
          ],
          [
            -95.547096,
            41.372566
          ],
          [
            -95.546866,
            41.372596
          ],
          [
            -95.544708,
            41.372878
          ],
          [
            -95.541123,
            41.373346
          ],
          [
            -95.5364198,
            41.3739521
          ],
          [
            -95.532151,
            41.374508
          ],
          [
            -95.519581,
            41.376137
          ],
          [
            -95.517344,
            41.376432
          ],
          [
            -95.517271,
            41.3764394
          ],
          [
            -95.517202,
            41.37645
          ],
          [
            -95.515893,
            41.376613
          ],
          [
            -95.515069,
            41.376705
          ],
          [
            -95.514242,
            41.376779
          ],
          [
            -95.5139459,
            41.3768083
          ]
        ]
      },
      "properties": {
        "osm_id": 171708324,
        "railroad": "IAIS",
        "operator": "Iowa Interstate Railroad",
        "owner": null,
        "name": "Iowa Interstate Railroad",
        "ref": null,
        "usage": "branch",
        "service": null,
        "railway": "rail",
        "source": "OpenStreetMap / Overpass"
      }
    },
    {
      "type": "Feature",
      "geometry": {
        "type": "LineString",
        "coordinates": [
          [
            -95.8183537,
            41.2411547
          ],
          [
            -95.818688,
            41.240828
          ],
          [
            -95.819012,
            41.240541
          ],
          [
            -95.819472,
            41.240169
          ],
          [
            -95.820258,
            41.239571
          ],
          [
            -95.820976,
            41.239029
          ],
          [
            -95.821138,
            41.238902
          ],
          [
            -95.821502,
            41.238597
          ],
          [
            -95.821733,
            41.238386
          ],
          [
            -95.821998,
            41.238127
          ],
          [
            -95.8222668,
            41.2378401
          ]
        ]
      },
      "properties": {
        "osm_id": 171708349,
        "railroad": "IAIS",
        "operator": "Iowa Interstate Railroad",
        "owner": null,
        "name": "Iowa Interstate Railroad",
        "ref": null,
        "usage": "branch",
        "service": null,
        "railway": "rail",
        "source": "OpenStreetMap / Overpass"
      }
    },
    {
      "type": "Feature",
      "geometry": {
        "type": "LineString",
        "coordinates": [
          [
            -92.0653029,
            41.792724
          ],
          [
            -92.0655107,
            41.7927464
          ],
          [
            -92.0656269,
            41.7927696
          ],
          [
            -92.0657906,
            41.7927949
          ],
          [
            -92.0659373,
            41.7928127
          ],
          [
            -92.0660764,
            41.7928192
          ],
          [
            -92.0669147,
            41.7928274
          ],
          [
            -92.0687278,
            41.7928313
          ],
          [
            -92.0696609,
            41.7928134
          ],
          [
            -92.0701869,
            41.7927843
          ],
          [
            -92.0706957,
            41.7927555
          ],
          [
            -92.0710592,
            41.7927109
          ],
          [
            -92.0713205,
            41.7926794
          ],
          [
            -92.0717926,
            41.7925954
          ],
          [
            -92.0724927,
            41.7924374
          ],
          [
            -92.0727046,
            41.7923814
          ],
          [
            -92.0728655,
            41.7923374
          ],
          [
            -92.0731454,
            41.7922579
          ]
        ]
      },
      "properties": {
        "osm_id": 171975714,
        "railroad": "IAIS",
        "operator": "Iowa Interstate Railroad",
        "owner": null,
        "name": null,
        "ref": null,
        "usage": null,
        "service": "siding",
        "railway": "rail",
        "source": "OpenStreetMap / Overpass"
      }
    },
    {
      "type": "Feature",
      "geometry": {
        "type": "LineString",
        "coordinates": [
          [
            -93.5877413,
            41.5883298
          ],
          [
            -93.5879808,
            41.5882538
          ],
          [
            -93.5881144,
            41.5882074
          ],
          [
            -93.5881204,
            41.588205
          ],
          [
            -93.588338,
            41.588119
          ],
          [
            -93.5884734,
            41.5880598
          ],
          [
            -93.588605,
            41.587999
          ],
          [
            -93.5887532,
            41.5879246
          ],
          [
            -93.5889041,
            41.5878468
          ],
          [
            -93.5891939,
            41.5876868
          ],
          [
            -93.5894932,
            41.5875187
          ],
          [
            -93.5896607,
            41.5874263
          ],
          [
            -93.5898326,
            41.5873378
          ],
          [
            -93.5899923,
            41.5872724
          ],
          [
            -93.5901563,
            41.5872183
          ],
          [
            -93.5902864,
            41.5871839
          ],
          [
            -93.5904101,
            41.5871566
          ],
          [
            -93.5905827,
            41.5871257
          ],
          [
            -93.5907524,
            41.5871034
          ],
          [
            -93.5909107,
            41.5870864
          ],
          [
            -93.5910461,
            41.5870708
          ],
          [
            -93.5911752,
            41.5870615
          ],
          [
            -93.5913545,
            41.587049
          ]
        ]
      },
      "properties": {
        "osm_id": 171975736,
        "railroad": "IAIS",
        "operator": "Iowa Interstate Railroad",
        "owner": null,
        "name": "Iowa Interstate Railroad",
        "ref": null,
        "usage": "branch",
        "service": null,
        "railway": "rail",
        "source": "OpenStreetMap / Overpass"
      }
    },
    {
      "type": "Feature",
      "geometry": {
        "type": "LineString",
        "coordinates": [
          [
            -93.463111,
            41.651752
          ],
          [
            -93.462885,
            41.651828
          ],
          [
            -93.46264,
            41.65191
          ],
          [
            -93.462356,
            41.652006
          ],
          [
            -93.462137,
            41.652073
          ],
          [
            -93.461803,
            41.652175
          ],
          [
            -93.459289,
            41.652886
          ],
          [
            -93.45896,
            41.652965
          ],
          [
            -93.45852,
            41.653056
          ],
          [
            -93.4581,
            41.653129
          ],
          [
            -93.457671,
            41.65319
          ],
          [
            -93.457244,
            41.653237
          ],
          [
            -93.45682,
            41.65327
          ],
          [
            -93.4554605,
            41.6533576
          ],
          [
            -93.454848,
            41.653397
          ],
          [
            -93.449994,
            41.653695
          ],
          [
            -93.4451539,
            41.6539856
          ],
          [
            -93.4442593,
            41.6540431
          ],
          [
            -93.4430041,
            41.6541309
          ],
          [
            -93.442424,
            41.65417
          ],
          [
            -93.441779,
            41.65425
          ],
          [
            -93.441121,
            41.654346
          ],
          [
            -93.440363,
            41.654474
          ],
          [
            -93.438945,
            41.6547367
          ]
        ]
      },
      "properties": {
        "osm_id": 171975739,
        "railroad": "IAIS",
        "operator": "Iowa Interstate Railroad",
        "owner": null,
        "name": null,
        "ref": null,
        "usage": "branch",
        "service": null,
        "railway": "rail",
        "source": "OpenStreetMap / Overpass"
      }
    },
    {
      "type": "Feature",
      "geometry": {
        "type": "LineString",
        "coordinates": [
          [
            -95.371061,
            41.379205
          ],
          [
            -95.371028,
            41.37926
          ],
          [
            -95.370994,
            41.379314
          ],
          [
            -95.369976,
            41.380969
          ],
          [
            -95.369731,
            41.381356
          ],
          [
            -95.369531,
            41.38164
          ],
          [
            -95.369067,
            41.38225
          ],
          [
            -95.368996,
            41.382351
          ],
          [
            -95.368704,
            41.382813
          ],
          [
            -95.368061,
            41.383864
          ],
          [
            -95.367977,
            41.384021
          ],
          [
            -95.367888,
            41.384203
          ],
          [
            -95.367683,
            41.384678
          ],
          [
            -95.367561,
            41.384918
          ],
          [
            -95.3668396,
            41.3860719
          ],
          [
            -95.3665503,
            41.386487
          ],
          [
            -95.3663826,
            41.3867547
          ],
          [
            -95.3660747,
            41.3872713
          ],
          [
            -95.3659317,
            41.3875847
          ]
        ]
      },
      "properties": {
        "osm_id": 171975758,
        "railroad": "IAIS",
        "operator": "Iowa Interstate Railroad",
        "owner": null,
        "name": null,
        "ref": null,
        "usage": null,
        "service": "spur",
        "railway": "rail",
        "source": "OpenStreetMap / Overpass"
      }
    },
    {
      "type": "Feature",
      "geometry": {
        "type": "LineString",
        "coordinates": [
          [
            -93.7080657,
            41.5693019
          ],
          [
            -93.707502,
            41.569289
          ],
          [
            -93.7053589,
            41.5692215
          ],
          [
            -93.7033396,
            41.5691741
          ],
          [
            -93.7031344,
            41.5691684
          ],
          [
            -93.7029639,
            41.5691626
          ],
          [
            -93.700719,
            41.5690976
          ],
          [
            -93.6934002,
            41.5688888
          ],
          [
            -93.6873353,
            41.5687124
          ],
          [
            -93.681968,
            41.568562
          ],
          [
            -93.681346,
            41.568551
          ],
          [
            -93.6806868,
            41.5685472
          ],
          [
            -93.68001,
            41.5685672
          ],
          [
            -93.6797115,
            41.5685863
          ]
        ]
      },
      "properties": {
        "osm_id": 172088915,
        "railroad": "IAIS",
        "operator": "Iowa Interstate Railroad",
        "owner": null,
        "name": "Iowa Interstate Railroad",
        "ref": null,
        "usage": "branch",
        "service": null,
        "railway": "rail",
        "source": "OpenStreetMap / Overpass"
      }
    },
    {
      "type": "Feature",
      "geometry": {
        "type": "LineString",
        "coordinates": [
          [
            -93.5924866,
            41.5870222
          ],
          [
            -93.5923249,
            41.587026
          ],
          [
            -93.5913545,
            41.587049
          ]
        ]
      },
      "properties": {
        "osm_id": 172123265,
        "railroad": "IAIS",
        "operator": "Iowa Interstate Railroad",
        "owner": null,
        "name": "Iowa Interstate Railroad",
        "ref": null,
        "usage": "branch",
        "service": null,
        "railway": "rail",
        "source": "OpenStreetMap / Overpass"
      }
    },
    {
      "type": "Feature",
      "geometry": {
        "type": "LineString",
        "coordinates": [
          [
            -93.5857925,
            41.5888321
          ],
          [
            -93.5858959,
            41.5888075
          ],
          [
            -93.587173,
            41.5884839
          ],
          [
            -93.5877413,
            41.5883298
          ]
        ]
      },
      "properties": {
        "osm_id": 172123266,
        "railroad": "IAIS",
        "operator": "Iowa Interstate Railroad",
        "owner": null,
        "name": "Iowa Interstate Railroad",
        "ref": null,
        "usage": "branch",
        "service": null,
        "railway": "rail",
        "source": "OpenStreetMap / Overpass"
      }
    },
    {
      "type": "Feature",
      "geometry": {
        "type": "LineString",
        "coordinates": [
          [
            -89.4359855,
            41.03393
          ],
          [
            -89.4367859,
            41.032208
          ],
          [
            -89.4373325,
            41.0310296
          ],
          [
            -89.4375993,
            41.0304011
          ],
          [
            -89.4379218,
            41.0295283
          ],
          [
            -89.4381147,
            41.028891
          ],
          [
            -89.4382573,
            41.0282989
          ],
          [
            -89.4383864,
            41.0276583
          ],
          [
            -89.4383991,
            41.0275763
          ],
          [
            -89.438414,
            41.0274801
          ],
          [
            -89.4384613,
            41.0271667
          ]
        ]
      },
      "properties": {
        "osm_id": 175907787,
        "railroad": "IAIS",
        "operator": "Iowa Interstate Railroad",
        "owner": null,
        "name": null,
        "ref": null,
        "usage": "branch",
        "service": null,
        "railway": "rail",
        "source": "OpenStreetMap / Overpass"
      }
    },
    {
      "type": "Feature",
      "geometry": {
        "type": "LineString",
        "coordinates": [
          [
            -89.4358876,
            41.034147
          ],
          [
            -89.4359855,
            41.03393
          ]
        ]
      },
      "properties": {
        "osm_id": 175907796,
        "railroad": "IAIS",
        "operator": "Iowa Interstate Railroad",
        "owner": null,
        "name": null,
        "ref": null,
        "usage": "branch",
        "service": null,
        "railway": "rail",
        "source": "OpenStreetMap / Overpass"
      }
    },
    {
      "type": "Feature",
      "geometry": {
        "type": "LineString",
        "coordinates": [
          [
            -89.4384613,
            41.0271667
          ],
          [
            -89.4384836,
            41.027014
          ]
        ]
      },
      "properties": {
        "osm_id": 175907797,
        "railroad": "IAIS",
        "operator": "Iowa Interstate Railroad",
        "owner": null,
        "name": null,
        "ref": null,
        "usage": "branch",
        "service": null,
        "railway": "rail",
        "source": "OpenStreetMap / Overpass"
      }
    },
    {
      "type": "Feature",
      "geometry": {
        "type": "LineString",
        "coordinates": [
          [
            -89.4384836,
            41.027014
          ],
          [
            -89.4385287,
            41.0266137
          ],
          [
            -89.4394748,
            41.0184126
          ],
          [
            -89.4397643,
            41.0158825
          ],
          [
            -89.4398638,
            41.0150206
          ],
          [
            -89.4408832,
            41.0061873
          ],
          [
            -89.4410821,
            41.0044642
          ],
          [
            -89.4412803,
            41.0028858
          ],
          [
            -89.4414136,
            41.001719
          ],
          [
            -89.4415455,
            41.0010428
          ],
          [
            -89.4417373,
            41.0002851
          ],
          [
            -89.4422437,
            40.9987992
          ],
          [
            -89.4428,
            40.9972364
          ]
        ]
      },
      "properties": {
        "osm_id": 175907800,
        "railroad": "IAIS",
        "operator": "Iowa Interstate Railroad",
        "owner": null,
        "name": "Iowa Interstate Railroad",
        "ref": null,
        "usage": "branch",
        "service": null,
        "railway": "rail",
        "source": "OpenStreetMap / Overpass"
      }
    },
    {
      "type": "Feature",
      "geometry": {
        "type": "LineString",
        "coordinates": [
          [
            -89.3794803,
            41.2799225
          ],
          [
            -89.3810695,
            41.2790243
          ],
          [
            -89.3827589,
            41.2780399
          ]
        ]
      },
      "properties": {
        "osm_id": 175910391,
        "railroad": "IAIS",
        "operator": "Iowa Interstate Railroad",
        "owner": null,
        "name": null,
        "ref": null,
        "usage": "branch",
        "service": null,
        "railway": "rail",
        "source": "OpenStreetMap / Overpass"
      }
    },
    {
      "type": "Feature",
      "geometry": {
        "type": "LineString",
        "coordinates": [
          [
            -89.3712012,
            41.2846242
          ],
          [
            -89.3716939,
            41.2843425
          ]
        ]
      },
      "properties": {
        "osm_id": 175910392,
        "railroad": "IAIS",
        "operator": "Iowa Interstate Railroad",
        "owner": null,
        "name": "Peoria Subdivision",
        "ref": null,
        "usage": "branch",
        "service": null,
        "railway": "rail",
        "source": "OpenStreetMap / Overpass"
      }
    },
    {
      "type": "Feature",
      "geometry": {
        "type": "LineString",
        "coordinates": [
          [
            -89.3827589,
            41.2780399
          ],
          [
            -89.3834181,
            41.2776813
          ]
        ]
      },
      "properties": {
        "osm_id": 175910394,
        "railroad": "IAIS",
        "operator": "Iowa Interstate Railroad",
        "owner": null,
        "name": null,
        "ref": null,
        "usage": "branch",
        "service": null,
        "railway": "rail",
        "source": "OpenStreetMap / Overpass"
      }
    },
    {
      "type": "Feature",
      "geometry": {
        "type": "LineString",
        "coordinates": [
          [
            -89.3716939,
            41.2843425
          ],
          [
            -89.3739657,
            41.2830604
          ],
          [
            -89.3761925,
            41.2817933
          ],
          [
            -89.3791603,
            41.2801023
          ]
        ]
      },
      "properties": {
        "osm_id": 175910397,
        "railroad": "IAIS",
        "operator": "Iowa Interstate Railroad",
        "owner": null,
        "name": "Peoria Subdivision",
        "ref": null,
        "usage": "branch",
        "service": null,
        "railway": "rail",
        "source": "OpenStreetMap / Overpass"
      }
    },
    {
      "type": "Feature",
      "geometry": {
        "type": "LineString",
        "coordinates": [
          [
            -89.3834181,
            41.2776813
          ],
          [
            -89.3841244,
            41.2772783
          ],
          [
            -89.384638,
            41.2769779
          ],
          [
            -89.3851027,
            41.2766792
          ],
          [
            -89.3855082,
            41.2764091
          ],
          [
            -89.3856578,
            41.2762967
          ]
        ]
      },
      "properties": {
        "osm_id": 175910401,
        "railroad": "IAIS",
        "operator": "Iowa Interstate Railroad",
        "owner": null,
        "name": null,
        "ref": null,
        "usage": "branch",
        "service": null,
        "railway": "rail",
        "source": "OpenStreetMap / Overpass"
      }
    },
    {
      "type": "Feature",
      "geometry": {
        "type": "LineString",
        "coordinates": [
          [
            -89.3791603,
            41.2801023
          ],
          [
            -89.3794803,
            41.2799225
          ]
        ]
      },
      "properties": {
        "osm_id": 175910402,
        "railroad": "IAIS",
        "operator": "Iowa Interstate Railroad",
        "owner": null,
        "name": null,
        "ref": null,
        "usage": "branch",
        "service": null,
        "railway": "rail",
        "source": "OpenStreetMap / Overpass"
      }
    },
    {
      "type": "Feature",
      "geometry": {
        "type": "LineString",
        "coordinates": [
          [
            -89.8430576,
            41.3832801
          ],
          [
            -89.8433362,
            41.3833442
          ]
        ]
      },
      "properties": {
        "osm_id": 177204977,
        "railroad": "IAIS",
        "operator": "Iowa Interstate Railroad",
        "owner": null,
        "name": "Iowa Interstate Railroad",
        "ref": null,
        "usage": "branch",
        "service": null,
        "railway": "rail",
        "source": "OpenStreetMap / Overpass"
      }
    },
    {
      "type": "Feature",
      "geometry": {
        "type": "LineString",
        "coordinates": [
          [
            -89.8433362,
            41.3833442
          ],
          [
            -89.8493518,
            41.3847162
          ],
          [
            -89.8564362,
            41.3863154
          ],
          [
            -89.8565478,
            41.3863414
          ],
          [
            -89.8570238,
            41.3864526
          ]
        ]
      },
      "properties": {
        "osm_id": 177204992,
        "railroad": "IAIS",
        "operator": "Iowa Interstate Railroad",
        "owner": null,
        "name": "Iowa Interstate Railroad",
        "ref": null,
        "usage": "branch",
        "service": null,
        "railway": "rail",
        "source": "OpenStreetMap / Overpass"
      }
    },
    {
      "type": "Feature",
      "geometry": {
        "type": "LineString",
        "coordinates": [
          [
            -89.5615646,
            40.8259799
          ],
          [
            -89.5617963,
            40.8256468
          ],
          [
            -89.5619575,
            40.8254011
          ],
          [
            -89.5621379,
            40.8251081
          ],
          [
            -89.5623158,
            40.8247951
          ],
          [
            -89.5625251,
            40.8244202
          ],
          [
            -89.5626766,
            40.8241217
          ],
          [
            -89.5629219,
            40.8236321
          ],
          [
            -89.5642858,
            40.8208604
          ],
          [
            -89.5654769,
            40.8183971
          ],
          [
            -89.56662,
            40.8160666
          ],
          [
            -89.5670268,
            40.8152345
          ],
          [
            -89.5672205,
            40.8148276
          ],
          [
            -89.5675692,
            40.8141231
          ],
          [
            -89.5677754,
            40.8136829
          ],
          [
            -89.5677937,
            40.8136451
          ]
        ]
      },
      "properties": {
        "osm_id": 183178924,
        "railroad": "IAIS",
        "operator": "Iowa Interstate Railroad",
        "owner": null,
        "name": null,
        "ref": null,
        "usage": "branch",
        "service": null,
        "railway": "rail",
        "source": "OpenStreetMap / Overpass"
      }
    },
    {
      "type": "Feature",
      "geometry": {
        "type": "LineString",
        "coordinates": [
          [
            -89.5612154,
            40.8264572
          ],
          [
            -89.5615646,
            40.8259799
          ]
        ]
      },
      "properties": {
        "osm_id": 183178937,
        "railroad": "IAIS",
        "operator": "Iowa Interstate Railroad",
        "owner": null,
        "name": null,
        "ref": null,
        "usage": "branch",
        "service": null,
        "railway": "rail",
        "source": "OpenStreetMap / Overpass"
      }
    },
    {
      "type": "Feature",
      "geometry": {
        "type": "LineString",
        "coordinates": [
          [
            -90.3691219,
            41.4890897
          ],
          [
            -90.3736747,
            41.4908573
          ]
        ]
      },
      "properties": {
        "osm_id": 183382846,
        "railroad": "IAIS",
        "operator": "Iowa Interstate Railroad",
        "owner": null,
        "name": "Iowa Interstate Railroad",
        "ref": null,
        "usage": "branch",
        "service": null,
        "railway": "rail",
        "source": "OpenStreetMap / Overpass"
      }
    },
    {
      "type": "Feature",
      "geometry": {
        "type": "LineString",
        "coordinates": [
          [
            -90.3736747,
            41.4908573
          ],
          [
            -90.3739688,
            41.4909658
          ],
          [
            -90.3753496,
            41.4914913
          ],
          [
            -90.3761084,
            41.4917906
          ],
          [
            -90.3772716,
            41.4922418
          ],
          [
            -90.3777597,
            41.4924305
          ],
          [
            -90.3784455,
            41.4927297
          ],
          [
            -90.3789193,
            41.4929413
          ],
          [
            -90.3799153,
            41.4934482
          ],
          [
            -90.3802014,
            41.4936135
          ],
          [
            -90.3805669,
            41.4938172
          ],
          [
            -90.3810494,
            41.494107
          ],
          [
            -90.3814885,
            41.4943838
          ],
          [
            -90.3818545,
            41.4946313
          ],
          [
            -90.3822279,
            41.4948949
          ],
          [
            -90.3824819,
            41.4950797
          ],
          [
            -90.3831374,
            41.495597
          ],
          [
            -90.38342,
            41.4958253
          ],
          [
            -90.3841228,
            41.4964481
          ],
          [
            -90.3847251,
            41.4970085
          ],
          [
            -90.3850352,
            41.4973095
          ],
          [
            -90.3860499,
            41.4983436
          ],
          [
            -90.3861875,
            41.4984769
          ],
          [
            -90.3863324,
            41.4986266
          ],
          [
            -90.3865901,
            41.498884
          ],
          [
            -90.3882399,
            41.5005534
          ],
          [
            -90.3892,
            41.5015305
          ],
          [
            -90.3904929,
            41.5028373
          ],
          [
            -90.391839,
            41.5042092
          ],
          [
            -90.393659,
            41.5060482
          ],
          [
            -90.3946277,
            41.5070401
          ],
          [
            -90.395067,
            41.5074802
          ],
          [
            -90.3955342,
            41.5079544
          ],
          [
            -90.3960065,
            41.508408
          ],
          [
            -90.3962382,
            41.5086138
          ],
          [
            -90.3964008,
            41.5087462
          ],
          [
            -90.3966593,
            41.5089466
          ],
          [
            -90.3969096,
            41.5091254
          ],
          [
            -90.3970909,
            41.5092525
          ],
          [
            -90.3973827,
            41.5094415
          ],
          [
            -90.3976944,
            41.5096323
          ],
          [
            -90.3980183,
            41.5098104
          ],
          [
            -90.3984835,
            41.5100431
          ],
          [
            -90.3990803,
            41.5103063
          ],
          [
            -90.3994564,
            41.510453
          ],
          [
            -90.4000395,
            41.510653
          ],
          [
            -90.4003228,
            41.5107398
          ],
          [
            -90.4008196,
            41.5108763
          ],
          [
            -90.4013605,
            41.5110008
          ],
          [
            -90.4020125,
            41.5111336
          ],
          [
            -90.4047344,
            41.5116754
          ],
          [
            -90.4050694,
            41.5117435
          ],
          [
            -90.4116595,
            41.5130577
          ],
          [
            -90.4167114,
            41.5140711
          ],
          [
            -90.4185038,
            41.5144263
          ],
          [
            -90.4224167,
            41.5152144
          ],
          [
            -90.4229222,
            41.5153037
          ],
          [
            -90.423293,
            41.5153897
          ],
          [
            -90.423873,
            41.5155369
          ],
          [
            -90.4245179,
            41.5156679
          ],
          [
            -90.4250517,
            41.5157695
          ],
          [
            -90.4254224,
            41.5158435
          ],
          [
            -90.4282453,
            41.5164128
          ],
          [
            -90.4292772,
            41.5166227
          ],
          [
            -90.4295037,
            41.5166635
          ],
          [
            -90.4304991,
            41.516834
          ],
          [
            -90.4311336,
            41.5169257
          ],
          [
            -90.4317374,
            41.5169989
          ],
          [
            -90.432317,
            41.5170569
          ],
          [
            -90.4327094,
            41.5170885
          ],
          [
            -90.4333195,
            41.5171274
          ],
          [
            -90.4340909,
            41.5171525
          ],
          [
            -90.4344881,
            41.5171618
          ],
          [
            -90.4352982,
            41.517157
          ],
          [
            -90.4357754,
            41.5171424
          ],
          [
            -90.436229,
            41.5171222
          ],
          [
            -90.4369222,
            41.5170767
          ],
          [
            -90.4391853,
            41.5169127
          ],
          [
            -90.4410161,
            41.5167728
          ],
          [
            -90.4450052,
            41.5164753
          ],
          [
            -90.4451209,
            41.5164642
          ],
          [
            -90.4452444,
            41.5164523
          ],
          [
            -90.4452627,
            41.5164505
          ],
          [
            -90.4455181,
            41.5164437
          ],
          [
            -90.4456219,
            41.5164452
          ],
          [
            -90.4457959,
            41.5164548
          ],
          [
            -90.4464866,
            41.5165081
          ],
          [
            -90.4469697,
            41.5165006
          ]
        ]
      },
      "properties": {
        "osm_id": 183382847,
        "railroad": "IAIS",
        "operator": "Iowa Interstate Railroad",
        "owner": null,
        "name": "Iowa Interstate Railroad",
        "ref": null,
        "usage": "branch",
        "service": null,
        "railway": "rail",
        "source": "OpenStreetMap / Overpass"
      }
    },
    {
      "type": "Feature",
      "geometry": {
        "type": "LineString",
        "coordinates": [
          [
            -89.0832476,
            41.3278548
          ],
          [
            -89.083823,
            41.3278175
          ]
        ]
      },
      "properties": {
        "osm_id": 185299980,
        "railroad": "IAIS",
        "operator": "Iowa Interstate Railroad",
        "owner": null,
        "name": "Iowa Interstate Railroad",
        "ref": null,
        "usage": "branch",
        "service": null,
        "railway": "rail",
        "source": "OpenStreetMap / Overpass"
      }
    },
    {
      "type": "Feature",
      "geometry": {
        "type": "LineString",
        "coordinates": [
          [
            -89.083823,
            41.3278175
          ],
          [
            -89.0896925,
            41.3274123
          ],
          [
            -89.0905502,
            41.3273504
          ],
          [
            -89.0922882,
            41.3272325
          ],
          [
            -89.0930218,
            41.3271872
          ],
          [
            -89.0937424,
            41.3271547
          ],
          [
            -89.0958026,
            41.3270881
          ],
          [
            -89.0974245,
            41.3270329
          ],
          [
            -89.0978193,
            41.3270325
          ],
          [
            -89.0982184,
            41.3270396
          ],
          [
            -89.0985601,
            41.3270496
          ],
          [
            -89.0988457,
            41.3270641
          ],
          [
            -89.0992114,
            41.3270881
          ],
          [
            -89.0995714,
            41.3271154
          ],
          [
            -89.1000888,
            41.3271679
          ],
          [
            -89.1008247,
            41.3272532
          ],
          [
            -89.1016829,
            41.3273301
          ],
          [
            -89.1023862,
            41.3273705
          ],
          [
            -89.1037433,
            41.3274384
          ],
          [
            -89.105141,
            41.3275168
          ],
          [
            -89.105791,
            41.3275353
          ],
          [
            -89.1061481,
            41.3275389
          ]
        ]
      },
      "properties": {
        "osm_id": 185299983,
        "railroad": "IAIS",
        "operator": "Iowa Interstate Railroad",
        "owner": null,
        "name": "Blue Island Subdivision",
        "ref": null,
        "usage": "branch",
        "service": null,
        "railway": "rail",
        "source": "OpenStreetMap / Overpass"
      }
    },
    {
      "type": "Feature",
      "geometry": {
        "type": "LineString",
        "coordinates": [
          [
            -92.3740778,
            41.7301085
          ],
          [
            -92.3770963,
            41.7303305
          ],
          [
            -92.3789977,
            41.7304722
          ],
          [
            -92.3823869,
            41.7307305
          ],
          [
            -92.3860103,
            41.7310033
          ],
          [
            -92.3966205,
            41.7318006
          ],
          [
            -92.410006,
            41.732828
          ],
          [
            -92.4119998,
            41.7329222
          ],
          [
            -92.4142314,
            41.7328877
          ],
          [
            -92.41633,
            41.73273
          ],
          [
            -92.4179457,
            41.732509
          ],
          [
            -92.4260704,
            41.7311551
          ],
          [
            -92.4267118,
            41.731052
          ],
          [
            -92.4357862,
            41.7295897
          ],
          [
            -92.4406488,
            41.728799
          ],
          [
            -92.4440862,
            41.7282446
          ],
          [
            -92.4502993,
            41.7272374
          ],
          [
            -92.4516606,
            41.7270205
          ],
          [
            -92.4554763,
            41.7264075
          ],
          [
            -92.4562666,
            41.7262739
          ],
          [
            -92.4585827,
            41.7258908
          ],
          [
            -92.4597606,
            41.7256181
          ],
          [
            -92.460712,
            41.725358
          ],
          [
            -92.461757,
            41.7250376
          ],
          [
            -92.4627552,
            41.724679
          ],
          [
            -92.4636607,
            41.724313
          ],
          [
            -92.4648067,
            41.7237863
          ],
          [
            -92.476689,
            41.7180712
          ],
          [
            -92.4789889,
            41.716983
          ],
          [
            -92.4801681,
            41.7164911
          ],
          [
            -92.4809816,
            41.716191
          ],
          [
            -92.4816749,
            41.7159303
          ],
          [
            -92.48246,
            41.7156588
          ],
          [
            -92.4832589,
            41.7154184
          ],
          [
            -92.4843988,
            41.71511
          ],
          [
            -92.4851797,
            41.7149035
          ],
          [
            -92.5001645,
            41.7112003
          ],
          [
            -92.5020048,
            41.7107487
          ],
          [
            -92.5070103,
            41.7094959
          ],
          [
            -92.5132259,
            41.7079629
          ],
          [
            -92.5242828,
            41.7052286
          ],
          [
            -92.5250305,
            41.7050463
          ],
          [
            -92.525764,
            41.7048825
          ],
          [
            -92.5264282,
            41.7047538
          ],
          [
            -92.527118,
            41.704637
          ],
          [
            -92.5277725,
            41.7045525
          ],
          [
            -92.528556,
            41.7044688
          ],
          [
            -92.5294234,
            41.7043977
          ],
          [
            -92.5302629,
            41.7043404
          ],
          [
            -92.5329204,
            41.7041895
          ],
          [
            -92.5346378,
            41.7040929
          ],
          [
            -92.5401351,
            41.7037823
          ],
          [
            -92.5437964,
            41.7035894
          ],
          [
            -92.5444411,
            41.7035637
          ],
          [
            -92.5452272,
            41.7035526
          ],
          [
            -92.5460938,
            41.7035595
          ],
          [
            -92.5470275,
            41.7035847
          ],
          [
            -92.5480363,
            41.70364
          ],
          [
            -92.5490923,
            41.7037293
          ],
          [
            -92.5500544,
            41.703829
          ],
          [
            -92.5510536,
            41.703955
          ],
          [
            -92.5521583,
            41.704116
          ],
          [
            -92.5534506,
            41.7043367
          ],
          [
            -92.5547202,
            41.7045895
          ],
          [
            -92.5554922,
            41.7047639
          ],
          [
            -92.5562047,
            41.7049579
          ],
          [
            -92.5568895,
            41.7051528
          ],
          [
            -92.5573945,
            41.7053274
          ],
          [
            -92.5588661,
            41.7058378
          ],
          [
            -92.5607694,
            41.7065032
          ],
          [
            -92.561679,
            41.706822
          ],
          [
            -92.5624864,
            41.7071037
          ],
          [
            -92.565182,
            41.708044
          ],
          [
            -92.5714193,
            41.7102262
          ],
          [
            -92.5762145,
            41.7118919
          ],
          [
            -92.5767822,
            41.7120843
          ],
          [
            -92.5773683,
            41.712263
          ],
          [
            -92.5778383,
            41.7124041
          ],
          [
            -92.5783544,
            41.7125353
          ],
          [
            -92.5787515,
            41.7126315
          ],
          [
            -92.5792544,
            41.7127428
          ],
          [
            -92.5797195,
            41.7128378
          ],
          [
            -92.5802032,
            41.7129314
          ],
          [
            -92.5836356,
            41.7135541
          ],
          [
            -92.5907968,
            41.7148564
          ],
          [
            -92.595629,
            41.7157344
          ],
          [
            -92.5962984,
            41.7158691
          ],
          [
            -92.5967621,
            41.7159731
          ],
          [
            -92.5973926,
            41.7161254
          ],
          [
            -92.5978759,
            41.7162519
          ],
          [
            -92.5982811,
            41.7163708
          ],
          [
            -92.5987534,
            41.7165211
          ],
          [
            -92.5992011,
            41.7166644
          ],
          [
            -92.6004005,
            41.7170922
          ],
          [
            -92.6079902,
            41.7199143
          ],
          [
            -92.6091201,
            41.720335
          ],
          [
            -92.6100836,
            41.7206863
          ],
          [
            -92.6132276,
            41.7218555
          ],
          [
            -92.6141813,
            41.7222027
          ],
          [
            -92.6151814,
            41.722549
          ],
          [
            -92.6157243,
            41.722732
          ],
          [
            -92.6165724,
            41.7230036
          ],
          [
            -92.6172928,
            41.7232158
          ],
          [
            -92.6183346,
            41.7235053
          ],
          [
            -92.6192559,
            41.723754
          ],
          [
            -92.6244057,
            41.7251476
          ],
          [
            -92.6263303,
            41.7256652
          ],
          [
            -92.6291402,
            41.7264273
          ]
        ]
      },
      "properties": {
        "osm_id": 186188323,
        "railroad": "IAIS",
        "operator": "Iowa Interstate Railroad",
        "owner": null,
        "name": "Iowa Interstate Railroad",
        "ref": null,
        "usage": "branch",
        "service": null,
        "railway": "rail",
        "source": "OpenStreetMap / Overpass"
      }
    },
    {
      "type": "Feature",
      "geometry": {
        "type": "LineString",
        "coordinates": [
          [
            -92.3732565,
            41.7300462
          ],
          [
            -92.3740778,
            41.7301085
          ]
        ]
      },
      "properties": {
        "osm_id": 186188327,
        "railroad": "IAIS",
        "operator": "Iowa Interstate Railroad",
        "owner": null,
        "name": "Iowa Interstate Railroad",
        "ref": null,
        "usage": "branch",
        "service": null,
        "railway": "rail",
        "source": "OpenStreetMap / Overpass"
      }
    },
    {
      "type": "Feature",
      "geometry": {
        "type": "LineString",
        "coordinates": [
          [
            -89.1963917,
            41.3188304
          ],
          [
            -89.1977406,
            41.3188164
          ],
          [
            -89.1982897,
            41.3188164
          ],
          [
            -89.1987202,
            41.3188253
          ],
          [
            -89.1991794,
            41.3188419
          ],
          [
            -89.1996116,
            41.3188648
          ],
          [
            -89.2001539,
            41.3188992
          ],
          [
            -89.2005911,
            41.3189386
          ],
          [
            -89.2010351,
            41.3189832
          ],
          [
            -89.2015412,
            41.3190454
          ],
          [
            -89.202035,
            41.319113
          ],
          [
            -89.2025176,
            41.3191905
          ],
          [
            -89.2058972,
            41.3197876
          ],
          [
            -89.2064886,
            41.3198881
          ],
          [
            -89.206992,
            41.319967
          ],
          [
            -89.2074445,
            41.3200307
          ],
          [
            -89.2079732,
            41.3200918
          ],
          [
            -89.2085259,
            41.3201526
          ],
          [
            -89.214837,
            41.3207214
          ],
          [
            -89.2156497,
            41.3208
          ],
          [
            -89.2167283,
            41.3209403
          ],
          [
            -89.2176439,
            41.3210955
          ],
          [
            -89.2193781,
            41.3214403
          ],
          [
            -89.2201173,
            41.3215919
          ],
          [
            -89.22103,
            41.3217731
          ],
          [
            -89.2220627,
            41.3219669
          ],
          [
            -89.2231156,
            41.3221312
          ],
          [
            -89.2236491,
            41.3222071
          ],
          [
            -89.2240152,
            41.3222554
          ],
          [
            -89.2243814,
            41.3223025
          ],
          [
            -89.224732,
            41.3223432
          ],
          [
            -89.2264744,
            41.3225123
          ]
        ]
      },
      "properties": {
        "osm_id": 186367392,
        "railroad": "IAIS",
        "operator": "Iowa Interstate Railroad",
        "owner": null,
        "name": "Iowa Interstate Railroad",
        "ref": null,
        "usage": "branch",
        "service": null,
        "railway": "rail",
        "source": "OpenStreetMap / Overpass"
      }
    },
    {
      "type": "Feature",
      "geometry": {
        "type": "LineString",
        "coordinates": [
          [
            -89.3176886,
            41.323713
          ],
          [
            -89.318402,
            41.3235974
          ],
          [
            -89.3188941,
            41.323503
          ],
          [
            -89.3194747,
            41.323378
          ],
          [
            -89.3199456,
            41.323269
          ],
          [
            -89.3205085,
            41.3231294
          ],
          [
            -89.3210059,
            41.3229978
          ],
          [
            -89.3214006,
            41.3228875
          ],
          [
            -89.3217883,
            41.3227705
          ],
          [
            -89.3221972,
            41.3226429
          ],
          [
            -89.3225796,
            41.3225192
          ],
          [
            -89.3230036,
            41.3223779
          ],
          [
            -89.3310154,
            41.319575
          ],
          [
            -89.337189,
            41.3174154
          ],
          [
            -89.3376217,
            41.3172608
          ],
          [
            -89.3380003,
            41.317122
          ],
          [
            -89.338326,
            41.3169927
          ],
          [
            -89.3386482,
            41.3168575
          ],
          [
            -89.3389511,
            41.3167214
          ],
          [
            -89.339243,
            41.3165862
          ],
          [
            -89.3395136,
            41.3164521
          ],
          [
            -89.3397953,
            41.316307
          ],
          [
            -89.3400708,
            41.3161577
          ],
          [
            -89.3405032,
            41.3159059
          ],
          [
            -89.3408419,
            41.3157046
          ],
          [
            -89.3411317,
            41.3155146
          ],
          [
            -89.3413981,
            41.3153279
          ],
          [
            -89.3418309,
            41.315016
          ],
          [
            -89.3421268,
            41.3147926
          ],
          [
            -89.342513,
            41.3144785
          ],
          [
            -89.3427637,
            41.3142683
          ],
          [
            -89.3430144,
            41.3140428
          ],
          [
            -89.3434356,
            41.3136476
          ],
          [
            -89.3472278,
            41.3100088
          ],
          [
            -89.3478049,
            41.3094483
          ],
          [
            -89.3480319,
            41.3092309
          ],
          [
            -89.3482549,
            41.3090301
          ],
          [
            -89.3484549,
            41.3088527
          ],
          [
            -89.3488139,
            41.3085436
          ],
          [
            -89.3490462,
            41.308352
          ],
          [
            -89.3492769,
            41.3081696
          ],
          [
            -89.3498861,
            41.3076977
          ],
          [
            -89.3508495,
            41.3069588
          ],
          [
            -89.3510972,
            41.3067639
          ],
          [
            -89.3513479,
            41.306557
          ],
          [
            -89.351568,
            41.3063643
          ],
          [
            -89.3517669,
            41.3061739
          ],
          [
            -89.3520198,
            41.3059099
          ],
          [
            -89.3522236,
            41.3056925
          ],
          [
            -89.3524031,
            41.3054873
          ],
          [
            -89.3526308,
            41.3051952
          ],
          [
            -89.3528651,
            41.3048808
          ],
          [
            -89.353263,
            41.3042885
          ],
          [
            -89.3536915,
            41.303648
          ]
        ]
      },
      "properties": {
        "osm_id": 186367396,
        "railroad": "IAIS",
        "operator": "Iowa Interstate Railroad",
        "owner": null,
        "name": "Blue Island Subdivision",
        "ref": null,
        "usage": "branch",
        "service": null,
        "railway": "rail",
        "source": "OpenStreetMap / Overpass"
      }
    },
    {
      "type": "Feature",
      "geometry": {
        "type": "LineString",
        "coordinates": [
          [
            -89.274944,
            41.3255982
          ],
          [
            -89.2753581,
            41.3256072
          ]
        ]
      },
      "properties": {
        "osm_id": 186367404,
        "railroad": "IAIS",
        "operator": "Iowa Interstate Railroad",
        "owner": null,
        "name": "Iowa Interstate Railroad",
        "ref": null,
        "usage": "branch",
        "service": null,
        "railway": "rail",
        "source": "OpenStreetMap / Overpass"
      }
    },
    {
      "type": "Feature",
      "geometry": {
        "type": "LineString",
        "coordinates": [
          [
            -89.1957801,
            41.3188271
          ],
          [
            -89.1963917,
            41.3188304
          ]
        ]
      },
      "properties": {
        "osm_id": 186367423,
        "railroad": "IAIS",
        "operator": "Iowa Interstate Railroad",
        "owner": null,
        "name": "Iowa Interstate Railroad",
        "ref": null,
        "usage": "branch",
        "service": null,
        "railway": "rail",
        "source": "OpenStreetMap / Overpass"
      }
    },
    {
      "type": "Feature",
      "geometry": {
        "type": "LineString",
        "coordinates": [
          [
            -89.3175052,
            41.3237434
          ],
          [
            -89.3176886,
            41.323713
          ]
        ]
      },
      "properties": {
        "osm_id": 186367426,
        "railroad": "IAIS",
        "operator": "Iowa Interstate Railroad",
        "owner": null,
        "name": "Iowa Interstate Railroad",
        "ref": null,
        "usage": "branch",
        "service": null,
        "railway": "rail",
        "source": "OpenStreetMap / Overpass"
      }
    },
    {
      "type": "Feature",
      "geometry": {
        "type": "LineString",
        "coordinates": [
          [
            -89.2753581,
            41.3256072
          ],
          [
            -89.2794032,
            41.3257033
          ],
          [
            -89.281893,
            41.3257641
          ],
          [
            -89.2894873,
            41.3259416
          ],
          [
            -89.2903033,
            41.3259589
          ],
          [
            -89.2907405,
            41.3259629
          ],
          [
            -89.2912254,
            41.3259687
          ],
          [
            -89.2917124,
            41.3259655
          ],
          [
            -89.2922045,
            41.3259589
          ],
          [
            -89.2927125,
            41.3259443
          ],
          [
            -89.2931232,
            41.325931
          ],
          [
            -89.2935746,
            41.325911
          ],
          [
            -89.2941764,
            41.3258765
          ],
          [
            -89.2947394,
            41.3258393
          ],
          [
            -89.2953501,
            41.3257901
          ],
          [
            -89.2997521,
            41.3254024
          ],
          [
            -89.3062665,
            41.3248139
          ],
          [
            -89.3107973,
            41.3244094
          ],
          [
            -89.311253,
            41.3243698
          ],
          [
            -89.313553,
            41.3241668
          ],
          [
            -89.31529,
            41.3240121
          ],
          [
            -89.3158642,
            41.3239575
          ],
          [
            -89.3162902,
            41.3239111
          ],
          [
            -89.3167062,
            41.3238579
          ],
          [
            -89.317085,
            41.3238034
          ],
          [
            -89.3175052,
            41.3237434
          ]
        ]
      },
      "properties": {
        "osm_id": 186367431,
        "railroad": "IAIS",
        "operator": "Iowa Interstate Railroad",
        "owner": null,
        "name": "Iowa Interstate Railroad",
        "ref": null,
        "usage": "branch",
        "service": null,
        "railway": "rail",
        "source": "OpenStreetMap / Overpass"
      }
    },
    {
      "type": "Feature",
      "geometry": {
        "type": "LineString",
        "coordinates": [
          [
            -95.817624,
            41.2419411
          ],
          [
            -95.8177686,
            41.2417793
          ],
          [
            -95.818105,
            41.2414058
          ],
          [
            -95.8183537,
            41.2411547
          ]
        ]
      },
      "properties": {
        "osm_id": 192837156,
        "railroad": "IAIS",
        "operator": "Iowa Interstate Railroad",
        "owner": null,
        "name": "Iowa Interstate Railroad",
        "ref": null,
        "usage": "branch",
        "service": null,
        "railway": "rail",
        "source": "OpenStreetMap / Overpass"
      }
    },
    {
      "type": "Feature",
      "geometry": {
        "type": "LineString",
        "coordinates": [
          [
            -95.8222668,
            41.2378401
          ],
          [
            -95.822587,
            41.2374595
          ]
        ]
      },
      "properties": {
        "osm_id": 193410629,
        "railroad": "IAIS",
        "operator": "Iowa Interstate Railroad",
        "owner": null,
        "name": "Iowa Interstate Railroad",
        "ref": null,
        "usage": "branch",
        "service": null,
        "railway": "rail",
        "source": "OpenStreetMap / Overpass"
      }
    },
    {
      "type": "Feature",
      "geometry": {
        "type": "LineString",
        "coordinates": [
          [
            -95.822587,
            41.2374595
          ],
          [
            -95.822844,
            41.237095
          ],
          [
            -95.822993,
            41.236869
          ],
          [
            -95.823196,
            41.236525
          ],
          [
            -95.823381,
            41.236176
          ],
          [
            -95.8234269,
            41.236048
          ]
        ]
      },
      "properties": {
        "osm_id": 193410655,
        "railroad": "IAIS",
        "operator": "Iowa Interstate Railroad",
        "owner": null,
        "name": "Iowa Interstate Railroad",
        "ref": null,
        "usage": "branch",
        "service": null,
        "railway": "rail",
        "source": "OpenStreetMap / Overpass"
      }
    },
    {
      "type": "Feature",
      "geometry": {
        "type": "LineString",
        "coordinates": [
          [
            -95.7722024,
            41.2807865
          ],
          [
            -95.7728275,
            41.280373
          ]
        ]
      },
      "properties": {
        "osm_id": 193818442,
        "railroad": "IAIS",
        "operator": "Iowa Interstate Railroad",
        "owner": null,
        "name": "Iowa Interstate Railroad",
        "ref": null,
        "usage": "branch",
        "service": null,
        "railway": "rail",
        "source": "OpenStreetMap / Overpass"
      }
    },
    {
      "type": "Feature",
      "geometry": {
        "type": "LineString",
        "coordinates": [
          [
            -95.7728275,
            41.280373
          ],
          [
            -95.7736752,
            41.279806
          ],
          [
            -95.7746789,
            41.2791372
          ],
          [
            -95.7758966,
            41.2783291
          ],
          [
            -95.778835,
            41.2763692
          ],
          [
            -95.780298,
            41.275382
          ],
          [
            -95.7825197,
            41.2739165
          ],
          [
            -95.784516,
            41.272572
          ],
          [
            -95.785036,
            41.272216
          ],
          [
            -95.785293,
            41.272033
          ],
          [
            -95.785379,
            41.271969
          ],
          [
            -95.785795,
            41.271656
          ],
          [
            -95.786022,
            41.27148
          ],
          [
            -95.786464,
            41.271118
          ],
          [
            -95.78674,
            41.270878
          ],
          [
            -95.7890515,
            41.2687847
          ],
          [
            -95.790109,
            41.267827
          ],
          [
            -95.7908647,
            41.267175
          ],
          [
            -95.791315,
            41.266796
          ],
          [
            -95.791794,
            41.2664411
          ],
          [
            -95.792289,
            41.266079
          ],
          [
            -95.792849,
            41.265702
          ],
          [
            -95.792899,
            41.265662
          ],
          [
            -95.792942,
            41.265639
          ],
          [
            -95.7967064,
            41.2631233
          ],
          [
            -95.7978727,
            41.2623333
          ],
          [
            -95.7982195,
            41.2620891
          ],
          [
            -95.7986552,
            41.2617799
          ]
        ]
      },
      "properties": {
        "osm_id": 193818456,
        "railroad": "IAIS",
        "operator": "Iowa Interstate Railroad",
        "owner": null,
        "name": "Iowa Interstate Railroad",
        "ref": null,
        "usage": "branch",
        "service": null,
        "railway": "rail",
        "source": "OpenStreetMap / Overpass"
      }
    },
    {
      "type": "Feature",
      "geometry": {
        "type": "LineString",
        "coordinates": [
          [
            -95.8077371,
            41.2532693
          ],
          [
            -95.808058,
            41.252956
          ],
          [
            -95.810493,
            41.250493
          ],
          [
            -95.810816,
            41.250166
          ],
          [
            -95.81115,
            41.24982
          ],
          [
            -95.811462,
            41.249478
          ],
          [
            -95.811935,
            41.248931
          ],
          [
            -95.813048,
            41.247566
          ],
          [
            -95.813941,
            41.246471
          ],
          [
            -95.817202,
            41.242471
          ],
          [
            -95.817624,
            41.2419411
          ]
        ]
      },
      "properties": {
        "osm_id": 193825741,
        "railroad": "IAIS",
        "operator": "Iowa Interstate Railroad",
        "owner": null,
        "name": "Iowa Interstate Railroad",
        "ref": null,
        "usage": "branch",
        "service": null,
        "railway": "rail",
        "source": "OpenStreetMap / Overpass"
      }
    },
    {
      "type": "Feature",
      "geometry": {
        "type": "LineString",
        "coordinates": [
          [
            -95.8073739,
            41.2536226
          ],
          [
            -95.8075347,
            41.2534611
          ],
          [
            -95.8077371,
            41.2532693
          ]
        ]
      },
      "properties": {
        "osm_id": 193825742,
        "railroad": "IAIS",
        "operator": "Iowa Interstate Railroad",
        "owner": null,
        "name": "Iowa Interstate Railroad",
        "ref": null,
        "usage": "branch",
        "service": null,
        "railway": "rail",
        "source": "OpenStreetMap / Overpass"
      }
    },
    {
      "type": "Feature",
      "geometry": {
        "type": "LineString",
        "coordinates": [
          [
            -89.4790168,
            40.9346341
          ],
          [
            -89.4791658,
            40.9343081
          ]
        ]
      },
      "properties": {
        "osm_id": 201719721,
        "railroad": "IAIS",
        "operator": "Iowa Interstate Railroad",
        "owner": null,
        "name": null,
        "ref": null,
        "usage": "branch",
        "service": null,
        "railway": "rail",
        "source": "OpenStreetMap / Overpass"
      }
    },
    {
      "type": "Feature",
      "geometry": {
        "type": "LineString",
        "coordinates": [
          [
            -89.4793497,
            40.9339226
          ],
          [
            -89.479453,
            40.9337484
          ],
          [
            -89.4794986,
            40.9336573
          ],
          [
            -89.4795615,
            40.9335491
          ],
          [
            -89.4796152,
            40.9334372
          ],
          [
            -89.4797109,
            40.9332261
          ],
          [
            -89.4799653,
            40.93264
          ],
          [
            -89.4802821,
            40.9319516
          ],
          [
            -89.4805835,
            40.9312757
          ],
          [
            -89.4809179,
            40.9305342
          ],
          [
            -89.4812733,
            40.9297501
          ],
          [
            -89.4813761,
            40.9295052
          ],
          [
            -89.4823225,
            40.9273983
          ],
          [
            -89.4823534,
            40.9273153
          ],
          [
            -89.4823802,
            40.9272332
          ],
          [
            -89.4824137,
            40.9271319
          ],
          [
            -89.4825062,
            40.9268765
          ]
        ]
      },
      "properties": {
        "osm_id": 201719723,
        "railroad": "IAIS",
        "operator": null,
        "owner": null,
        "name": "Iowa Interstate Railroad",
        "ref": null,
        "usage": null,
        "service": "siding",
        "railway": "rail",
        "source": "OpenStreetMap / Overpass"
      }
    },
    {
      "type": "Feature",
      "geometry": {
        "type": "LineString",
        "coordinates": [
          [
            -89.4791658,
            40.9343081
          ],
          [
            -89.4792399,
            40.9341562
          ],
          [
            -89.4793497,
            40.9339226
          ]
        ]
      },
      "properties": {
        "osm_id": 201719724,
        "railroad": "IAIS",
        "operator": "Iowa Interstate Railroad",
        "owner": null,
        "name": "Iowa Interstate Railroad",
        "ref": null,
        "usage": "branch",
        "service": null,
        "railway": "rail",
        "source": "OpenStreetMap / Overpass"
      }
    },
    {
      "type": "Feature",
      "geometry": {
        "type": "LineString",
        "coordinates": [
          [
            -89.4914801,
            40.9068689
          ],
          [
            -89.4930222,
            40.9034671
          ],
          [
            -89.4936798,
            40.9020177
          ],
          [
            -89.4939934,
            40.9013184
          ],
          [
            -89.4966899,
            40.8953888
          ],
          [
            -89.4978069,
            40.8929403
          ],
          [
            -89.5003604,
            40.8873192
          ],
          [
            -89.5010361,
            40.8858336
          ]
        ]
      },
      "properties": {
        "osm_id": 201719725,
        "railroad": "IAIS",
        "operator": "Iowa Interstate Railroad",
        "owner": null,
        "name": null,
        "ref": null,
        "usage": "branch",
        "service": null,
        "railway": "rail",
        "source": "OpenStreetMap / Overpass"
      }
    },
    {
      "type": "Feature",
      "geometry": {
        "type": "LineString",
        "coordinates": [
          [
            -93.7462327,
            41.6146431
          ],
          [
            -93.742689,
            41.610671
          ],
          [
            -93.742497,
            41.610445
          ],
          [
            -93.742306,
            41.610192
          ],
          [
            -93.742137,
            41.60994
          ],
          [
            -93.742012,
            41.609731
          ],
          [
            -93.7416306,
            41.609067
          ],
          [
            -93.7414399,
            41.6087301
          ],
          [
            -93.7413411,
            41.6085624
          ],
          [
            -93.741291,
            41.608476
          ],
          [
            -93.7412469,
            41.6084066
          ],
          [
            -93.741193,
            41.6083242
          ],
          [
            -93.741142,
            41.6082509
          ],
          [
            -93.7410812,
            41.6081724
          ],
          [
            -93.7410216,
            41.6080991
          ],
          [
            -93.7409547,
            41.6080206
          ],
          [
            -93.7408913,
            41.6079499
          ],
          [
            -93.740813,
            41.607872
          ],
          [
            -93.74074,
            41.607801
          ],
          [
            -93.7406525,
            41.6077229
          ],
          [
            -93.7405674,
            41.6076519
          ],
          [
            -93.7404396,
            41.6075527
          ],
          [
            -93.740334,
            41.6074756
          ],
          [
            -93.74024,
            41.6074072
          ],
          [
            -93.7401489,
            41.6073465
          ],
          [
            -93.740044,
            41.6072775
          ],
          [
            -93.7399448,
            41.6072158
          ],
          [
            -93.7397827,
            41.6071151
          ],
          [
            -93.7396185,
            41.6070166
          ],
          [
            -93.739278,
            41.606825
          ],
          [
            -93.7391005,
            41.6067318
          ],
          [
            -93.738922,
            41.606642
          ],
          [
            -93.7387481,
            41.6065556
          ],
          [
            -93.7385732,
            41.6064772
          ],
          [
            -93.7384336,
            41.6064157
          ],
          [
            -93.7375426,
            41.6060349
          ],
          [
            -93.736627,
            41.605643
          ]
        ]
      },
      "properties": {
        "osm_id": 217504777,
        "railroad": "IAIS",
        "operator": "Iowa Interstate Railroad",
        "owner": null,
        "name": null,
        "ref": null,
        "usage": null,
        "service": null,
        "railway": "rail",
        "source": "OpenStreetMap / Overpass"
      }
    },
    {
      "type": "Feature",
      "geometry": {
        "type": "LineString",
        "coordinates": [
          [
            -93.7798551,
            41.6553733
          ],
          [
            -93.7802061,
            41.6557056
          ],
          [
            -93.7804341,
            41.655912
          ],
          [
            -93.7806862,
            41.6561064
          ],
          [
            -93.7810162,
            41.6563449
          ],
          [
            -93.7812307,
            41.6565192
          ],
          [
            -93.7814158,
            41.6566835
          ],
          [
            -93.7816867,
            41.6569721
          ],
          [
            -93.7818021,
            41.6571019
          ]
        ]
      },
      "properties": {
        "osm_id": 217504778,
        "railroad": "IAIS",
        "operator": "Iowa Interstate Railroad",
        "owner": null,
        "name": null,
        "ref": null,
        "usage": null,
        "service": "spur",
        "railway": "rail",
        "source": "OpenStreetMap / Overpass"
      }
    },
    {
      "type": "Feature",
      "geometry": {
        "type": "LineString",
        "coordinates": [
          [
            -93.7822727,
            41.6580719
          ],
          [
            -93.781743,
            41.6576615
          ],
          [
            -93.7812924,
            41.6571645
          ],
          [
            -93.7811882,
            41.6570386
          ],
          [
            -93.7810913,
            41.6568719
          ],
          [
            -93.780992,
            41.6566955
          ],
          [
            -93.7808348,
            41.6564699
          ]
        ]
      },
      "properties": {
        "osm_id": 217504779,
        "railroad": "IAIS",
        "operator": "Iowa Interstate Railroad",
        "owner": null,
        "name": null,
        "ref": null,
        "usage": null,
        "service": "spur",
        "railway": "rail",
        "source": "OpenStreetMap / Overpass"
      }
    },
    {
      "type": "Feature",
      "geometry": {
        "type": "LineString",
        "coordinates": [
          [
            -93.7577041,
            41.630568
          ],
          [
            -93.7579361,
            41.6307792
          ],
          [
            -93.7581212,
            41.6309476
          ],
          [
            -93.7595964,
            41.6326175
          ],
          [
            -93.7596876,
            41.6327418
          ],
          [
            -93.7597911,
            41.6329088
          ]
        ]
      },
      "properties": {
        "osm_id": 217504781,
        "railroad": "IAIS",
        "operator": "Iowa Interstate Railroad",
        "owner": null,
        "name": null,
        "ref": null,
        "usage": null,
        "service": "siding",
        "railway": "rail",
        "source": "OpenStreetMap / Overpass"
      }
    },
    {
      "type": "Feature",
      "geometry": {
        "type": "LineString",
        "coordinates": [
          [
            -93.7466616,
            41.6151338
          ],
          [
            -93.7462327,
            41.6146431
          ]
        ]
      },
      "properties": {
        "osm_id": 217504782,
        "railroad": "IAIS",
        "operator": "Iowa Interstate Railroad",
        "owner": null,
        "name": null,
        "ref": null,
        "usage": null,
        "service": null,
        "railway": "rail",
        "source": "OpenStreetMap / Overpass"
      }
    },
    {
      "type": "Feature",
      "geometry": {
        "type": "LineString",
        "coordinates": [
          [
            -90.5833218,
            41.4428753
          ],
          [
            -90.5831934,
            41.4428773
          ],
          [
            -90.5829754,
            41.4428852
          ],
          [
            -90.5824953,
            41.4429194
          ],
          [
            -90.5822083,
            41.4429496
          ],
          [
            -90.5819276,
            41.4429894
          ],
          [
            -90.5812341,
            41.4431189
          ],
          [
            -90.580935,
            41.4431917
          ],
          [
            -90.5805147,
            41.4433101
          ],
          [
            -90.579901,
            41.4435127
          ]
        ]
      },
      "properties": {
        "osm_id": 252688365,
        "railroad": "IAIS",
        "operator": null,
        "owner": null,
        "name": "Iowa Interstate Railroad",
        "ref": null,
        "usage": "industrial",
        "service": null,
        "railway": "rail",
        "source": "OpenStreetMap / Overpass"
      }
    },
    {
      "type": "Feature",
      "geometry": {
        "type": "LineString",
        "coordinates": [
          [
            -90.6061726,
            41.4433474
          ],
          [
            -90.6059152,
            41.4433436
          ]
        ]
      },
      "properties": {
        "osm_id": 252697797,
        "railroad": "IAIS",
        "operator": null,
        "owner": null,
        "name": "Iowa Interstate Railroad",
        "ref": null,
        "usage": "industrial",
        "service": null,
        "railway": "rail",
        "source": "OpenStreetMap / Overpass"
      }
    },
    {
      "type": "Feature",
      "geometry": {
        "type": "LineString",
        "coordinates": [
          [
            -90.6059152,
            41.4433436
          ],
          [
            -90.6041718,
            41.4433148
          ],
          [
            -90.6025246,
            41.4432926
          ],
          [
            -90.6007629,
            41.4432681
          ],
          [
            -90.5971265,
            41.4431972
          ],
          [
            -90.5966762,
            41.443181
          ],
          [
            -90.5963913,
            41.4431673
          ],
          [
            -90.595719,
            41.4431339
          ],
          [
            -90.5952539,
            41.4431174
          ],
          [
            -90.5934966,
            41.4430817
          ],
          [
            -90.593013,
            41.4430717
          ],
          [
            -90.5920917,
            41.4430534
          ],
          [
            -90.5900551,
            41.4430114
          ],
          [
            -90.5889059,
            41.4429834
          ],
          [
            -90.5868985,
            41.4429418
          ],
          [
            -90.5867969,
            41.4429397
          ],
          [
            -90.5862386,
            41.4429333
          ]
        ]
      },
      "properties": {
        "osm_id": 252697828,
        "railroad": "IAIS",
        "operator": null,
        "owner": null,
        "name": "Iowa Interstate Railroad",
        "ref": null,
        "usage": "industrial",
        "service": null,
        "railway": "rail",
        "source": "OpenStreetMap / Overpass"
      }
    },
    {
      "type": "Feature",
      "geometry": {
        "type": "LineString",
        "coordinates": [
          [
            -90.6224193,
            41.4435372
          ],
          [
            -90.6216142,
            41.443523
          ],
          [
            -90.6210339,
            41.4435295
          ],
          [
            -90.6207675,
            41.4435275
          ],
          [
            -90.6206674,
            41.4435263
          ],
          [
            -90.6204389,
            41.4435234
          ],
          [
            -90.6203404,
            41.4435222
          ],
          [
            -90.6200506,
            41.4435187
          ],
          [
            -90.6160569,
            41.4434694
          ],
          [
            -90.6156639,
            41.4434645
          ],
          [
            -90.6149742,
            41.443456
          ],
          [
            -90.6134876,
            41.4434376
          ],
          [
            -90.6105744,
            41.4434017
          ],
          [
            -90.6079314,
            41.4433691
          ],
          [
            -90.6074511,
            41.4433631
          ],
          [
            -90.6061726,
            41.4433474
          ]
        ]
      },
      "properties": {
        "osm_id": 252770011,
        "railroad": "IAIS",
        "operator": null,
        "owner": null,
        "name": "Iowa Interstate Railroad",
        "ref": null,
        "usage": "industrial",
        "service": null,
        "railway": "rail",
        "source": "OpenStreetMap / Overpass"
      }
    },
    {
      "type": "Feature",
      "geometry": {
        "type": "LineString",
        "coordinates": [
          [
            -90.5896473,
            41.5089802
          ],
          [
            -90.5897073,
            41.5089596
          ],
          [
            -90.5900412,
            41.5088446
          ],
          [
            -90.5904028,
            41.5087282
          ],
          [
            -90.5911856,
            41.5084666
          ],
          [
            -90.5918153,
            41.5082497
          ],
          [
            -90.5920646,
            41.5081592
          ],
          [
            -90.5922257,
            41.5080961
          ],
          [
            -90.5925149,
            41.507963
          ],
          [
            -90.5926423,
            41.5078992
          ],
          [
            -90.5932204,
            41.5075761
          ],
          [
            -90.5933598,
            41.5074876
          ],
          [
            -90.593646,
            41.507295
          ],
          [
            -90.5939682,
            41.5070485
          ],
          [
            -90.5942787,
            41.5067756
          ],
          [
            -90.5944125,
            41.5066413
          ],
          [
            -90.5949032,
            41.5061217
          ],
          [
            -90.5951923,
            41.505767
          ],
          [
            -90.5953879,
            41.5055212
          ],
          [
            -90.5955177,
            41.5053132
          ],
          [
            -90.5956857,
            41.5050565
          ],
          [
            -90.5958914,
            41.5046788
          ],
          [
            -90.5960149,
            41.5044172
          ],
          [
            -90.5960971,
            41.5042235
          ],
          [
            -90.5961798,
            41.5039924
          ],
          [
            -90.596377,
            41.5032562
          ],
          [
            -90.5964848,
            41.5027445
          ],
          [
            -90.5965073,
            41.5025858
          ],
          [
            -90.5965352,
            41.5023274
          ],
          [
            -90.5965461,
            41.5021812
          ],
          [
            -90.5965633,
            41.5017917
          ],
          [
            -90.596563,
            41.5016536
          ],
          [
            -90.5965472,
            41.5011577
          ],
          [
            -90.5965328,
            41.5009937
          ],
          [
            -90.5964923,
            41.500644
          ],
          [
            -90.5964296,
            41.5002386
          ],
          [
            -90.5963411,
            41.4997755
          ],
          [
            -90.5960816,
            41.4986782
          ],
          [
            -90.5958164,
            41.4975562
          ],
          [
            -90.5957235,
            41.4971598
          ],
          [
            -90.5955231,
            41.4963614
          ],
          [
            -90.5953422,
            41.4955958
          ],
          [
            -90.5953189,
            41.4954987
          ],
          [
            -90.5952293,
            41.4951438
          ],
          [
            -90.5951788,
            41.4949172
          ],
          [
            -90.5950099,
            41.4942186
          ],
          [
            -90.5948725,
            41.4936192
          ],
          [
            -90.5947364,
            41.4930826
          ],
          [
            -90.5944922,
            41.492062
          ],
          [
            -90.5943872,
            41.491574
          ],
          [
            -90.5942684,
            41.4911647
          ],
          [
            -90.5941976,
            41.4908469
          ],
          [
            -90.5941059,
            41.4904877
          ],
          [
            -90.593326,
            41.4872712
          ],
          [
            -90.5932349,
            41.4869037
          ],
          [
            -90.5929142,
            41.4855379
          ],
          [
            -90.5926567,
            41.4844884
          ],
          [
            -90.5924829,
            41.4837419
          ],
          [
            -90.5920312,
            41.4818649
          ],
          [
            -90.5916975,
            41.480512
          ],
          [
            -90.5914816,
            41.4796144
          ],
          [
            -90.5912571,
            41.4786698
          ],
          [
            -90.5911887,
            41.478386
          ],
          [
            -90.5909583,
            41.4774643
          ],
          [
            -90.5909466,
            41.4774119
          ],
          [
            -90.5907519,
            41.4765708
          ],
          [
            -90.5904108,
            41.4751506
          ],
          [
            -90.5902221,
            41.4743699
          ],
          [
            -90.5900983,
            41.473845
          ],
          [
            -90.5900102,
            41.4734962
          ],
          [
            -90.5898429,
            41.4727297
          ],
          [
            -90.5897869,
            41.4725295
          ],
          [
            -90.5896346,
            41.4718637
          ],
          [
            -90.5894706,
            41.4712345
          ],
          [
            -90.5893246,
            41.4707609
          ],
          [
            -90.589117,
            41.4701625
          ],
          [
            -90.5888968,
            41.4696358
          ],
          [
            -90.5887652,
            41.4693404
          ],
          [
            -90.5887059,
            41.4691979
          ],
          [
            -90.5884576,
            41.4686862
          ],
          [
            -90.5881753,
            41.4681773
          ],
          [
            -90.5878385,
            41.4676287
          ],
          [
            -90.5874631,
            41.4670584
          ],
          [
            -90.5871478,
            41.4666349
          ],
          [
            -90.5867294,
            41.4660965
          ],
          [
            -90.5864568,
            41.4657819
          ],
          [
            -90.5854564,
            41.464713
          ],
          [
            -90.5850949,
            41.4643945
          ],
          [
            -90.5842795,
            41.4637251
          ],
          [
            -90.5838058,
            41.463356
          ],
          [
            -90.58373,
            41.4632875
          ],
          [
            -90.5826546,
            41.4624492
          ],
          [
            -90.580683,
            41.46091
          ],
          [
            -90.5804639,
            41.4607313
          ]
        ]
      },
      "properties": {
        "osm_id": 253280581,
        "railroad": "IAIS",
        "operator": "Iowa Interstate Railroad",
        "owner": null,
        "name": "Iowa Interstate Railroad",
        "ref": null,
        "usage": "industrial",
        "service": null,
        "railway": "rail",
        "source": "OpenStreetMap / Overpass"
      }
    },
    {
      "type": "Feature",
      "geometry": {
        "type": "LineString",
        "coordinates": [
          [
            -90.5452404,
            41.5077034
          ],
          [
            -90.5454931,
            41.5077126
          ]
        ]
      },
      "properties": {
        "osm_id": 256093243,
        "railroad": "IAIS",
        "operator": "Iowa Interstate Railroad",
        "owner": null,
        "name": "Iowa Interstate Railroad",
        "ref": "7",
        "usage": "branch",
        "service": null,
        "railway": "rail",
        "source": "OpenStreetMap / Overpass"
      }
    },
    {
      "type": "Feature",
      "geometry": {
        "type": "LineString",
        "coordinates": [
          [
            -90.5454931,
            41.5077126
          ],
          [
            -90.5457677,
            41.5077199
          ],
          [
            -90.5460859,
            41.507722
          ],
          [
            -90.5466545,
            41.5077186
          ],
          [
            -90.5471854,
            41.5077147
          ],
          [
            -90.5472423,
            41.5077145
          ],
          [
            -90.5476258,
            41.5076892
          ],
          [
            -90.5478913,
            41.5076755
          ],
          [
            -90.548029,
            41.5076701
          ],
          [
            -90.5482079,
            41.5076696
          ],
          [
            -90.5485589,
            41.5076784
          ],
          [
            -90.5496508,
            41.5077029
          ],
          [
            -90.5514245,
            41.5077438
          ],
          [
            -90.5524617,
            41.5077677
          ],
          [
            -90.5527549,
            41.5077819
          ],
          [
            -90.552889,
            41.507787
          ],
          [
            -90.5530406,
            41.5078044
          ],
          [
            -90.5533001,
            41.5078368
          ],
          [
            -90.5536049,
            41.5078838
          ],
          [
            -90.5540255,
            41.5079587
          ],
          [
            -90.5543569,
            41.508018
          ],
          [
            -90.5553218,
            41.5082108
          ],
          [
            -90.5562386,
            41.5084236
          ],
          [
            -90.5571755,
            41.5086424
          ],
          [
            -90.5579029,
            41.5088199
          ]
        ]
      },
      "properties": {
        "osm_id": 256093251,
        "railroad": "IAIS",
        "operator": "Iowa Interstate Railroad",
        "owner": null,
        "name": "Iowa Interstate Railroad",
        "ref": "7",
        "usage": "branch",
        "service": null,
        "railway": "rail",
        "source": "OpenStreetMap / Overpass"
      }
    },
    {
      "type": "Feature",
      "geometry": {
        "type": "LineString",
        "coordinates": [
          [
            -90.5066509,
            41.5110471
          ],
          [
            -90.5078986,
            41.5105828
          ],
          [
            -90.5087853,
            41.5102577
          ],
          [
            -90.5091718,
            41.5101157
          ],
          [
            -90.5102961,
            41.5096998
          ],
          [
            -90.5116224,
            41.5092187
          ],
          [
            -90.5117378,
            41.5091769
          ],
          [
            -90.5121974,
            41.5089989
          ],
          [
            -90.5129968,
            41.5087056
          ],
          [
            -90.5143574,
            41.508205
          ],
          [
            -90.514726,
            41.508069
          ],
          [
            -90.515784,
            41.5076792
          ],
          [
            -90.5162089,
            41.5075317
          ],
          [
            -90.5165615,
            41.507412
          ],
          [
            -90.5170048,
            41.5072651
          ],
          [
            -90.5171476,
            41.5072231
          ],
          [
            -90.5172917,
            41.5071808
          ],
          [
            -90.5176039,
            41.5070934
          ],
          [
            -90.5179018,
            41.5070136
          ],
          [
            -90.518247,
            41.5069329
          ],
          [
            -90.5184555,
            41.506887
          ],
          [
            -90.518816,
            41.50681
          ],
          [
            -90.5188447,
            41.5068048
          ],
          [
            -90.5193995,
            41.5067051
          ],
          [
            -90.5199787,
            41.5066086
          ],
          [
            -90.5205506,
            41.5065318
          ],
          [
            -90.5212489,
            41.506452
          ],
          [
            -90.521282,
            41.5064483
          ],
          [
            -90.5213762,
            41.5064402
          ],
          [
            -90.5217621,
            41.5063979
          ],
          [
            -90.5221025,
            41.5063698
          ],
          [
            -90.5223082,
            41.5063556
          ],
          [
            -90.5225665,
            41.5063434
          ],
          [
            -90.522834,
            41.506333
          ],
          [
            -90.5230391,
            41.5063295
          ],
          [
            -90.5233937,
            41.5063335
          ],
          [
            -90.5237067,
            41.5063455
          ],
          [
            -90.5242222,
            41.5063797
          ],
          [
            -90.5251907,
            41.5064474
          ],
          [
            -90.5260919,
            41.5065177
          ],
          [
            -90.5263396,
            41.5065369
          ],
          [
            -90.5265269,
            41.5065579
          ],
          [
            -90.5267859,
            41.5065945
          ],
          [
            -90.5269928,
            41.5066287
          ],
          [
            -90.5277009,
            41.5067636
          ],
          [
            -90.5278074,
            41.5067795
          ],
          [
            -90.5279403,
            41.506801
          ],
          [
            -90.528034,
            41.5068131
          ],
          [
            -90.5282653,
            41.5068336
          ],
          [
            -90.5287819,
            41.5068637
          ],
          [
            -90.5313456,
            41.5070211
          ],
          [
            -90.5319574,
            41.5070599
          ],
          [
            -90.5328369,
            41.507115
          ],
          [
            -90.5342814,
            41.5072068
          ],
          [
            -90.5353843,
            41.5072772
          ],
          [
            -90.5367101,
            41.507356
          ],
          [
            -90.5373646,
            41.5074048
          ],
          [
            -90.5374641,
            41.5074129
          ],
          [
            -90.537732,
            41.5074324
          ],
          [
            -90.5381026,
            41.5074557
          ],
          [
            -90.5385897,
            41.5074801
          ],
          [
            -90.538836,
            41.5074868
          ],
          [
            -90.5392618,
            41.5074923
          ],
          [
            -90.5399444,
            41.507497
          ],
          [
            -90.5400857,
            41.5074983
          ],
          [
            -90.540158,
            41.5074972
          ],
          [
            -90.5402367,
            41.5074977
          ],
          [
            -90.540744,
            41.5075011
          ],
          [
            -90.5411331,
            41.5075043
          ],
          [
            -90.5415379,
            41.507512
          ],
          [
            -90.542206,
            41.5075212
          ],
          [
            -90.5423824,
            41.5075252
          ],
          [
            -90.5425767,
            41.5075327
          ],
          [
            -90.5427833,
            41.5075482
          ],
          [
            -90.542918,
            41.5075581
          ],
          [
            -90.5431137,
            41.5075725
          ],
          [
            -90.5431818,
            41.5075769
          ],
          [
            -90.5448068,
            41.5076811
          ],
          [
            -90.5452404,
            41.5077034
          ]
        ]
      },
      "properties": {
        "osm_id": 260331956,
        "railroad": "IAIS",
        "operator": "Iowa Interstate Railroad",
        "owner": null,
        "name": "Iowa Interstate Railroad",
        "ref": "7",
        "usage": "branch",
        "service": null,
        "railway": "rail",
        "source": "OpenStreetMap / Overpass"
      }
    },
    {
      "type": "Feature",
      "geometry": {
        "type": "LineString",
        "coordinates": [
          [
            -92.2643584,
            41.737875
          ],
          [
            -92.273887,
            41.735704
          ],
          [
            -92.2806676,
            41.7343914
          ],
          [
            -92.2869734,
            41.7336489
          ],
          [
            -92.2884138,
            41.7334887
          ],
          [
            -92.2892935,
            41.7333846
          ],
          [
            -92.2921313,
            41.7330624
          ],
          [
            -92.2937567,
            41.7328722
          ],
          [
            -92.2944277,
            41.7328081
          ],
          [
            -92.296889,
            41.732525
          ],
          [
            -92.298055,
            41.732387
          ],
          [
            -92.299238,
            41.732232
          ],
          [
            -92.2999036,
            41.7321725
          ],
          [
            -92.3006081,
            41.7320878
          ],
          [
            -92.301065,
            41.732033
          ],
          [
            -92.310254,
            41.730972
          ],
          [
            -92.3134216,
            41.730636
          ],
          [
            -92.3192471,
            41.7299674
          ],
          [
            -92.3199097,
            41.7298986
          ],
          [
            -92.3214029,
            41.7297268
          ],
          [
            -92.3238509,
            41.7294465
          ],
          [
            -92.3278969,
            41.728985
          ],
          [
            -92.3321112,
            41.7285051
          ],
          [
            -92.3349496,
            41.7281812
          ],
          [
            -92.3367917,
            41.7279724
          ],
          [
            -92.338367,
            41.7278027
          ],
          [
            -92.3389064,
            41.7277698
          ],
          [
            -92.3400136,
            41.7276665
          ],
          [
            -92.3406109,
            41.7276785
          ]
        ]
      },
      "properties": {
        "osm_id": 268521194,
        "railroad": "IAIS",
        "operator": "Iowa Interstate Railroad",
        "owner": null,
        "name": "Iowa Interstate Railroad",
        "ref": null,
        "usage": "branch",
        "service": null,
        "railway": "rail",
        "source": "OpenStreetMap / Overpass"
      }
    },
    {
      "type": "Feature",
      "geometry": {
        "type": "LineString",
        "coordinates": [
          [
            -92.2635945,
            41.738055
          ],
          [
            -92.2643584,
            41.737875
          ]
        ]
      },
      "properties": {
        "osm_id": 268521200,
        "railroad": "IAIS",
        "operator": "Iowa Interstate Railroad",
        "owner": null,
        "name": "Iowa Interstate Railroad",
        "ref": null,
        "usage": "branch",
        "service": null,
        "railway": "rail",
        "source": "OpenStreetMap / Overpass"
      }
    },
    {
      "type": "Feature",
      "geometry": {
        "type": "LineString",
        "coordinates": [
          [
            -90.4078541,
            41.5112226
          ],
          [
            -90.4075966,
            41.5112367
          ],
          [
            -90.4073606,
            41.5112829
          ],
          [
            -90.4071728,
            41.511315
          ],
          [
            -90.4066846,
            41.5114637
          ],
          [
            -90.4063467,
            41.5115822
          ],
          [
            -90.4060892,
            41.5116605
          ],
          [
            -90.4059658,
            41.5116946
          ],
          [
            -90.4058371,
            41.5117167
          ],
          [
            -90.4057038,
            41.5117354
          ],
          [
            -90.4055662,
            41.5117449
          ],
          [
            -90.4054186,
            41.5117489
          ],
          [
            -90.4052577,
            41.5117408
          ],
          [
            -90.4050726,
            41.5117248
          ],
          [
            -90.4047344,
            41.5116754
          ]
        ]
      },
      "properties": {
        "osm_id": 273286382,
        "railroad": "IAIS",
        "operator": "Iowa Interstate Railroad",
        "owner": null,
        "name": null,
        "ref": null,
        "usage": null,
        "service": "spur",
        "railway": "rail",
        "source": "OpenStreetMap / Overpass"
      }
    },
    {
      "type": "Feature",
      "geometry": {
        "type": "LineString",
        "coordinates": [
          [
            -90.4245179,
            41.5156679
          ],
          [
            -90.4241376,
            41.5156091
          ],
          [
            -90.4239633,
            41.515591
          ],
          [
            -90.4237434,
            41.5155549
          ],
          [
            -90.4236897,
            41.5155448
          ],
          [
            -90.4233678,
            41.5154564
          ],
          [
            -90.4231586,
            41.5154002
          ],
          [
            -90.4229719,
            41.5153551
          ],
          [
            -90.4202226,
            41.5148169
          ],
          [
            -90.4150396,
            41.5137754
          ],
          [
            -90.4128375,
            41.5133376
          ],
          [
            -90.4064888,
            41.5120642
          ],
          [
            -90.4052309,
            41.5118172
          ],
          [
            -90.4031253,
            41.5113914
          ],
          [
            -90.4016609,
            41.5111021
          ],
          [
            -90.4009188,
            41.5109446
          ],
          [
            -90.4006228,
            41.5108671
          ],
          [
            -90.4002205,
            41.5107547
          ],
          [
            -90.3998513,
            41.5106433
          ],
          [
            -90.3995687,
            41.5105377
          ],
          [
            -90.3992898,
            41.5104413
          ],
          [
            -90.3984865,
            41.5101049
          ]
        ]
      },
      "properties": {
        "osm_id": 273286384,
        "railroad": "IAIS",
        "operator": "Iowa Interstate Railroad",
        "owner": null,
        "name": null,
        "ref": null,
        "usage": null,
        "service": "yard",
        "railway": "rail",
        "source": "OpenStreetMap / Overpass"
      }
    },
    {
      "type": "Feature",
      "geometry": {
        "type": "LineString",
        "coordinates": [
          [
            -90.3992147,
            41.5104715
          ],
          [
            -90.3995526,
            41.5106181
          ],
          [
            -90.3999013,
            41.5107527
          ],
          [
            -90.4001522,
            41.5108335
          ],
          [
            -90.4012585,
            41.511064
          ],
          [
            -90.4035035,
            41.5115079
          ],
          [
            -90.4106461,
            41.5129319
          ],
          [
            -90.4132774,
            41.5134661
          ],
          [
            -90.4236897,
            41.5155448
          ]
        ]
      },
      "properties": {
        "osm_id": 273291200,
        "railroad": "IAIS",
        "operator": "Iowa Interstate Railroad",
        "owner": null,
        "name": null,
        "ref": null,
        "usage": null,
        "service": "yard",
        "railway": "rail",
        "source": "OpenStreetMap / Overpass"
      }
    },
    {
      "type": "Feature",
      "geometry": {
        "type": "LineString",
        "coordinates": [
          [
            -90.4056506,
            41.5127019
          ],
          [
            -90.4053382,
            41.5126226
          ],
          [
            -90.4030156,
            41.5119435
          ]
        ]
      },
      "properties": {
        "osm_id": 273291206,
        "railroad": "IAIS",
        "operator": "Iowa Interstate Railroad",
        "owner": null,
        "name": null,
        "ref": null,
        "usage": null,
        "service": "spur",
        "railway": "rail",
        "source": "OpenStreetMap / Overpass"
      }
    },
    {
      "type": "Feature",
      "geometry": {
        "type": "LineString",
        "coordinates": [
          [
            -90.3863324,
            41.4986266
          ],
          [
            -90.38656,
            41.4988933
          ],
          [
            -90.3866491,
            41.4990075
          ],
          [
            -90.3867694,
            41.4991411
          ],
          [
            -90.387944,
            41.5003276
          ],
          [
            -90.3907572,
            41.503183
          ],
          [
            -90.3951479,
            41.507634
          ],
          [
            -90.3953298,
            41.5078142
          ],
          [
            -90.3958047,
            41.5082974
          ],
          [
            -90.3963027,
            41.5087302
          ],
          [
            -90.3965095,
            41.5088969
          ],
          [
            -90.3967103,
            41.509048
          ],
          [
            -90.3969529,
            41.5092219
          ],
          [
            -90.3971358,
            41.5093416
          ],
          [
            -90.3973546,
            41.509484
          ],
          [
            -90.3976349,
            41.509652
          ],
          [
            -90.3979862,
            41.5098488
          ],
          [
            -90.3983054,
            41.5100155
          ],
          [
            -90.3984865,
            41.5101049
          ],
          [
            -90.3992147,
            41.5104715
          ],
          [
            -90.3998021,
            41.5107627
          ],
          [
            -90.4001802,
            41.5109094
          ],
          [
            -90.4006497,
            41.5110841
          ],
          [
            -90.400883,
            41.5111644
          ],
          [
            -90.4012115,
            41.5112608
          ],
          [
            -90.4016711,
            41.511395
          ],
          [
            -90.4019635,
            41.5114805
          ],
          [
            -90.4021307,
            41.5115293
          ],
          [
            -90.4025902,
            41.5116635
          ],
          [
            -90.4030851,
            41.5118031
          ],
          [
            -90.403238,
            41.5118393
          ],
          [
            -90.4046676,
            41.5121265
          ],
          [
            -90.4060221,
            41.5123936
          ],
          [
            -90.40712,
            41.5126164
          ],
          [
            -90.4108339,
            41.5133536
          ],
          [
            -90.4125424,
            41.5137011
          ],
          [
            -90.4171317,
            41.5146129
          ],
          [
            -90.4194336,
            41.5150784
          ],
          [
            -90.4196101,
            41.515103
          ],
          [
            -90.4201727,
            41.5151743
          ],
          [
            -90.4203289,
            41.5151913
          ],
          [
            -90.4207152,
            41.515239
          ],
          [
            -90.4208385,
            41.5152516
          ],
          [
            -90.4212636,
            41.5153053
          ],
          [
            -90.4213776,
            41.5153179
          ],
          [
            -90.4218065,
            41.5153686
          ],
          [
            -90.4225015,
            41.5154544
          ],
          [
            -90.4228918,
            41.5155032
          ],
          [
            -90.4245105,
            41.5156985
          ]
        ]
      },
      "properties": {
        "osm_id": 273291207,
        "railroad": "IAIS",
        "operator": "Iowa Interstate Railroad",
        "owner": null,
        "name": null,
        "ref": null,
        "usage": null,
        "service": "yard",
        "railway": "rail",
        "source": "OpenStreetMap / Overpass"
      }
    },
    {
      "type": "Feature",
      "geometry": {
        "type": "LineString",
        "coordinates": [
          [
            -90.4114316,
            41.5138646
          ],
          [
            -90.4063681,
            41.5128455
          ],
          [
            -90.4056506,
            41.5127019
          ],
          [
            -90.4051209,
            41.5125965
          ],
          [
            -90.4049144,
            41.5125563
          ],
          [
            -90.404673,
            41.5125
          ],
          [
            -90.4038174,
            41.512253
          ],
          [
            -90.4029846,
            41.5120063
          ]
        ]
      },
      "properties": {
        "osm_id": 273291211,
        "railroad": "IAIS",
        "operator": "Iowa Interstate Railroad",
        "owner": null,
        "name": null,
        "ref": null,
        "usage": null,
        "service": "spur",
        "railway": "rail",
        "source": "OpenStreetMap / Overpass"
      }
    },
    {
      "type": "Feature",
      "geometry": {
        "type": "LineString",
        "coordinates": [
          [
            -95.1364604,
            41.4107428
          ],
          [
            -95.1287123,
            41.4106818
          ]
        ]
      },
      "properties": {
        "osm_id": 282207747,
        "railroad": "IAIS",
        "operator": "Iowa Interstate Railroad",
        "owner": null,
        "name": "Iowa Interstate Railroad",
        "ref": null,
        "usage": "branch",
        "service": null,
        "railway": "rail",
        "source": "OpenStreetMap / Overpass"
      }
    },
    {
      "type": "Feature",
      "geometry": {
        "type": "LineString",
        "coordinates": [
          [
            -95.1281542,
            41.4106742
          ],
          [
            -95.1254613,
            41.410665
          ],
          [
            -95.1179573,
            41.4105967
          ],
          [
            -95.109353,
            41.4104938
          ],
          [
            -95.1068604,
            41.4103954
          ],
          [
            -95.1034042,
            41.4102452
          ],
          [
            -95.1012572,
            41.4101416
          ],
          [
            -95.0993824,
            41.4100593
          ],
          [
            -95.098886,
            41.4100372
          ],
          [
            -95.098013,
            41.4099965
          ],
          [
            -95.083416,
            41.409365
          ],
          [
            -95.067955,
            41.408617
          ],
          [
            -95.066587,
            41.408638
          ],
          [
            -95.064914,
            41.408796
          ],
          [
            -95.0624627,
            41.4091708
          ],
          [
            -95.0606495,
            41.4096214
          ],
          [
            -95.0602472,
            41.4097341
          ],
          [
            -95.0594264,
            41.4099996
          ],
          [
            -95.0579834,
            41.4104905
          ],
          [
            -95.05704,
            41.410798
          ],
          [
            -95.0549632,
            41.4115124
          ],
          [
            -95.0539762,
            41.4118503
          ],
          [
            -95.0442393,
            41.4151336
          ]
        ]
      },
      "properties": {
        "osm_id": 282207750,
        "railroad": "IAIS",
        "operator": "Iowa Interstate Railroad",
        "owner": null,
        "name": "Iowa Interstate Railroad",
        "ref": null,
        "usage": "branch",
        "service": null,
        "railway": "rail",
        "source": "OpenStreetMap / Overpass"
      }
    },
    {
      "type": "Feature",
      "geometry": {
        "type": "LineString",
        "coordinates": [
          [
            -95.1287123,
            41.4106818
          ],
          [
            -95.1281542,
            41.4106742
          ]
        ]
      },
      "properties": {
        "osm_id": 282207751,
        "railroad": "IAIS",
        "operator": "Iowa Interstate Railroad",
        "owner": null,
        "name": "Iowa Interstate Railroad",
        "ref": null,
        "usage": "branch",
        "service": null,
        "railway": "rail",
        "source": "OpenStreetMap / Overpass"
      }
    },
    {
      "type": "Feature",
      "geometry": {
        "type": "LineString",
        "coordinates": [
          [
            -95.1374743,
            41.4107491
          ],
          [
            -95.1364604,
            41.4107428
          ]
        ]
      },
      "properties": {
        "osm_id": 282207752,
        "railroad": "IAIS",
        "operator": "Iowa Interstate Railroad",
        "owner": null,
        "name": "Iowa Interstate Railroad",
        "ref": null,
        "usage": "branch",
        "service": null,
        "railway": "rail",
        "source": "OpenStreetMap / Overpass"
      }
    },
    {
      "type": "Feature",
      "geometry": {
        "type": "LineString",
        "coordinates": [
          [
            -89.0462568,
            41.3377763
          ],
          [
            -89.0484284,
            41.3372727
          ],
          [
            -89.0492821,
            41.3370751
          ],
          [
            -89.0499039,
            41.336919
          ],
          [
            -89.0507423,
            41.336688
          ],
          [
            -89.0535202,
            41.3359312
          ]
        ]
      },
      "properties": {
        "osm_id": 284454432,
        "railroad": "IAIS",
        "operator": "Iowa Interstate Railroad",
        "owner": null,
        "name": "Blue Island Subdivision",
        "ref": null,
        "usage": "branch",
        "service": null,
        "railway": "rail",
        "source": "OpenStreetMap / Overpass"
      }
    },
    {
      "type": "Feature",
      "geometry": {
        "type": "LineString",
        "coordinates": [
          [
            -89.0459213,
            41.3378576
          ],
          [
            -89.0462568,
            41.3377763
          ]
        ]
      },
      "properties": {
        "osm_id": 284454437,
        "railroad": "IAIS",
        "operator": "Iowa Interstate Railroad",
        "owner": null,
        "name": "Iowa Interstate Railroad",
        "ref": null,
        "usage": "branch",
        "service": null,
        "railway": "rail",
        "source": "OpenStreetMap / Overpass"
      }
    },
    {
      "type": "Feature",
      "geometry": {
        "type": "LineString",
        "coordinates": [
          [
            -89.0535963,
            41.3359089
          ],
          [
            -89.0559853,
            41.3352567
          ],
          [
            -89.0562052,
            41.335199
          ],
          [
            -89.0564411,
            41.335141
          ],
          [
            -89.056665,
            41.3350889
          ],
          [
            -89.0569286,
            41.3350264
          ],
          [
            -89.0571476,
            41.3349758
          ],
          [
            -89.0573485,
            41.3349341
          ],
          [
            -89.0576539,
            41.3348717
          ],
          [
            -89.0579234,
            41.3348196
          ],
          [
            -89.058295,
            41.3347526
          ],
          [
            -89.0587032,
            41.334679
          ],
          [
            -89.0596594,
            41.3345064
          ],
          [
            -89.0600799,
            41.3344215
          ],
          [
            -89.0607522,
            41.3342743
          ],
          [
            -89.0615203,
            41.3340683
          ],
          [
            -89.0619833,
            41.3339217
          ],
          [
            -89.0622905,
            41.3338162
          ],
          [
            -89.0625823,
            41.3337141
          ],
          [
            -89.0629225,
            41.3335823
          ],
          [
            -89.0633218,
            41.3334208
          ],
          [
            -89.0637212,
            41.3332395
          ],
          [
            -89.0640855,
            41.3330715
          ],
          [
            -89.0644102,
            41.3329018
          ],
          [
            -89.064746,
            41.3327205
          ],
          [
            -89.0650356,
            41.3325475
          ],
          [
            -89.0653253,
            41.3323778
          ],
          [
            -89.0656116,
            41.3321993
          ],
          [
            -89.0672823,
            41.3310917
          ],
          [
            -89.0676689,
            41.3308536
          ],
          [
            -89.0680323,
            41.3306485
          ],
          [
            -89.0684347,
            41.3304334
          ],
          [
            -89.0687573,
            41.3302802
          ],
          [
            -89.069104,
            41.3301253
          ],
          [
            -89.0694344,
            41.3299945
          ],
          [
            -89.0697864,
            41.3298633
          ],
          [
            -89.0701529,
            41.3297397
          ],
          [
            -89.0704642,
            41.3296381
          ],
          [
            -89.0708683,
            41.3295272
          ],
          [
            -89.0713247,
            41.3294118
          ],
          [
            -89.0719053,
            41.3292793
          ],
          [
            -89.0724614,
            41.3291712
          ],
          [
            -89.0731197,
            41.3290528
          ],
          [
            -89.0737977,
            41.3289438
          ],
          [
            -89.0743767,
            41.3288569
          ],
          [
            -89.0750661,
            41.3287609
          ],
          [
            -89.075792,
            41.3286617
          ],
          [
            -89.0809114,
            41.3280615
          ],
          [
            -89.0813058,
            41.3280137
          ],
          [
            -89.0816728,
            41.32798
          ],
          [
            -89.082098,
            41.3279396
          ],
          [
            -89.0832476,
            41.3278548
          ]
        ]
      },
      "properties": {
        "osm_id": 284455216,
        "railroad": "IAIS",
        "operator": "Iowa Interstate Railroad",
        "owner": null,
        "name": "Blue Island Subdivision",
        "ref": null,
        "usage": "branch",
        "service": null,
        "railway": "rail",
        "source": "OpenStreetMap / Overpass"
      }
    },
    {
      "type": "Feature",
      "geometry": {
        "type": "LineString",
        "coordinates": [
          [
            -89.0535202,
            41.3359312
          ],
          [
            -89.0535963,
            41.3359089
          ]
        ]
      },
      "properties": {
        "osm_id": 284455223,
        "railroad": "IAIS",
        "operator": "Iowa Interstate Railroad",
        "owner": null,
        "name": "Iowa Interstate Railroad",
        "ref": null,
        "usage": "branch",
        "service": null,
        "railway": "rail",
        "source": "OpenStreetMap / Overpass"
      }
    },
    {
      "type": "Feature",
      "geometry": {
        "type": "LineString",
        "coordinates": [
          [
            -92.0611818,
            41.7928773
          ],
          [
            -92.0612742,
            41.7928272
          ],
          [
            -92.0614044,
            41.7927774
          ],
          [
            -92.0615171,
            41.7927434
          ],
          [
            -92.0616404,
            41.7927174
          ],
          [
            -92.0618014,
            41.7927054
          ],
          [
            -92.0619867,
            41.7926906
          ]
        ]
      },
      "properties": {
        "osm_id": 293374255,
        "railroad": "IAIS",
        "operator": "Iowa Interstate Railroad",
        "owner": null,
        "name": null,
        "ref": null,
        "usage": null,
        "service": "spur",
        "railway": "rail",
        "source": "OpenStreetMap / Overpass"
      }
    },
    {
      "type": "Feature",
      "geometry": {
        "type": "LineString",
        "coordinates": [
          [
            -92.059154,
            41.7958289
          ],
          [
            -92.0591916,
            41.7944931
          ],
          [
            -92.059197,
            41.7941692
          ],
          [
            -92.0592211,
            41.7939852
          ],
          [
            -92.059264,
            41.7938132
          ],
          [
            -92.0593123,
            41.7936772
          ],
          [
            -92.059374,
            41.7935533
          ],
          [
            -92.0594571,
            41.7934373
          ],
          [
            -92.0595591,
            41.7933193
          ],
          [
            -92.0596771,
            41.7932033
          ],
          [
            -92.0598273,
            41.7930933
          ],
          [
            -92.0599882,
            41.7929913
          ],
          [
            -92.0601438,
            41.7929233
          ],
          [
            -92.0603208,
            41.7928554
          ],
          [
            -92.0605649,
            41.7927834
          ],
          [
            -92.0607339,
            41.7927474
          ],
          [
            -92.0609806,
            41.7927174
          ],
          [
            -92.0611362,
            41.7927034
          ],
          [
            -92.0613563,
            41.7926822
          ]
        ]
      },
      "properties": {
        "osm_id": 293374257,
        "railroad": "IAIS",
        "operator": "Iowa Interstate Railroad",
        "owner": null,
        "name": null,
        "ref": null,
        "usage": null,
        "service": "spur",
        "railway": "rail",
        "source": "OpenStreetMap / Overpass"
      }
    },
    {
      "type": "Feature",
      "geometry": {
        "type": "LineString",
        "coordinates": [
          [
            -92.0196373,
            41.787299
          ],
          [
            -92.0213561,
            41.7875767
          ],
          [
            -92.0245249,
            41.7880871
          ],
          [
            -92.0281505,
            41.7886693
          ],
          [
            -92.0305856,
            41.7890488
          ],
          [
            -92.0320834,
            41.7892959
          ],
          [
            -92.035197,
            41.7897875
          ],
          [
            -92.0390738,
            41.7904141
          ],
          [
            -92.0421844,
            41.7909099
          ],
          [
            -92.0450547,
            41.791365
          ],
          [
            -92.0465262,
            41.7916093
          ],
          [
            -92.0491474,
            41.7920219
          ],
          [
            -92.0496872,
            41.792104
          ],
          [
            -92.0505141,
            41.7922367
          ],
          [
            -92.0511509,
            41.7923325
          ],
          [
            -92.0517561,
            41.7924122
          ],
          [
            -92.0523048,
            41.7924675
          ],
          [
            -92.052925,
            41.7925074
          ],
          [
            -92.0535439,
            41.7925378
          ],
          [
            -92.0541209,
            41.7925557
          ],
          [
            -92.0552867,
            41.7925737
          ],
          [
            -92.0555926,
            41.7926034
          ],
          [
            -92.0557775,
            41.7926135
          ],
          [
            -92.0559923,
            41.7926205
          ],
          [
            -92.0594,
            41.7926562
          ],
          [
            -92.0613563,
            41.7926822
          ],
          [
            -92.0619867,
            41.7926906
          ],
          [
            -92.0620988,
            41.7926921
          ],
          [
            -92.0647963,
            41.7927221
          ],
          [
            -92.0653029,
            41.792724
          ],
          [
            -92.0674348,
            41.7927359
          ],
          [
            -92.0688191,
            41.7927538
          ],
          [
            -92.0692666,
            41.7927493
          ],
          [
            -92.0696273,
            41.7927385
          ],
          [
            -92.0699279,
            41.7927237
          ],
          [
            -92.0702338,
            41.7926947
          ],
          [
            -92.0706271,
            41.7926459
          ],
          [
            -92.0715823,
            41.7925234
          ],
          [
            -92.0719777,
            41.7924667
          ],
          [
            -92.0724668,
            41.7923883
          ],
          [
            -92.0727873,
            41.7923264
          ],
          [
            -92.0731454,
            41.7922579
          ],
          [
            -92.0734976,
            41.7921752
          ],
          [
            -92.0737962,
            41.7921028
          ],
          [
            -92.0741155,
            41.792007
          ],
          [
            -92.0743729,
            41.7919265
          ],
          [
            -92.0747424,
            41.7918143
          ],
          [
            -92.075087,
            41.7917068
          ],
          [
            -92.0753984,
            41.7915875
          ],
          [
            -92.0756595,
            41.7914768
          ],
          [
            -92.0758731,
            41.7913824
          ],
          [
            -92.084823,
            41.788364
          ],
          [
            -92.0912506,
            41.786162
          ]
        ]
      },
      "properties": {
        "osm_id": 293374260,
        "railroad": "IAIS",
        "operator": "Iowa Interstate Railroad",
        "owner": null,
        "name": "Iowa Interstate Railroad",
        "ref": null,
        "usage": "branch",
        "service": null,
        "railway": "rail",
        "source": "OpenStreetMap / Overpass"
      }
    },
    {
      "type": "Feature",
      "geometry": {
        "type": "LineString",
        "coordinates": [
          [
            -92.0190269,
            41.7872047
          ],
          [
            -92.0196373,
            41.787299
          ]
        ]
      },
      "properties": {
        "osm_id": 293374261,
        "railroad": "IAIS",
        "operator": "Iowa Interstate Railroad",
        "owner": null,
        "name": "Iowa Interstate Railroad",
        "ref": null,
        "usage": "branch",
        "service": null,
        "railway": "rail",
        "source": "OpenStreetMap / Overpass"
      }
    },
    {
      "type": "Feature",
      "geometry": {
        "type": "LineString",
        "coordinates": [
          [
            -93.7504272,
            41.6120693
          ],
          [
            -93.7504316,
            41.6123166
          ],
          [
            -93.7504316,
            41.6128395
          ],
          [
            -93.7504254,
            41.6133463
          ],
          [
            -93.7504162,
            41.6138231
          ],
          [
            -93.7504162,
            41.6139544
          ],
          [
            -93.7504223,
            41.6140212
          ],
          [
            -93.7504439,
            41.6141341
          ],
          [
            -93.7504685,
            41.61427
          ],
          [
            -93.7505117,
            41.6144405
          ]
        ]
      },
      "properties": {
        "osm_id": 305073567,
        "railroad": "IAIS",
        "operator": "Iowa Interstate Railroad",
        "owner": null,
        "name": null,
        "ref": null,
        "usage": null,
        "service": "spur",
        "railway": "rail",
        "source": "OpenStreetMap / Overpass"
      }
    },
    {
      "type": "Feature",
      "geometry": {
        "type": "LineString",
        "coordinates": [
          [
            -90.3554687,
            41.4827943
          ],
          [
            -90.3557937,
            41.4828691
          ],
          [
            -90.3559463,
            41.4828987
          ],
          [
            -90.3561015,
            41.4829144
          ],
          [
            -90.356262,
            41.4829263
          ],
          [
            -90.3565895,
            41.4829479
          ],
          [
            -90.3568092,
            41.4829795
          ],
          [
            -90.3569986,
            41.483012
          ],
          [
            -90.3571801,
            41.4830544
          ],
          [
            -90.3573577,
            41.4831007
          ],
          [
            -90.3575739,
            41.4831645
          ],
          [
            -90.3581815,
            41.4833814
          ],
          [
            -90.3586902,
            41.483595
          ],
          [
            -90.3589651,
            41.4837172
          ],
          [
            -90.3592374,
            41.4838413
          ],
          [
            -90.3594834,
            41.4839645
          ],
          [
            -90.3598675,
            41.4841606
          ],
          [
            -90.3601017,
            41.4842848
          ],
          [
            -90.3603503,
            41.4844326
          ],
          [
            -90.3606107,
            41.4845883
          ],
          [
            -90.3609567,
            41.4848051
          ],
          [
            -90.3612869,
            41.4850248
          ],
          [
            -90.3623793,
            41.4857752
          ],
          [
            -90.3627241,
            41.4860048
          ],
          [
            -90.3631725,
            41.4863036
          ],
          [
            -90.3635398,
            41.4865281
          ],
          [
            -90.3638981,
            41.4867375
          ],
          [
            -90.3642068,
            41.4869147
          ],
          [
            -90.364538,
            41.4870903
          ],
          [
            -90.365129,
            41.4873969
          ],
          [
            -90.3654764,
            41.4875686
          ],
          [
            -90.3660999,
            41.4878566
          ],
          [
            -90.3673384,
            41.4883811
          ],
          [
            -90.3681884,
            41.4887214
          ],
          [
            -90.3691219,
            41.4890897
          ]
        ]
      },
      "properties": {
        "osm_id": 311925278,
        "railroad": "IAIS",
        "operator": "Iowa Interstate Railroad",
        "owner": null,
        "name": "Iowa Interstate Railroad",
        "ref": null,
        "usage": "branch",
        "service": null,
        "railway": "rail",
        "source": "OpenStreetMap / Overpass"
      }
    },
    {
      "type": "Feature",
      "geometry": {
        "type": "LineString",
        "coordinates": [
          [
            -95.1374743,
            41.4107491
          ],
          [
            -95.1465348,
            41.410826
          ],
          [
            -95.1506257,
            41.4108656
          ],
          [
            -95.1545298,
            41.4108892
          ],
          [
            -95.155091,
            41.410884
          ],
          [
            -95.157869,
            41.410912
          ],
          [
            -95.158007,
            41.410911
          ],
          [
            -95.158713,
            41.41092
          ],
          [
            -95.159066,
            41.410931
          ],
          [
            -95.159418,
            41.410947
          ],
          [
            -95.160122,
            41.410991
          ],
          [
            -95.160272,
            41.411004
          ],
          [
            -95.160733,
            41.411043
          ],
          [
            -95.161436,
            41.411121
          ],
          [
            -95.162135,
            41.411215
          ],
          [
            -95.162484,
            41.411269
          ],
          [
            -95.163176,
            41.411389
          ],
          [
            -95.164477,
            41.411652
          ],
          [
            -95.167765,
            41.412347
          ],
          [
            -95.171156,
            41.413063
          ],
          [
            -95.171985,
            41.413234
          ],
          [
            -95.172944,
            41.41344
          ],
          [
            -95.173629,
            41.413582
          ],
          [
            -95.174427,
            41.413753
          ],
          [
            -95.178094,
            41.414523
          ],
          [
            -95.179615,
            41.414847
          ],
          [
            -95.182582,
            41.415465
          ],
          [
            -95.183201,
            41.415598
          ],
          [
            -95.183764,
            41.415714
          ],
          [
            -95.184338,
            41.415839
          ],
          [
            -95.185692,
            41.416124
          ],
          [
            -95.187,
            41.41639
          ],
          [
            -95.187887,
            41.416543
          ],
          [
            -95.188556,
            41.41664
          ],
          [
            -95.189237,
            41.416722
          ],
          [
            -95.190018,
            41.416787
          ],
          [
            -95.190562,
            41.416823
          ],
          [
            -95.190966,
            41.416843
          ],
          [
            -95.191521,
            41.41686
          ],
          [
            -95.192192,
            41.416865
          ],
          [
            -95.192684,
            41.416859
          ],
          [
            -95.193121,
            41.416849
          ],
          [
            -95.193542,
            41.416829
          ],
          [
            -95.1940204,
            41.4168064
          ]
        ]
      },
      "properties": {
        "osm_id": 319166300,
        "railroad": "IAIS",
        "operator": "Iowa Interstate Railroad",
        "owner": null,
        "name": "Iowa Interstate Railroad",
        "ref": null,
        "usage": "branch",
        "service": null,
        "railway": "rail",
        "source": "OpenStreetMap / Overpass"
      }
    },
    {
      "type": "Feature",
      "geometry": {
        "type": "LineString",
        "coordinates": [
          [
            -95.3687195,
            41.3830871
          ],
          [
            -95.3679818,
            41.3832389
          ]
        ]
      },
      "properties": {
        "osm_id": 319166302,
        "railroad": "IAIS",
        "operator": "Iowa Interstate Railroad",
        "owner": null,
        "name": "Iowa Interstate Railroad",
        "ref": null,
        "usage": "branch",
        "service": null,
        "railway": "rail",
        "source": "OpenStreetMap / Overpass"
      }
    },
    {
      "type": "Feature",
      "geometry": {
        "type": "LineString",
        "coordinates": [
          [
            -89.5714528,
            40.7693954
          ],
          [
            -89.5713692,
            40.7692633
          ]
        ]
      },
      "properties": {
        "osm_id": 335151378,
        "railroad": "IAIS",
        "operator": "Iowa Interstate Railroad",
        "owner": null,
        "name": null,
        "ref": null,
        "usage": "branch",
        "service": null,
        "railway": "rail",
        "source": "OpenStreetMap / Overpass"
      }
    },
    {
      "type": "Feature",
      "geometry": {
        "type": "LineString",
        "coordinates": [
          [
            -89.5713692,
            40.7692633
          ],
          [
            -89.5691724,
            40.7657973
          ],
          [
            -89.5675645,
            40.763248
          ],
          [
            -89.5657782,
            40.7604365
          ],
          [
            -89.5639313,
            40.7575473
          ],
          [
            -89.5626201,
            40.7554623
          ],
          [
            -89.5617723,
            40.7541341
          ],
          [
            -89.5616678,
            40.7539669
          ],
          [
            -89.5612988,
            40.7533769
          ],
          [
            -89.560742,
            40.7525144
          ],
          [
            -89.5604539,
            40.7520598
          ],
          [
            -89.5581749,
            40.7484685
          ],
          [
            -89.5574116,
            40.7472775
          ],
          [
            -89.5568148,
            40.7463312
          ],
          [
            -89.5562751,
            40.7454753
          ],
          [
            -89.5559436,
            40.7449641
          ],
          [
            -89.5557031,
            40.7445758
          ],
          [
            -89.5555157,
            40.7442775
          ],
          [
            -89.555283,
            40.7439199
          ],
          [
            -89.555096,
            40.7436176
          ],
          [
            -89.5549665,
            40.7434005
          ],
          [
            -89.5548631,
            40.7432241
          ],
          [
            -89.5547598,
            40.7430507
          ],
          [
            -89.5545093,
            40.7425851
          ],
          [
            -89.5543334,
            40.7422267
          ],
          [
            -89.5541874,
            40.7419095
          ],
          [
            -89.5539667,
            40.7414251
          ],
          [
            -89.5530879,
            40.7393773
          ],
          [
            -89.5525783,
            40.738194
          ],
          [
            -89.5522652,
            40.7374547
          ],
          [
            -89.5520913,
            40.7370313
          ],
          [
            -89.5519562,
            40.7366626
          ],
          [
            -89.5518471,
            40.7363318
          ],
          [
            -89.5517305,
            40.7359407
          ],
          [
            -89.5516251,
            40.7355229
          ],
          [
            -89.5515344,
            40.7351136
          ],
          [
            -89.5514641,
            40.7347463
          ],
          [
            -89.5514086,
            40.7344126
          ],
          [
            -89.5513494,
            40.7340159
          ],
          [
            -89.5512976,
            40.7335659
          ],
          [
            -89.5512551,
            40.7329855
          ],
          [
            -89.5511278,
            40.7311202
          ],
          [
            -89.5511107,
            40.7308461
          ],
          [
            -89.5511072,
            40.7305699
          ],
          [
            -89.5511134,
            40.7303025
          ],
          [
            -89.5511292,
            40.7300639
          ],
          [
            -89.5511555,
            40.7298076
          ],
          [
            -89.5511902,
            40.7295422
          ],
          [
            -89.5512384,
            40.7292367
          ],
          [
            -89.5513186,
            40.7288866
          ],
          [
            -89.5513911,
            40.728602
          ],
          [
            -89.5514862,
            40.7283023
          ],
          [
            -89.551577,
            40.7280431
          ],
          [
            -89.5516843,
            40.7277527
          ],
          [
            -89.5518052,
            40.7274891
          ],
          [
            -89.5519331,
            40.7272252
          ],
          [
            -89.5520549,
            40.7269956
          ],
          [
            -89.552208,
            40.7267299
          ],
          [
            -89.5523479,
            40.7265119
          ],
          [
            -89.5524759,
            40.7263111
          ],
          [
            -89.5532048,
            40.7251446
          ]
        ]
      },
      "properties": {
        "osm_id": 335151380,
        "railroad": "IAIS",
        "operator": "Iowa Interstate Railroad",
        "owner": null,
        "name": null,
        "ref": null,
        "usage": "branch",
        "service": null,
        "railway": "rail",
        "source": "OpenStreetMap / Overpass"
      }
    },
    {
      "type": "Feature",
      "geometry": {
        "type": "LineString",
        "coordinates": [
          [
            -91.1960352,
            41.5656601
          ],
          [
            -91.1958635,
            41.5656641
          ]
        ]
      },
      "properties": {
        "osm_id": 337685373,
        "railroad": "IAIS",
        "operator": "Iowa Interstate Railroad",
        "owner": null,
        "name": "Iowa Interstate Railroad",
        "ref": null,
        "usage": "branch",
        "service": null,
        "railway": "rail",
        "source": "OpenStreetMap / Overpass"
      }
    },
    {
      "type": "Feature",
      "geometry": {
        "type": "LineString",
        "coordinates": [
          [
            -91.1958635,
            41.5656641
          ],
          [
            -91.1896784,
            41.5658377
          ],
          [
            -91.1869832,
            41.5659126
          ],
          [
            -91.1860681,
            41.5659381
          ],
          [
            -91.1854351,
            41.5659621
          ],
          [
            -91.1846734,
            41.5660063
          ],
          [
            -91.1841584,
            41.5660464
          ],
          [
            -91.1836541,
            41.5660986
          ],
          [
            -91.1831231,
            41.5661628
          ],
          [
            -91.1823989,
            41.5662632
          ],
          [
            -91.1817551,
            41.5663755
          ],
          [
            -91.181165,
            41.5664919
          ],
          [
            -91.1804248,
            41.5666525
          ],
          [
            -91.1767206,
            41.5675445
          ],
          [
            -91.1759321,
            41.5677412
          ],
          [
            -91.1732917,
            41.5683888
          ],
          [
            -91.172447,
            41.5685963
          ],
          [
            -91.1690487,
            41.5694068
          ],
          [
            -91.1659269,
            41.5701683
          ],
          [
            -91.164303,
            41.5705655
          ],
          [
            -91.1623587,
            41.5710284
          ],
          [
            -91.1587361,
            41.5719132
          ],
          [
            -91.1546616,
            41.5728949
          ],
          [
            -91.1531798,
            41.5732719
          ],
          [
            -91.1525665,
            41.5734461
          ],
          [
            -91.1519403,
            41.5736405
          ],
          [
            -91.1513942,
            41.5738262
          ],
          [
            -91.1508557,
            41.5740234
          ],
          [
            -91.1500531,
            41.5743439
          ],
          [
            -91.1495043,
            41.57458
          ],
          [
            -91.1487533,
            41.5749344
          ],
          [
            -91.1480943,
            41.5752721
          ],
          [
            -91.1453348,
            41.57684
          ],
          [
            -91.1406602,
            41.5795741
          ],
          [
            -91.1377101,
            41.5812813
          ],
          [
            -91.1367973,
            41.5817621
          ],
          [
            -91.135641,
            41.582294
          ],
          [
            -91.1346752,
            41.5826875
          ],
          [
            -91.1339644,
            41.5829471
          ],
          [
            -91.1332944,
            41.5831705
          ],
          [
            -91.1325065,
            41.5834095
          ],
          [
            -91.1316904,
            41.5836225
          ],
          [
            -91.1306548,
            41.5838519
          ],
          [
            -91.1296959,
            41.584028
          ],
          [
            -91.1289466,
            41.5841439
          ],
          [
            -91.1280992,
            41.5842503
          ],
          [
            -91.1269996,
            41.5843442
          ],
          [
            -91.1263109,
            41.5843817
          ],
          [
            -91.1255517,
            41.5844097
          ],
          [
            -91.1247898,
            41.5844176
          ],
          [
            -91.1239455,
            41.5843901
          ],
          [
            -91.123136,
            41.5843455
          ],
          [
            -91.1222386,
            41.584263
          ],
          [
            -91.1213553,
            41.5841546
          ],
          [
            -91.1202242,
            41.5840012
          ],
          [
            -91.1087934,
            41.5824416
          ],
          [
            -91.1071836,
            41.5821657
          ],
          [
            -91.1055946,
            41.5818084
          ],
          [
            -91.1049212,
            41.5816192
          ],
          [
            -91.1040306,
            41.581347
          ],
          [
            -91.103182,
            41.581047
          ],
          [
            -91.1027113,
            41.5808685
          ],
          [
            -91.1005156,
            41.5800362
          ],
          [
            -91.0890817,
            41.5757048
          ]
        ]
      },
      "properties": {
        "osm_id": 337685374,
        "railroad": "IAIS",
        "operator": "Iowa Interstate Railroad",
        "owner": null,
        "name": "Iowa Interstate Railroad",
        "ref": null,
        "usage": "branch",
        "service": null,
        "railway": "rail",
        "source": "OpenStreetMap / Overpass"
      }
    },
    {
      "type": "Feature",
      "geometry": {
        "type": "LineString",
        "coordinates": [
          [
            -89.476919,
            40.9393055
          ],
          [
            -89.4773891,
            40.9382584
          ],
          [
            -89.4783557,
            40.9361001
          ],
          [
            -89.478952,
            40.9347763
          ],
          [
            -89.4790168,
            40.9346341
          ]
        ]
      },
      "properties": {
        "osm_id": 360977577,
        "railroad": "IAIS",
        "operator": "Iowa Interstate Railroad",
        "owner": null,
        "name": "Iowa Interstate Railroad",
        "ref": null,
        "usage": "branch",
        "service": null,
        "railway": "rail",
        "source": "OpenStreetMap / Overpass"
      }
    },
    {
      "type": "Feature",
      "geometry": {
        "type": "LineString",
        "coordinates": [
          [
            -89.4767147,
            40.9397606
          ],
          [
            -89.476919,
            40.9393055
          ]
        ]
      },
      "properties": {
        "osm_id": 360977578,
        "railroad": "IAIS",
        "operator": "Iowa Interstate Railroad",
        "owner": null,
        "name": "Iowa Interstate Railroad",
        "ref": null,
        "usage": "branch",
        "service": null,
        "railway": "rail",
        "source": "OpenStreetMap / Overpass"
      }
    },
    {
      "type": "Feature",
      "geometry": {
        "type": "LineString",
        "coordinates": [
          [
            -89.4192888,
            41.0695284
          ],
          [
            -89.4208325,
            41.0683278
          ],
          [
            -89.4214106,
            41.0678565
          ],
          [
            -89.4220519,
            41.0673391
          ],
          [
            -89.4225943,
            41.0668692
          ],
          [
            -89.4230977,
            41.0663992
          ],
          [
            -89.4234873,
            41.0660083
          ],
          [
            -89.4236912,
            41.0657955
          ],
          [
            -89.4238819,
            41.065582
          ],
          [
            -89.4243618,
            41.0650281
          ],
          [
            -89.4245533,
            41.0647889
          ],
          [
            -89.424731,
            41.0645623
          ],
          [
            -89.4250357,
            41.064164
          ],
          [
            -89.4253376,
            41.0637128
          ],
          [
            -89.425648,
            41.0632066
          ],
          [
            -89.4259715,
            41.0626512
          ],
          [
            -89.4262234,
            41.06214
          ],
          [
            -89.426589,
            41.0613447
          ],
          [
            -89.4269097,
            41.0605674
          ],
          [
            -89.4280095,
            41.0578354
          ],
          [
            -89.4283631,
            41.0569631
          ],
          [
            -89.4286328,
            41.056283
          ],
          [
            -89.4288846,
            41.0554514
          ],
          [
            -89.4291782,
            41.054335
          ],
          [
            -89.4295386,
            41.0527754
          ],
          [
            -89.4300203,
            41.0507463
          ],
          [
            -89.4308265,
            41.0473268
          ],
          [
            -89.4316087,
            41.0439931
          ],
          [
            -89.4318154,
            41.0432518
          ],
          [
            -89.4320372,
            41.0426053
          ],
          [
            -89.4323279,
            41.0419431
          ],
          [
            -89.4330981,
            41.0402524
          ],
          [
            -89.435046,
            41.0359802
          ],
          [
            -89.4358876,
            41.034147
          ]
        ]
      },
      "properties": {
        "osm_id": 360977883,
        "railroad": "IAIS",
        "operator": "Iowa Interstate Railroad",
        "owner": null,
        "name": "Iowa Interstate Railroad",
        "ref": null,
        "usage": "branch",
        "service": null,
        "railway": "rail",
        "source": "OpenStreetMap / Overpass"
      }
    },
    {
      "type": "Feature",
      "geometry": {
        "type": "LineString",
        "coordinates": [
          [
            -89.4186115,
            41.0700526
          ],
          [
            -89.4192888,
            41.0695284
          ]
        ]
      },
      "properties": {
        "osm_id": 360977884,
        "railroad": "IAIS",
        "operator": "Iowa Interstate Railroad",
        "owner": null,
        "name": "Iowa Interstate Railroad",
        "ref": null,
        "usage": "branch",
        "service": null,
        "railway": "rail",
        "source": "OpenStreetMap / Overpass"
      }
    },
    {
      "type": "Feature",
      "geometry": {
        "type": "LineString",
        "coordinates": [
          [
            -89.6477469,
            41.3576016
          ],
          [
            -89.6478014,
            41.3576034
          ]
        ]
      },
      "properties": {
        "osm_id": 363541928,
        "railroad": "IAIS",
        "operator": "Iowa Interstate Railroad",
        "owner": null,
        "name": "Iowa Interstate Railroad",
        "ref": null,
        "usage": "branch",
        "service": null,
        "railway": "rail",
        "source": "OpenStreetMap / Overpass"
      }
    },
    {
      "type": "Feature",
      "geometry": {
        "type": "LineString",
        "coordinates": [
          [
            -89.6068762,
            41.3565165
          ],
          [
            -89.6070358,
            41.3565701
          ]
        ]
      },
      "properties": {
        "osm_id": 363541929,
        "railroad": "IAIS",
        "operator": "Iowa Interstate Railroad",
        "owner": null,
        "name": "Iowa Interstate Railroad",
        "ref": null,
        "usage": "branch",
        "service": null,
        "railway": "rail",
        "source": "OpenStreetMap / Overpass"
      }
    },
    {
      "type": "Feature",
      "geometry": {
        "type": "LineString",
        "coordinates": [
          [
            -89.5679162,
            41.3495943
          ],
          [
            -89.5682691,
            41.3498334
          ]
        ]
      },
      "properties": {
        "osm_id": 363541930,
        "railroad": "IAIS",
        "operator": "Iowa Interstate Railroad",
        "owner": null,
        "name": "Iowa Interstate Railroad",
        "ref": null,
        "usage": "branch",
        "service": null,
        "railway": "rail",
        "source": "OpenStreetMap / Overpass"
      }
    },
    {
      "type": "Feature",
      "geometry": {
        "type": "LineString",
        "coordinates": [
          [
            -89.6070358,
            41.3565701
          ],
          [
            -89.6073353,
            41.3566708
          ],
          [
            -89.6077412,
            41.3568032
          ],
          [
            -89.6082568,
            41.3569498
          ],
          [
            -89.6087193,
            41.3570719
          ],
          [
            -89.6091817,
            41.3571786
          ],
          [
            -89.6096117,
            41.3572661
          ],
          [
            -89.6101512,
            41.3573638
          ],
          [
            -89.610749,
            41.3574563
          ],
          [
            -89.611615,
            41.3575802
          ],
          [
            -89.6126965,
            41.3577328
          ],
          [
            -89.6133114,
            41.3578125
          ],
          [
            -89.613851,
            41.357869
          ],
          [
            -89.6142706,
            41.3578986
          ],
          [
            -89.6146715,
            41.3579243
          ],
          [
            -89.615187,
            41.357941
          ],
          [
            -89.6157232,
            41.3579423
          ],
          [
            -89.6162747,
            41.3579372
          ],
          [
            -89.6260603,
            41.3576587
          ],
          [
            -89.6351943,
            41.3574034
          ],
          [
            -89.6359694,
            41.3573925
          ],
          [
            -89.6365774,
            41.3573889
          ],
          [
            -89.63712,
            41.3573979
          ],
          [
            -89.6477469,
            41.3576016
          ]
        ]
      },
      "properties": {
        "osm_id": 363541931,
        "railroad": "IAIS",
        "operator": "Iowa Interstate Railroad",
        "owner": null,
        "name": "Iowa Interstate Railroad",
        "ref": null,
        "usage": "branch",
        "service": null,
        "railway": "rail",
        "source": "OpenStreetMap / Overpass"
      }
    },
    {
      "type": "Feature",
      "geometry": {
        "type": "LineString",
        "coordinates": [
          [
            -89.6478014,
            41.3576034
          ],
          [
            -89.6566195,
            41.3577761
          ],
          [
            -89.663507,
            41.3579034
          ],
          [
            -89.6700615,
            41.3580312
          ],
          [
            -89.6847945,
            41.3583082
          ],
          [
            -89.6908493,
            41.3584214
          ],
          [
            -89.703864,
            41.3586645
          ],
          [
            -89.7120439,
            41.3588112
          ],
          [
            -89.7169371,
            41.3589087
          ],
          [
            -89.7333359,
            41.3592159
          ],
          [
            -89.7337224,
            41.3592226
          ],
          [
            -89.7343945,
            41.3592391
          ],
          [
            -89.7347974,
            41.3592502
          ],
          [
            -89.7352092,
            41.35927
          ],
          [
            -89.7355989,
            41.3592921
          ],
          [
            -89.7359925,
            41.35932
          ],
          [
            -89.7364313,
            41.3593473
          ],
          [
            -89.736846,
            41.3593804
          ],
          [
            -89.7373638,
            41.3594318
          ],
          [
            -89.7376388,
            41.3594616
          ],
          [
            -89.7379314,
            41.3594991
          ],
          [
            -89.7382505,
            41.3595433
          ],
          [
            -89.7386005,
            41.3595941
          ],
          [
            -89.7389903,
            41.359657
          ],
          [
            -89.739377,
            41.3597265
          ],
          [
            -89.7397726,
            41.3597994
          ],
          [
            -89.74013,
            41.3598744
          ],
          [
            -89.7405197,
            41.3599583
          ],
          [
            -89.7409065,
            41.3600455
          ],
          [
            -89.7413697,
            41.3601533
          ],
          [
            -89.7417554,
            41.3602397
          ],
          [
            -89.745879,
            41.3611784
          ]
        ]
      },
      "properties": {
        "osm_id": 363541932,
        "railroad": "IAIS",
        "operator": "Iowa Interstate Railroad",
        "owner": null,
        "name": "Iowa Interstate Railroad",
        "ref": null,
        "usage": "branch",
        "service": null,
        "railway": "rail",
        "source": "OpenStreetMap / Overpass"
      }
    },
    {
      "type": "Feature",
      "geometry": {
        "type": "LineString",
        "coordinates": [
          [
            -89.5682691,
            41.3498334
          ],
          [
            -89.5700569,
            41.3511302
          ],
          [
            -89.5706808,
            41.3515526
          ],
          [
            -89.5710919,
            41.3517943
          ],
          [
            -89.5714105,
            41.351964
          ],
          [
            -89.571688,
            41.352099
          ],
          [
            -89.5720631,
            41.3522636
          ],
          [
            -89.5724485,
            41.3524076
          ],
          [
            -89.5728219,
            41.3525272
          ],
          [
            -89.5732261,
            41.3526429
          ],
          [
            -89.5736286,
            41.3527368
          ],
          [
            -89.5740212,
            41.3528082
          ],
          [
            -89.5744371,
            41.3528641
          ],
          [
            -89.5747609,
            41.3528988
          ],
          [
            -89.5750914,
            41.3529193
          ],
          [
            -89.5754374,
            41.3529309
          ],
          [
            -89.57584,
            41.3529361
          ],
          [
            -89.5764759,
            41.3529388
          ],
          [
            -89.5836788,
            41.3528537
          ],
          [
            -89.5840779,
            41.3528563
          ],
          [
            -89.5844993,
            41.3528653
          ],
          [
            -89.5849121,
            41.3528871
          ],
          [
            -89.5853044,
            41.3529167
          ],
          [
            -89.5857223,
            41.3529694
          ],
          [
            -89.5860945,
            41.3530263
          ],
          [
            -89.586541,
            41.3531032
          ],
          [
            -89.5867888,
            41.3531622
          ],
          [
            -89.5870926,
            41.3532266
          ],
          [
            -89.5874694,
            41.353323
          ],
          [
            -89.587925,
            41.353458
          ],
          [
            -89.5882762,
            41.3535763
          ],
          [
            -89.5907718,
            41.3544236
          ],
          [
            -89.5912377,
            41.3545753
          ],
          [
            -89.5916831,
            41.3547026
          ],
          [
            -89.5921421,
            41.3548157
          ],
          [
            -89.5925635,
            41.3548993
          ],
          [
            -89.5929078,
            41.3549572
          ],
          [
            -89.5933086,
            41.3550176
          ],
          [
            -89.5937094,
            41.3550587
          ],
          [
            -89.5941753,
            41.3550922
          ],
          [
            -89.59466,
            41.3551153
          ],
          [
            -89.5951019,
            41.3551256
          ],
          [
            -89.6008195,
            41.3552053
          ],
          [
            -89.6012854,
            41.3552259
          ],
          [
            -89.6017324,
            41.3552555
          ],
          [
            -89.6021144,
            41.355294
          ],
          [
            -89.6025409,
            41.3553493
          ],
          [
            -89.6030685,
            41.3554355
          ],
          [
            -89.6034556,
            41.3555087
          ],
          [
            -89.6039283,
            41.3556077
          ],
          [
            -89.6044113,
            41.3557273
          ],
          [
            -89.6049098,
            41.3558649
          ],
          [
            -89.6053072,
            41.3559793
          ],
          [
            -89.6057011,
            41.3561066
          ],
          [
            -89.6060968,
            41.3562416
          ],
          [
            -89.6068762,
            41.3565165
          ]
        ]
      },
      "properties": {
        "osm_id": 363541933,
        "railroad": "IAIS",
        "operator": "Iowa Interstate Railroad",
        "owner": null,
        "name": "Iowa Interstate Railroad",
        "ref": null,
        "usage": "branch",
        "service": null,
        "railway": "rail",
        "source": "OpenStreetMap / Overpass"
      }
    },
    {
      "type": "Feature",
      "geometry": {
        "type": "LineString",
        "coordinates": [
          [
            -89.2266462,
            41.3225304
          ],
          [
            -89.2274256,
            41.322606
          ],
          [
            -89.2317018,
            41.3230124
          ],
          [
            -89.2377178,
            41.3235845
          ],
          [
            -89.2449359,
            41.3242735
          ],
          [
            -89.2476471,
            41.3245343
          ],
          [
            -89.2483516,
            41.3246016
          ],
          [
            -89.2525751,
            41.3250055
          ],
          [
            -89.2533669,
            41.325069
          ],
          [
            -89.2545708,
            41.325126
          ],
          [
            -89.2575511,
            41.3251949
          ],
          [
            -89.265127,
            41.3253747
          ],
          [
            -89.274944,
            41.3255982
          ]
        ]
      },
      "properties": {
        "osm_id": 363595077,
        "railroad": "IAIS",
        "operator": "Iowa Interstate Railroad",
        "owner": null,
        "name": "Iowa Interstate Railroad",
        "ref": null,
        "usage": "branch",
        "service": null,
        "railway": "rail",
        "source": "OpenStreetMap / Overpass"
      }
    },
    {
      "type": "Feature",
      "geometry": {
        "type": "LineString",
        "coordinates": [
          [
            -89.2264744,
            41.3225123
          ],
          [
            -89.2266462,
            41.3225304
          ]
        ]
      },
      "properties": {
        "osm_id": 363595078,
        "railroad": "IAIS",
        "operator": "Iowa Interstate Railroad",
        "owner": null,
        "name": "Iowa Interstate Railroad",
        "ref": null,
        "usage": "branch",
        "service": null,
        "railway": "rail",
        "source": "OpenStreetMap / Overpass"
      }
    },
    {
      "type": "Feature",
      "geometry": {
        "type": "LineString",
        "coordinates": [
          [
            -89.014697,
            41.3426622
          ],
          [
            -89.015412,
            41.3425956
          ],
          [
            -89.0160776,
            41.3425293
          ],
          [
            -89.0167734,
            41.3424513
          ],
          [
            -89.0173425,
            41.3423839
          ],
          [
            -89.0328824,
            41.340136
          ],
          [
            -89.0334802,
            41.3400529
          ],
          [
            -89.0339931,
            41.3399824
          ],
          [
            -89.0343518,
            41.3399361
          ],
          [
            -89.0347748,
            41.3398822
          ],
          [
            -89.0353047,
            41.3398214
          ],
          [
            -89.0371878,
            41.339626
          ],
          [
            -89.0375314,
            41.3395889
          ],
          [
            -89.0378509,
            41.3395437
          ],
          [
            -89.038232,
            41.33949
          ],
          [
            -89.0386482,
            41.3394279
          ],
          [
            -89.0390448,
            41.3393659
          ],
          [
            -89.0394105,
            41.3393059
          ],
          [
            -89.0397987,
            41.3392343
          ],
          [
            -89.0401462,
            41.3391712
          ],
          [
            -89.0405799,
            41.3390841
          ],
          [
            -89.0409842,
            41.3390039
          ],
          [
            -89.0413975,
            41.3389134
          ],
          [
            -89.0417891,
            41.3388245
          ],
          [
            -89.0459213,
            41.3378576
          ]
        ]
      },
      "properties": {
        "osm_id": 365028872,
        "railroad": "IAIS",
        "operator": "Iowa Interstate Railroad",
        "owner": null,
        "name": "Iowa Interstate Railroad",
        "ref": null,
        "usage": "branch",
        "service": null,
        "railway": "rail",
        "source": "OpenStreetMap / Overpass"
      }
    },
    {
      "type": "Feature",
      "geometry": {
        "type": "LineString",
        "coordinates": [
          [
            -89.5591529,
            40.715481
          ],
          [
            -89.5592238,
            40.715366
          ],
          [
            -89.5601958,
            40.7137885
          ],
          [
            -89.560249,
            40.7137014
          ],
          [
            -89.560327,
            40.7135757
          ],
          [
            -89.5604484,
            40.7133758
          ],
          [
            -89.5606019,
            40.7131264
          ],
          [
            -89.5607186,
            40.7129353
          ],
          [
            -89.5608285,
            40.7127513
          ],
          [
            -89.5609251,
            40.7125784
          ],
          [
            -89.5610485,
            40.7123548
          ],
          [
            -89.5611678,
            40.7121271
          ],
          [
            -89.5612899,
            40.7118943
          ],
          [
            -89.5614288,
            40.7116426
          ],
          [
            -89.5615299,
            40.7114653
          ],
          [
            -89.561652,
            40.711259
          ],
          [
            -89.5618585,
            40.7109367
          ],
          [
            -89.5620419,
            40.7106654
          ]
        ]
      },
      "properties": {
        "osm_id": 367013650,
        "railroad": "IAIS",
        "operator": "Iowa Interstate Railroad",
        "owner": null,
        "name": null,
        "ref": null,
        "usage": "branch",
        "service": null,
        "railway": "rail",
        "source": "OpenStreetMap / Overpass"
      }
    },
    {
      "type": "Feature",
      "geometry": {
        "type": "LineString",
        "coordinates": [
          [
            -89.1061481,
            41.3275389
          ],
          [
            -89.1062315,
            41.3275398
          ]
        ]
      },
      "properties": {
        "osm_id": 369316942,
        "railroad": "IAIS",
        "operator": "Iowa Interstate Railroad",
        "owner": null,
        "name": "Blue Island Subdivision",
        "ref": null,
        "usage": "branch",
        "service": null,
        "railway": "rail",
        "source": "OpenStreetMap / Overpass"
      }
    },
    {
      "type": "Feature",
      "geometry": {
        "type": "LineString",
        "coordinates": [
          [
            -89.1062315,
            41.3275398
          ],
          [
            -89.1063748,
            41.3275412
          ],
          [
            -89.1071157,
            41.3275231
          ],
          [
            -89.1078075,
            41.327493
          ],
          [
            -89.108782,
            41.3274321
          ],
          [
            -89.1096355,
            41.3273562
          ],
          [
            -89.1108426,
            41.3272192
          ],
          [
            -89.1119063,
            41.327062
          ],
          [
            -89.1128765,
            41.3268913
          ],
          [
            -89.1138881,
            41.326696
          ],
          [
            -89.1146089,
            41.3265283
          ],
          [
            -89.1154393,
            41.3262985
          ],
          [
            -89.1164361,
            41.3260253
          ],
          [
            -89.1171044,
            41.3258623
          ],
          [
            -89.1183355,
            41.3256446
          ],
          [
            -89.1194845,
            41.3254493
          ],
          [
            -89.1205886,
            41.3252469
          ],
          [
            -89.1220825,
            41.3249793
          ],
          [
            -89.1236172,
            41.324667
          ],
          [
            -89.12431,
            41.3244986
          ],
          [
            -89.1251201,
            41.3242705
          ],
          [
            -89.1263368,
            41.3238582
          ],
          [
            -89.1274734,
            41.3234495
          ],
          [
            -89.1309692,
            41.322168
          ],
          [
            -89.1321945,
            41.3217607
          ],
          [
            -89.1338953,
            41.3212345
          ],
          [
            -89.1356375,
            41.3207366
          ],
          [
            -89.137366,
            41.320257
          ],
          [
            -89.137887,
            41.3201117
          ],
          [
            -89.1384905,
            41.3199433
          ],
          [
            -89.1388403,
            41.3198432
          ],
          [
            -89.1390546,
            41.3197902
          ],
          [
            -89.139225,
            41.319748
          ],
          [
            -89.1395092,
            41.3196845
          ],
          [
            -89.1397347,
            41.3196376
          ],
          [
            -89.1399712,
            41.3195948
          ],
          [
            -89.1404245,
            41.3195203
          ],
          [
            -89.1431292,
            41.3191493
          ],
          [
            -89.143539,
            41.3190803
          ],
          [
            -89.143969,
            41.3189993
          ],
          [
            -89.1444455,
            41.3188953
          ],
          [
            -89.1448477,
            41.3187981
          ],
          [
            -89.1469523,
            41.3182265
          ],
          [
            -89.1482509,
            41.317873
          ],
          [
            -89.1487683,
            41.3177263
          ],
          [
            -89.1492142,
            41.3175894
          ],
          [
            -89.1496753,
            41.3174416
          ],
          [
            -89.1507008,
            41.3170859
          ],
          [
            -89.1511337,
            41.3169469
          ],
          [
            -89.1515446,
            41.3168276
          ],
          [
            -89.152,
            41.3167121
          ],
          [
            -89.1524206,
            41.3166109
          ],
          [
            -89.1536477,
            41.3163186
          ],
          [
            -89.1549241,
            41.3160233
          ],
          [
            -89.1554797,
            41.3159125
          ],
          [
            -89.1559752,
            41.3158227
          ],
          [
            -89.1564882,
            41.3157384
          ],
          [
            -89.1569677,
            41.3156706
          ],
          [
            -89.1576105,
            41.3155896
          ],
          [
            -89.1582415,
            41.3155315
          ],
          [
            -89.159046,
            41.3154691
          ],
          [
            -89.1605617,
            41.3153601
          ],
          [
            -89.1611407,
            41.3153274
          ],
          [
            -89.1614838,
            41.3153126
          ],
          [
            -89.1620937,
            41.3153004
          ],
          [
            -89.1627467,
            41.3153076
          ],
          [
            -89.1634421,
            41.315349
          ],
          [
            -89.1637742,
            41.3153725
          ],
          [
            -89.1642255,
            41.3154212
          ],
          [
            -89.1648893,
            41.3155138
          ],
          [
            -89.1656635,
            41.3156411
          ],
          [
            -89.1686979,
            41.3161893
          ],
          [
            -89.1694287,
            41.3163163
          ],
          [
            -89.1703566,
            41.316458
          ],
          [
            -89.1711994,
            41.3165643
          ],
          [
            -89.1718091,
            41.3166292
          ],
          [
            -89.1725413,
            41.3167032
          ],
          [
            -89.1763427,
            41.3170615
          ],
          [
            -89.1860645,
            41.3179706
          ],
          [
            -89.1941191,
            41.3187286
          ],
          [
            -89.1945038,
            41.3187642
          ],
          [
            -89.1949618,
            41.3187976
          ],
          [
            -89.1953681,
            41.3188164
          ],
          [
            -89.1957801,
            41.3188271
          ]
        ]
      },
      "properties": {
        "osm_id": 369316943,
        "railroad": "IAIS",
        "operator": "Iowa Interstate Railroad",
        "owner": null,
        "name": "Blue Island Subdivision",
        "ref": null,
        "usage": "branch",
        "service": null,
        "railway": "rail",
        "source": "OpenStreetMap / Overpass"
      }
    },
    {
      "type": "Feature",
      "geometry": {
        "type": "LineString",
        "coordinates": [
          [
            -89.0124098,
            41.3427878
          ],
          [
            -89.0134226,
            41.3427426
          ],
          [
            -89.014697,
            41.3426622
          ]
        ]
      },
      "properties": {
        "osm_id": 369317068,
        "railroad": "IAIS",
        "operator": "Iowa Interstate Railroad",
        "owner": null,
        "name": "CSX",
        "ref": null,
        "usage": "branch",
        "service": null,
        "railway": "rail",
        "source": "OpenStreetMap / Overpass"
      }
    },
    {
      "type": "Feature",
      "geometry": {
        "type": "LineString",
        "coordinates": [
          [
            -90.1681114,
            41.4566568
          ],
          [
            -90.1683566,
            41.4567119
          ]
        ]
      },
      "properties": {
        "osm_id": 369317912,
        "railroad": "IAIS",
        "operator": "Iowa Interstate Railroad",
        "owner": null,
        "name": "Iowa Interstate Railroad",
        "ref": null,
        "usage": "branch",
        "service": null,
        "railway": "rail",
        "source": "OpenStreetMap / Overpass"
      }
    },
    {
      "type": "Feature",
      "geometry": {
        "type": "LineString",
        "coordinates": [
          [
            -90.1683566,
            41.4567119
          ],
          [
            -90.1822174,
            41.4598236
          ],
          [
            -90.2020754,
            41.4642775
          ],
          [
            -90.2311213,
            41.4707724
          ],
          [
            -90.2315063,
            41.4708605
          ],
          [
            -90.2320384,
            41.4709662
          ],
          [
            -90.2325763,
            41.4710675
          ],
          [
            -90.2331054,
            41.4711579
          ],
          [
            -90.233611,
            41.4712305
          ],
          [
            -90.2341081,
            41.4712942
          ],
          [
            -90.241674,
            41.4721204
          ],
          [
            -90.2424736,
            41.472204
          ],
          [
            -90.2430027,
            41.4722569
          ],
          [
            -90.2436435,
            41.4722943
          ],
          [
            -90.2441638,
            41.472312
          ],
          [
            -90.2601106,
            41.4726975
          ],
          [
            -90.2855809,
            41.4733089
          ],
          [
            -90.2860454,
            41.4733243
          ],
          [
            -90.2864481,
            41.4733463
          ],
          [
            -90.2869037,
            41.4733683
          ],
          [
            -90.2874152,
            41.4734124
          ],
          [
            -90.2879171,
            41.4734542
          ],
          [
            -90.3208442,
            41.4765456
          ],
          [
            -90.3270268,
            41.4771065
          ],
          [
            -90.3303045,
            41.4774186
          ],
          [
            -90.3365417,
            41.4780234
          ],
          [
            -90.339026,
            41.478434
          ],
          [
            -90.343626,
            41.479534
          ],
          [
            -90.3445298,
            41.4798069
          ]
        ]
      },
      "properties": {
        "osm_id": 369317913,
        "railroad": "IAIS",
        "operator": "Iowa Interstate Railroad",
        "owner": null,
        "name": "Iowa Interstate Railroad",
        "ref": null,
        "usage": "branch",
        "service": null,
        "railway": "rail",
        "source": "OpenStreetMap / Overpass"
      }
    },
    {
      "type": "Feature",
      "geometry": {
        "type": "LineString",
        "coordinates": [
          [
            -90.0710719,
            41.434824
          ],
          [
            -90.0860564,
            41.4381967
          ],
          [
            -90.105215,
            41.4425248
          ],
          [
            -90.1148936,
            41.4446974
          ],
          [
            -90.1197785,
            41.4457961
          ],
          [
            -90.1267397,
            41.4473652
          ],
          [
            -90.1386151,
            41.4500389
          ],
          [
            -90.1439146,
            41.4512221
          ],
          [
            -90.1440156,
            41.4512448
          ],
          [
            -90.1516723,
            41.4529699
          ],
          [
            -90.1517642,
            41.4529906
          ],
          [
            -90.1539818,
            41.4534881
          ],
          [
            -90.1556521,
            41.4538566
          ],
          [
            -90.1557854,
            41.453886
          ],
          [
            -90.1558815,
            41.4539083
          ],
          [
            -90.1569842,
            41.4541639
          ],
          [
            -90.157082,
            41.4541866
          ],
          [
            -90.1633099,
            41.4555858
          ],
          [
            -90.1633887,
            41.4556034
          ],
          [
            -90.1681114,
            41.4566568
          ]
        ]
      },
      "properties": {
        "osm_id": 369447971,
        "railroad": "IAIS",
        "operator": "Iowa Interstate Railroad",
        "owner": null,
        "name": "Iowa Interstate Railroad",
        "ref": null,
        "usage": "branch",
        "service": null,
        "railway": "rail",
        "source": "OpenStreetMap / Overpass"
      }
    },
    {
      "type": "Feature",
      "geometry": {
        "type": "LineString",
        "coordinates": [
          [
            -90.0706354,
            41.4347257
          ],
          [
            -90.0710719,
            41.434824
          ]
        ]
      },
      "properties": {
        "osm_id": 369447972,
        "railroad": "IAIS",
        "operator": "Iowa Interstate Railroad",
        "owner": null,
        "name": "Iowa Interstate Railroad",
        "ref": null,
        "usage": "branch",
        "service": null,
        "railway": "rail",
        "source": "OpenStreetMap / Overpass"
      }
    },
    {
      "type": "Feature",
      "geometry": {
        "type": "LineString",
        "coordinates": [
          [
            -90.0579217,
            41.4318538
          ],
          [
            -90.058196,
            41.4319194
          ]
        ]
      },
      "properties": {
        "osm_id": 369447973,
        "railroad": "IAIS",
        "operator": "Iowa Interstate Railroad",
        "owner": null,
        "name": "Iowa Interstate Railroad",
        "ref": null,
        "usage": "branch",
        "service": null,
        "railway": "rail",
        "source": "OpenStreetMap / Overpass"
      }
    },
    {
      "type": "Feature",
      "geometry": {
        "type": "LineString",
        "coordinates": [
          [
            -89.9659676,
            41.4110893
          ],
          [
            -89.966084,
            41.4111156
          ]
        ]
      },
      "properties": {
        "osm_id": 369447974,
        "railroad": "IAIS",
        "operator": "Iowa Interstate Railroad",
        "owner": null,
        "name": "Iowa Interstate Railroad",
        "ref": null,
        "usage": "branch",
        "service": null,
        "railway": "rail",
        "source": "OpenStreetMap / Overpass"
      }
    },
    {
      "type": "Feature",
      "geometry": {
        "type": "LineString",
        "coordinates": [
          [
            -90.058196,
            41.4319194
          ],
          [
            -90.0582534,
            41.4319331
          ],
          [
            -90.0677331,
            41.4340673
          ],
          [
            -90.0706354,
            41.4347257
          ]
        ]
      },
      "properties": {
        "osm_id": 369447975,
        "railroad": "IAIS",
        "operator": "Iowa Interstate Railroad",
        "owner": null,
        "name": "Iowa Interstate Railroad",
        "ref": null,
        "usage": "branch",
        "service": null,
        "railway": "rail",
        "source": "OpenStreetMap / Overpass"
      }
    },
    {
      "type": "Feature",
      "geometry": {
        "type": "LineString",
        "coordinates": [
          [
            -89.966084,
            41.4111156
          ],
          [
            -89.9685505,
            41.4116807
          ],
          [
            -89.972316,
            41.4125216
          ],
          [
            -89.9848566,
            41.4153492
          ],
          [
            -89.985447,
            41.4154813
          ]
        ]
      },
      "properties": {
        "osm_id": 369447976,
        "railroad": "IAIS",
        "operator": "Iowa Interstate Railroad",
        "owner": null,
        "name": "Iowa Interstate Railroad",
        "ref": null,
        "usage": "branch",
        "service": null,
        "railway": "rail",
        "source": "OpenStreetMap / Overpass"
      }
    },
    {
      "type": "Feature",
      "geometry": {
        "type": "LineString",
        "coordinates": [
          [
            -90.0217247,
            41.4236654
          ],
          [
            -90.036601,
            41.427028
          ],
          [
            -90.0393046,
            41.4276408
          ],
          [
            -90.0481097,
            41.4296393
          ],
          [
            -90.0579217,
            41.4318538
          ]
        ]
      },
      "properties": {
        "osm_id": 369447977,
        "railroad": "IAIS",
        "operator": "Iowa Interstate Railroad",
        "owner": null,
        "name": "Iowa Interstate Railroad",
        "ref": null,
        "usage": "branch",
        "service": null,
        "railway": "rail",
        "source": "OpenStreetMap / Overpass"
      }
    },
    {
      "type": "Feature",
      "geometry": {
        "type": "LineString",
        "coordinates": [
          [
            -89.985447,
            41.4154813
          ],
          [
            -90.00496,
            41.4198817
          ],
          [
            -90.0106844,
            41.4211714
          ],
          [
            -90.0133618,
            41.4217751
          ],
          [
            -90.016988,
            41.4225999
          ],
          [
            -90.0217247,
            41.4236654
          ]
        ]
      },
      "properties": {
        "osm_id": 369447978,
        "railroad": "IAIS",
        "operator": "Iowa Interstate Railroad",
        "owner": null,
        "name": "Iowa Interstate Railroad",
        "ref": null,
        "usage": "branch",
        "service": null,
        "railway": "rail",
        "source": "OpenStreetMap / Overpass"
      }
    },
    {
      "type": "Feature",
      "geometry": {
        "type": "LineString",
        "coordinates": [
          [
            -89.8570238,
            41.3864526
          ],
          [
            -89.8626136,
            41.3877124
          ],
          [
            -89.8665145,
            41.3886035
          ],
          [
            -89.8832923,
            41.3923966
          ],
          [
            -89.885773,
            41.3929617
          ],
          [
            -89.8937897,
            41.3947799
          ]
        ]
      },
      "properties": {
        "osm_id": 369447979,
        "railroad": "IAIS",
        "operator": "Iowa Interstate Railroad",
        "owner": null,
        "name": "Iowa Interstate Railroad",
        "ref": null,
        "usage": "branch",
        "service": null,
        "railway": "rail",
        "source": "OpenStreetMap / Overpass"
      }
    },
    {
      "type": "Feature",
      "geometry": {
        "type": "LineString",
        "coordinates": [
          [
            -89.8937897,
            41.3947799
          ],
          [
            -89.8950988,
            41.3950835
          ],
          [
            -89.9047676,
            41.3972682
          ],
          [
            -89.9077665,
            41.3979449
          ],
          [
            -89.9091806,
            41.3982656
          ],
          [
            -89.9106514,
            41.3985981
          ],
          [
            -89.9131157,
            41.3991553
          ],
          [
            -89.9199994,
            41.4007272
          ]
        ]
      },
      "properties": {
        "osm_id": 369447980,
        "railroad": "IAIS",
        "operator": "Iowa Interstate Railroad",
        "owner": null,
        "name": "Iowa Interstate Railroad",
        "ref": null,
        "usage": "branch",
        "service": null,
        "railway": "rail",
        "source": "OpenStreetMap / Overpass"
      }
    },
    {
      "type": "Feature",
      "geometry": {
        "type": "LineString",
        "coordinates": [
          [
            -89.7461229,
            41.3612338
          ],
          [
            -89.751351,
            41.3624218
          ],
          [
            -89.76653,
            41.3658806
          ],
          [
            -89.7716761,
            41.367044
          ],
          [
            -89.7866903,
            41.370468
          ],
          [
            -89.7989899,
            41.3732578
          ],
          [
            -89.8056653,
            41.3747825
          ],
          [
            -89.8191702,
            41.377857
          ],
          [
            -89.8230191,
            41.3787336
          ],
          [
            -89.8351048,
            41.3814739
          ],
          [
            -89.8377404,
            41.3820735
          ],
          [
            -89.8430576,
            41.3832801
          ]
        ]
      },
      "properties": {
        "osm_id": 369448336,
        "railroad": "IAIS",
        "operator": "Iowa Interstate Railroad",
        "owner": null,
        "name": "Iowa Interstate Railroad",
        "ref": null,
        "usage": "branch",
        "service": null,
        "railway": "rail",
        "source": "OpenStreetMap / Overpass"
      }
    },
    {
      "type": "Feature",
      "geometry": {
        "type": "LineString",
        "coordinates": [
          [
            -89.745879,
            41.3611784
          ],
          [
            -89.7461229,
            41.3612338
          ]
        ]
      },
      "properties": {
        "osm_id": 369448337,
        "railroad": "IAIS",
        "operator": "Iowa Interstate Railroad",
        "owner": null,
        "name": "Iowa Interstate Railroad",
        "ref": null,
        "usage": "branch",
        "service": null,
        "railway": "rail",
        "source": "OpenStreetMap / Overpass"
      }
    },
    {
      "type": "Feature",
      "geometry": {
        "type": "LineString",
        "coordinates": [
          [
            -89.5075129,
            41.2950192
          ],
          [
            -89.5076929,
            41.2952064
          ],
          [
            -89.5079488,
            41.2954958
          ],
          [
            -89.5081955,
            41.295788
          ],
          [
            -89.5083055,
            41.2959391
          ],
          [
            -89.5086032,
            41.296324
          ],
          [
            -89.5088795,
            41.296717
          ],
          [
            -89.5091021,
            41.2970334
          ],
          [
            -89.5099866,
            41.2983576
          ],
          [
            -89.5135489,
            41.3036211
          ],
          [
            -89.5155126,
            41.30653
          ],
          [
            -89.5159878,
            41.307163
          ],
          [
            -89.5178415,
            41.3100224
          ]
        ]
      },
      "properties": {
        "osm_id": 369453514,
        "railroad": "IAIS",
        "operator": "Iowa Interstate Railroad",
        "owner": null,
        "name": "Blue Island Subdivision",
        "ref": null,
        "usage": "branch",
        "service": null,
        "railway": "rail",
        "source": "OpenStreetMap / Overpass"
      }
    },
    {
      "type": "Feature",
      "geometry": {
        "type": "LineString",
        "coordinates": [
          [
            -89.5179454,
            41.3101768
          ],
          [
            -89.5198524,
            41.3129591
          ],
          [
            -89.5217396,
            41.3157794
          ],
          [
            -89.5221672,
            41.3163476
          ],
          [
            -89.5224354,
            41.3166901
          ],
          [
            -89.522776,
            41.3171071
          ],
          [
            -89.5231059,
            41.3174697
          ],
          [
            -89.5233634,
            41.3177497
          ],
          [
            -89.5235968,
            41.3179834
          ],
          [
            -89.5239481,
            41.3183218
          ],
          [
            -89.5243424,
            41.3186844
          ],
          [
            -89.524726,
            41.3190108
          ],
          [
            -89.5251793,
            41.3193834
          ],
          [
            -89.5255628,
            41.3196755
          ],
          [
            -89.5260134,
            41.3200059
          ],
          [
            -89.5266786,
            41.3204502
          ],
          [
            -89.5311585,
            41.3236446
          ]
        ]
      },
      "properties": {
        "osm_id": 369453515,
        "railroad": "IAIS",
        "operator": "Iowa Interstate Railroad",
        "owner": null,
        "name": "Blue Island Subdivision",
        "ref": null,
        "usage": "branch",
        "service": null,
        "railway": "rail",
        "source": "OpenStreetMap / Overpass"
      }
    },
    {
      "type": "Feature",
      "geometry": {
        "type": "LineString",
        "coordinates": [
          [
            -89.5178415,
            41.3100224
          ],
          [
            -89.5179454,
            41.3101768
          ]
        ]
      },
      "properties": {
        "osm_id": 369453516,
        "railroad": "IAIS",
        "operator": "Iowa Interstate Railroad",
        "owner": null,
        "name": "Blue Island Subdivision",
        "ref": null,
        "usage": "branch",
        "service": null,
        "railway": "rail",
        "source": "OpenStreetMap / Overpass"
      }
    },
    {
      "type": "Feature",
      "geometry": {
        "type": "LineString",
        "coordinates": [
          [
            -89.4849103,
            41.2892335
          ],
          [
            -89.4852226,
            41.2892609
          ]
        ]
      },
      "properties": {
        "osm_id": 369453517,
        "railroad": "IAIS",
        "operator": "Iowa Interstate Railroad",
        "owner": null,
        "name": "Blue Island Subdivision",
        "ref": null,
        "usage": "branch",
        "service": null,
        "railway": "rail",
        "source": "OpenStreetMap / Overpass"
      }
    },
    {
      "type": "Feature",
      "geometry": {
        "type": "LineString",
        "coordinates": [
          [
            -89.5311585,
            41.3236446
          ],
          [
            -89.5317052,
            41.3240305
          ]
        ]
      },
      "properties": {
        "osm_id": 369453518,
        "railroad": "IAIS",
        "operator": "Iowa Interstate Railroad",
        "owner": null,
        "name": "Blue Island Subdivision",
        "ref": null,
        "usage": "branch",
        "service": null,
        "railway": "rail",
        "source": "OpenStreetMap / Overpass"
      }
    },
    {
      "type": "Feature",
      "geometry": {
        "type": "LineString",
        "coordinates": [
          [
            -89.5073426,
            41.2948529
          ],
          [
            -89.5075129,
            41.2950192
          ]
        ]
      },
      "properties": {
        "osm_id": 369453519,
        "railroad": "IAIS",
        "operator": "Iowa Interstate Railroad",
        "owner": null,
        "name": "Blue Island Subdivision",
        "ref": null,
        "usage": "branch",
        "service": null,
        "railway": "rail",
        "source": "OpenStreetMap / Overpass"
      }
    },
    {
      "type": "Feature",
      "geometry": {
        "type": "LineString",
        "coordinates": [
          [
            -89.4852226,
            41.2892609
          ],
          [
            -89.4853466,
            41.2892742
          ],
          [
            -89.4856585,
            41.2893078
          ],
          [
            -89.4909248,
            41.2898651
          ],
          [
            -89.4975767,
            41.2905725
          ],
          [
            -89.4980756,
            41.290637
          ],
          [
            -89.498494,
            41.2906995
          ],
          [
            -89.4989098,
            41.290768
          ],
          [
            -89.4993443,
            41.2908466
          ],
          [
            -89.4997535,
            41.2909319
          ],
          [
            -89.5001623,
            41.291028
          ],
          [
            -89.5006183,
            41.2911449
          ],
          [
            -89.5010475,
            41.2912718
          ],
          [
            -89.5015598,
            41.2914331
          ],
          [
            -89.5020667,
            41.2916084
          ],
          [
            -89.5024361,
            41.2917447
          ],
          [
            -89.5027963,
            41.2918905
          ],
          [
            -89.5031798,
            41.2920578
          ],
          [
            -89.5035597,
            41.2922398
          ],
          [
            -89.5042312,
            41.2925737
          ],
          [
            -89.5046068,
            41.2927853
          ],
          [
            -89.5049554,
            41.2929909
          ],
          [
            -89.5053926,
            41.293273
          ],
          [
            -89.5057279,
            41.2935027
          ],
          [
            -89.5060793,
            41.2937567
          ],
          [
            -89.5064253,
            41.2940287
          ],
          [
            -89.5067364,
            41.2942867
          ],
          [
            -89.5070207,
            41.2945426
          ],
          [
            -89.5073426,
            41.2948529
          ]
        ]
      },
      "properties": {
        "osm_id": 369453520,
        "railroad": "IAIS",
        "operator": "Iowa Interstate Railroad",
        "owner": null,
        "name": "Blue Island Subdivision",
        "ref": null,
        "usage": "branch",
        "service": null,
        "railway": "rail",
        "source": "OpenStreetMap / Overpass"
      }
    },
    {
      "type": "Feature",
      "geometry": {
        "type": "LineString",
        "coordinates": [
          [
            -89.5317052,
            41.3240305
          ],
          [
            -89.5340753,
            41.3257036
          ],
          [
            -89.5435084,
            41.3323628
          ],
          [
            -89.5581675,
            41.342722
          ],
          [
            -89.5635069,
            41.3464994
          ],
          [
            -89.5679162,
            41.3495943
          ]
        ]
      },
      "properties": {
        "osm_id": 369453521,
        "railroad": "IAIS",
        "operator": "Iowa Interstate Railroad",
        "owner": null,
        "name": "Blue Island Subdivision",
        "ref": null,
        "usage": "branch",
        "service": null,
        "railway": "rail",
        "source": "OpenStreetMap / Overpass"
      }
    },
    {
      "type": "Feature",
      "geometry": {
        "type": "LineString",
        "coordinates": [
          [
            -89.40299,
            41.3064516
          ],
          [
            -89.405606,
            41.3062453
          ],
          [
            -89.4061341,
            41.3061966
          ],
          [
            -89.4066184,
            41.3061408
          ],
          [
            -89.4070931,
            41.3060763
          ],
          [
            -89.4075984,
            41.3059961
          ],
          [
            -89.4080426,
            41.3059159
          ],
          [
            -89.4084316,
            41.3058343
          ],
          [
            -89.4088778,
            41.3057297
          ],
          [
            -89.4092667,
            41.3056252
          ],
          [
            -89.4096595,
            41.3054948
          ],
          [
            -89.4101361,
            41.3053387
          ],
          [
            -89.410567,
            41.305184
          ],
          [
            -89.4109751,
            41.3050308
          ],
          [
            -89.4113755,
            41.3048703
          ],
          [
            -89.4118369,
            41.3046841
          ],
          [
            -89.4245121,
            41.2994641
          ]
        ]
      },
      "properties": {
        "osm_id": 369455678,
        "railroad": "IAIS",
        "operator": "Iowa Interstate Railroad",
        "owner": null,
        "name": "Blue Island Subdivision",
        "ref": null,
        "usage": "branch",
        "service": null,
        "railway": "rail",
        "source": "OpenStreetMap / Overpass"
      }
    },
    {
      "type": "Feature",
      "geometry": {
        "type": "LineString",
        "coordinates": [
          [
            -89.4442643,
            41.2952492
          ],
          [
            -89.4447313,
            41.2953038
          ]
        ]
      },
      "properties": {
        "osm_id": 369455679,
        "railroad": "IAIS",
        "operator": "Iowa Interstate Railroad",
        "owner": null,
        "name": "Blue Island Subdivision",
        "ref": null,
        "usage": "branch",
        "service": null,
        "railway": "rail",
        "source": "OpenStreetMap / Overpass"
      }
    },
    {
      "type": "Feature",
      "geometry": {
        "type": "LineString",
        "coordinates": [
          [
            -89.4476256,
            41.2956245
          ],
          [
            -89.4487202,
            41.2957494
          ]
        ]
      },
      "properties": {
        "osm_id": 369455680,
        "railroad": "IAIS",
        "operator": "Iowa Interstate Railroad",
        "owner": null,
        "name": "Blue Island Subdivision",
        "ref": null,
        "usage": "branch",
        "service": null,
        "railway": "rail",
        "source": "OpenStreetMap / Overpass"
      }
    },
    {
      "type": "Feature",
      "geometry": {
        "type": "LineString",
        "coordinates": [
          [
            -89.4447313,
            41.2953038
          ],
          [
            -89.4476256,
            41.2956245
          ]
        ]
      },
      "properties": {
        "osm_id": 369455681,
        "railroad": "IAIS",
        "operator": "Iowa Interstate Railroad",
        "owner": null,
        "name": "Blue Island Subdivision",
        "ref": null,
        "usage": "branch",
        "service": null,
        "railway": "rail",
        "source": "OpenStreetMap / Overpass"
      }
    },
    {
      "type": "Feature",
      "geometry": {
        "type": "LineString",
        "coordinates": [
          [
            -89.4414919,
            41.2950171
          ],
          [
            -89.4415891,
            41.2950171
          ]
        ]
      },
      "properties": {
        "osm_id": 369455682,
        "railroad": "IAIS",
        "operator": "Iowa Interstate Railroad",
        "owner": null,
        "name": "Blue Island Subdivision",
        "ref": null,
        "usage": "branch",
        "service": null,
        "railway": "rail",
        "source": "OpenStreetMap / Overpass"
      }
    },
    {
      "type": "Feature",
      "geometry": {
        "type": "LineString",
        "coordinates": [
          [
            -89.4245121,
            41.2994641
          ],
          [
            -89.4245794,
            41.2994363
          ]
        ]
      },
      "properties": {
        "osm_id": 369455683,
        "railroad": "IAIS",
        "operator": "Iowa Interstate Railroad",
        "owner": null,
        "name": "Blue Island Subdivision",
        "ref": null,
        "usage": "branch",
        "service": null,
        "railway": "rail",
        "source": "OpenStreetMap / Overpass"
      }
    },
    {
      "type": "Feature",
      "geometry": {
        "type": "LineString",
        "coordinates": [
          [
            -89.3846817,
            41.2974599
          ],
          [
            -89.3847875,
            41.2975741
          ]
        ]
      },
      "properties": {
        "osm_id": 369455684,
        "railroad": "IAIS",
        "operator": "Iowa Interstate Railroad",
        "owner": null,
        "name": "Blue Island Subdivision",
        "ref": null,
        "usage": "branch",
        "service": null,
        "railway": "rail",
        "source": "OpenStreetMap / Overpass"
      }
    },
    {
      "type": "Feature",
      "geometry": {
        "type": "LineString",
        "coordinates": [
          [
            -89.4245794,
            41.2994363
          ],
          [
            -89.4304315,
            41.2970269
          ],
          [
            -89.4309158,
            41.2968321
          ],
          [
            -89.4314058,
            41.2966373
          ],
          [
            -89.4319625,
            41.2964324
          ],
          [
            -89.4324106,
            41.2962835
          ],
          [
            -89.4328815,
            41.2961331
          ],
          [
            -89.4332914,
            41.2960142
          ],
          [
            -89.4337281,
            41.295891
          ],
          [
            -89.434138,
            41.2957864
          ],
          [
            -89.4346165,
            41.2956689
          ],
          [
            -89.4349769,
            41.2955887
          ],
          [
            -89.4353735,
            41.2955114
          ],
          [
            -89.4357949,
            41.2954268
          ],
          [
            -89.4362505,
            41.2953495
          ],
          [
            -89.4367272,
            41.2952764
          ],
          [
            -89.4372306,
            41.2952077
          ],
          [
            -89.4377892,
            41.2951446
          ],
          [
            -89.4382487,
            41.2951031
          ],
          [
            -89.4387235,
            41.2950644
          ],
          [
            -89.4391868,
            41.2950358
          ],
          [
            -89.4396177,
            41.2950171
          ],
          [
            -89.4401267,
            41.2950028
          ],
          [
            -89.4405767,
            41.2949971
          ],
          [
            -89.4410457,
            41.2950043
          ],
          [
            -89.4414919,
            41.2950171
          ]
        ]
      },
      "properties": {
        "osm_id": 369455685,
        "railroad": "IAIS",
        "operator": "Iowa Interstate Railroad",
        "owner": null,
        "name": "Blue Island Subdivision",
        "ref": null,
        "usage": "branch",
        "service": null,
        "railway": "rail",
        "source": "OpenStreetMap / Overpass"
      }
    },
    {
      "type": "Feature",
      "geometry": {
        "type": "LineString",
        "coordinates": [
          [
            -89.3848158,
            41.2975414
          ],
          [
            -89.3848394,
            41.2975679
          ],
          [
            -89.3857425,
            41.298531
          ],
          [
            -89.3865168,
            41.2993667
          ],
          [
            -89.3889058,
            41.3019392
          ],
          [
            -89.3892071,
            41.3022586
          ],
          [
            -89.3895693,
            41.3026196
          ],
          [
            -89.3899144,
            41.3029404
          ],
          [
            -89.390189,
            41.3031796
          ],
          [
            -89.3904941,
            41.3034174
          ],
          [
            -89.3907591,
            41.3036193
          ],
          [
            -89.3910794,
            41.3038456
          ],
          [
            -89.391373,
            41.3040433
          ],
          [
            -89.3917067,
            41.304261
          ],
          [
            -89.3920709,
            41.3044744
          ],
          [
            -89.3924751,
            41.3046979
          ],
          [
            -89.3928106,
            41.3048712
          ],
          [
            -89.3931195,
            41.3050201
          ],
          [
            -89.3934703,
            41.3051791
          ],
          [
            -89.3939108,
            41.3053639
          ],
          [
            -89.394254,
            41.3054985
          ],
          [
            -89.394559,
            41.3056074
          ]
        ]
      },
      "properties": {
        "osm_id": 369455686,
        "railroad": "IAIS",
        "operator": "Iowa Interstate Railroad",
        "owner": null,
        "name": "Blue Island Subdivision",
        "ref": null,
        "usage": "branch",
        "service": null,
        "railway": "rail",
        "source": "OpenStreetMap / Overpass"
      }
    },
    {
      "type": "Feature",
      "geometry": {
        "type": "LineString",
        "coordinates": [
          [
            -89.3847875,
            41.2975741
          ],
          [
            -89.3855842,
            41.298435
          ],
          [
            -89.3857013,
            41.2985605
          ],
          [
            -89.3864749,
            41.2993896
          ],
          [
            -89.3888658,
            41.3019621
          ],
          [
            -89.389167,
            41.302283
          ],
          [
            -89.3895236,
            41.3026382
          ],
          [
            -89.3898763,
            41.3029662
          ],
          [
            -89.3901413,
            41.3031954
          ],
          [
            -89.390454,
            41.303446
          ],
          [
            -89.3907229,
            41.3036509
          ],
          [
            -89.3910222,
            41.3038657
          ],
          [
            -89.3913387,
            41.3040777
          ],
          [
            -89.3916686,
            41.3042882
          ],
          [
            -89.3920365,
            41.3045088
          ],
          [
            -89.3924446,
            41.3047279
          ],
          [
            -89.3927744,
            41.3049012
          ],
          [
            -89.3930909,
            41.3050545
          ],
          [
            -89.3934456,
            41.3052135
          ],
          [
            -89.3938822,
            41.3053982
          ],
          [
            -89.3942273,
            41.3055329
          ],
          [
            -89.3945323,
            41.3056432
          ]
        ]
      },
      "properties": {
        "osm_id": 369455687,
        "railroad": "IAIS",
        "operator": "Iowa Interstate Railroad",
        "owner": null,
        "name": "Blue Island Subdivision",
        "ref": null,
        "usage": "branch",
        "service": null,
        "railway": "rail",
        "source": "OpenStreetMap / Overpass"
      }
    },
    {
      "type": "Feature",
      "geometry": {
        "type": "LineString",
        "coordinates": [
          [
            -89.4487202,
            41.2957494
          ],
          [
            -89.4575421,
            41.2967534
          ],
          [
            -89.4581045,
            41.2968093
          ],
          [
            -89.4586308,
            41.2968523
          ],
          [
            -89.4590788,
            41.2968795
          ],
          [
            -89.4595345,
            41.2968996
          ],
          [
            -89.459933,
            41.2969053
          ],
          [
            -89.4603925,
            41.2969024
          ],
          [
            -89.4608547,
            41.2968839
          ],
          [
            -89.4611285,
            41.2968695
          ],
          [
            -89.4615594,
            41.2968408
          ],
          [
            -89.4619636,
            41.2968021
          ],
          [
            -89.4622667,
            41.2967649
          ],
          [
            -89.4626652,
            41.2967119
          ],
          [
            -89.4630389,
            41.2966532
          ],
          [
            -89.4634069,
            41.2965844
          ],
          [
            -89.4637863,
            41.2965085
          ],
          [
            -89.4641314,
            41.2964297
          ],
          [
            -89.4644575,
            41.2963452
          ],
          [
            -89.4648483,
            41.2962392
          ],
          [
            -89.4652277,
            41.2961275
          ],
          [
            -89.4656167,
            41.2960014
          ],
          [
            -89.4659561,
            41.2958825
          ],
          [
            -89.4661849,
            41.2957965
          ],
          [
            -89.4664423,
            41.2956977
          ],
          [
            -89.4668389,
            41.2955301
          ],
          [
            -89.4672373,
            41.2953539
          ],
          [
            -89.4676301,
            41.295162
          ],
          [
            -89.4681068,
            41.2949199
          ],
          [
            -89.4685758,
            41.2946735
          ],
          [
            -89.4716283,
            41.2930576
          ],
          [
            -89.4753005,
            41.291115
          ],
          [
            -89.4756838,
            41.2909202
          ],
          [
            -89.4760632,
            41.2907325
          ],
          [
            -89.4763397,
            41.2906107
          ],
          [
            -89.4766543,
            41.2904746
          ],
          [
            -89.4770184,
            41.2903228
          ],
          [
            -89.4774493,
            41.2901652
          ],
          [
            -89.4778364,
            41.290032
          ],
          [
            -89.4782178,
            41.2899145
          ],
          [
            -89.4785953,
            41.2898051
          ],
          [
            -89.478935,
            41.2897119
          ],
          [
            -89.4793961,
            41.2896025
          ],
          [
            -89.4798302,
            41.2895093
          ],
          [
            -89.4802455,
            41.2894303
          ],
          [
            -89.4807066,
            41.2893614
          ],
          [
            -89.4811542,
            41.2892986
          ],
          [
            -89.4815775,
            41.289254
          ],
          [
            -89.48199,
            41.2892196
          ],
          [
            -89.4824669,
            41.2891854
          ],
          [
            -89.482814,
            41.2891711
          ],
          [
            -89.4831098,
            41.2891668
          ],
          [
            -89.4834114,
            41.2891668
          ],
          [
            -89.4837812,
            41.2891725
          ],
          [
            -89.4841568,
            41.2891868
          ],
          [
            -89.4845133,
            41.2892068
          ],
          [
            -89.4849103,
            41.2892335
          ]
        ]
      },
      "properties": {
        "osm_id": 369455688,
        "railroad": "IAIS",
        "operator": "Iowa Interstate Railroad",
        "owner": null,
        "name": "Blue Island Subdivision",
        "ref": null,
        "usage": "branch",
        "service": null,
        "railway": "rail",
        "source": "OpenStreetMap / Overpass"
      }
    },
    {
      "type": "Feature",
      "geometry": {
        "type": "LineString",
        "coordinates": [
          [
            -89.4415891,
            41.2950171
          ],
          [
            -89.442123,
            41.2950429
          ],
          [
            -89.4426054,
            41.2950787
          ],
          [
            -89.4431507,
            41.2951274
          ],
          [
            -89.4436483,
            41.2951804
          ],
          [
            -89.4442643,
            41.2952492
          ]
        ]
      },
      "properties": {
        "osm_id": 369455689,
        "railroad": "IAIS",
        "operator": "Iowa Interstate Railroad",
        "owner": null,
        "name": "Blue Island Subdivision",
        "ref": null,
        "usage": "branch",
        "service": null,
        "railway": "rail",
        "source": "OpenStreetMap / Overpass"
      }
    },
    {
      "type": "Feature",
      "geometry": {
        "type": "LineString",
        "coordinates": [
          [
            -89.3743346,
            41.2879302
          ],
          [
            -89.3746284,
            41.288058
          ],
          [
            -89.3750724,
            41.2882638
          ],
          [
            -89.3754391,
            41.2884365
          ],
          [
            -89.3757614,
            41.2886019
          ],
          [
            -89.3763005,
            41.2889143
          ],
          [
            -89.3767204,
            41.2891884
          ],
          [
            -89.3770473,
            41.2894208
          ],
          [
            -89.3773654,
            41.289673
          ],
          [
            -89.3775289,
            41.2898075
          ],
          [
            -89.3777723,
            41.2900328
          ],
          [
            -89.3781386,
            41.2904067
          ],
          [
            -89.3790708,
            41.2914142
          ],
          [
            -89.3817901,
            41.2943354
          ],
          [
            -89.3846817,
            41.2974599
          ]
        ]
      },
      "properties": {
        "osm_id": 369705997,
        "railroad": "IAIS",
        "operator": "Iowa Interstate Railroad",
        "owner": null,
        "name": "Blue Island Subdivision",
        "ref": null,
        "usage": "branch",
        "service": null,
        "railway": "rail",
        "source": "OpenStreetMap / Overpass"
      }
    },
    {
      "type": "Feature",
      "geometry": {
        "type": "LineString",
        "coordinates": [
          [
            -89.3641811,
            41.2885994
          ],
          [
            -89.3644912,
            41.2884368
          ]
        ]
      },
      "properties": {
        "osm_id": 369706000,
        "railroad": "IAIS",
        "operator": "Iowa Interstate Railroad",
        "owner": null,
        "name": "Blue Island Subdivision",
        "ref": null,
        "usage": "branch",
        "service": null,
        "railway": "rail",
        "source": "OpenStreetMap / Overpass"
      }
    },
    {
      "type": "Feature",
      "geometry": {
        "type": "LineString",
        "coordinates": [
          [
            -89.3536915,
            41.303648
          ],
          [
            -89.3562245,
            41.2998116
          ],
          [
            -89.3564879,
            41.2994185
          ],
          [
            -89.356642,
            41.2991671
          ],
          [
            -89.3569281,
            41.2986991
          ],
          [
            -89.357206,
            41.298231
          ],
          [
            -89.3574822,
            41.2977549
          ],
          [
            -89.3598083,
            41.2937334
          ],
          [
            -89.3604623,
            41.2926194
          ],
          [
            -89.3611302,
            41.2914667
          ],
          [
            -89.3613225,
            41.2911644
          ],
          [
            -89.3614712,
            41.2909476
          ],
          [
            -89.3616263,
            41.2907421
          ],
          [
            -89.3618385,
            41.2904778
          ],
          [
            -89.3620104,
            41.2902928
          ],
          [
            -89.3621881,
            41.2901128
          ],
          [
            -89.3623911,
            41.2899208
          ],
          [
            -89.362636,
            41.289708
          ],
          [
            -89.363019,
            41.2894047
          ],
          [
            -89.36365,
            41.2889425
          ],
          [
            -89.3639043,
            41.2887734
          ],
          [
            -89.3641811,
            41.2885994
          ]
        ]
      },
      "properties": {
        "osm_id": 369706002,
        "railroad": "IAIS",
        "operator": "Iowa Interstate Railroad",
        "owner": null,
        "name": "Blue Island Subdivision",
        "ref": null,
        "usage": "branch",
        "service": null,
        "railway": "rail",
        "source": "OpenStreetMap / Overpass"
      }
    },
    {
      "type": "Feature",
      "geometry": {
        "type": "LineString",
        "coordinates": [
          [
            -89.3896223,
            41.2701956
          ],
          [
            -89.3896424,
            41.270107
          ]
        ]
      },
      "properties": {
        "osm_id": 369706008,
        "railroad": "IAIS",
        "operator": "Iowa Interstate Railroad",
        "owner": null,
        "name": null,
        "ref": null,
        "usage": "branch",
        "service": null,
        "railway": "rail",
        "source": "OpenStreetMap / Overpass"
      }
    },
    {
      "type": "Feature",
      "geometry": {
        "type": "LineString",
        "coordinates": [
          [
            -89.3914552,
            41.2619069
          ],
          [
            -89.3916332,
            41.2610974
          ]
        ]
      },
      "properties": {
        "osm_id": 369706010,
        "railroad": "IAIS",
        "operator": "Iowa Interstate Railroad",
        "owner": null,
        "name": null,
        "ref": null,
        "usage": "branch",
        "service": null,
        "railway": "rail",
        "source": "OpenStreetMap / Overpass"
      }
    },
    {
      "type": "Feature",
      "geometry": {
        "type": "LineString",
        "coordinates": [
          [
            -89.3856578,
            41.2762967
          ],
          [
            -89.3857206,
            41.2762495
          ]
        ]
      },
      "properties": {
        "osm_id": 369706013,
        "railroad": "IAIS",
        "operator": "Iowa Interstate Railroad",
        "owner": null,
        "name": null,
        "ref": null,
        "usage": "branch",
        "service": null,
        "railway": "rail",
        "source": "OpenStreetMap / Overpass"
      }
    },
    {
      "type": "Feature",
      "geometry": {
        "type": "LineString",
        "coordinates": [
          [
            -89.3916332,
            41.2610974
          ],
          [
            -89.3916585,
            41.2609822
          ]
        ]
      },
      "properties": {
        "osm_id": 369706015,
        "railroad": "IAIS",
        "operator": "Iowa Interstate Railroad",
        "owner": null,
        "name": null,
        "ref": null,
        "usage": "branch",
        "service": null,
        "railway": "rail",
        "source": "OpenStreetMap / Overpass"
      }
    },
    {
      "type": "Feature",
      "geometry": {
        "type": "LineString",
        "coordinates": [
          [
            -89.3914334,
            41.2620007
          ],
          [
            -89.3914552,
            41.2619069
          ]
        ]
      },
      "properties": {
        "osm_id": 369706018,
        "railroad": "IAIS",
        "operator": "Iowa Interstate Railroad",
        "owner": null,
        "name": null,
        "ref": null,
        "usage": "branch",
        "service": null,
        "railway": "rail",
        "source": "OpenStreetMap / Overpass"
      }
    },
    {
      "type": "Feature",
      "geometry": {
        "type": "LineString",
        "coordinates": [
          [
            -89.3857206,
            41.2762495
          ],
          [
            -89.3859401,
            41.2760778
          ],
          [
            -89.3861295,
            41.2759182
          ],
          [
            -89.3863649,
            41.275712
          ],
          [
            -89.3865915,
            41.2755084
          ],
          [
            -89.3868535,
            41.2752504
          ],
          [
            -89.3870819,
            41.2750215
          ],
          [
            -89.387282,
            41.274802
          ],
          [
            -89.3875032,
            41.2745572
          ],
          [
            -89.3876979,
            41.2743271
          ],
          [
            -89.3878908,
            41.274077
          ],
          [
            -89.3880696,
            41.2738322
          ],
          [
            -89.3882891,
            41.2735102
          ],
          [
            -89.3884396,
            41.2732761
          ],
          [
            -89.3885706,
            41.2730565
          ],
          [
            -89.3887352,
            41.2727612
          ],
          [
            -89.3888503,
            41.272535
          ],
          [
            -89.3889529,
            41.2723168
          ],
          [
            -89.3890521,
            41.272096
          ],
          [
            -89.3891406,
            41.2718738
          ],
          [
            -89.3892291,
            41.271637
          ],
          [
            -89.389314,
            41.2713869
          ],
          [
            -89.3893795,
            41.271166
          ],
          [
            -89.3894468,
            41.2709332
          ],
          [
            -89.3895035,
            41.2707176
          ],
          [
            -89.3896223,
            41.2701956
          ]
        ]
      },
      "properties": {
        "osm_id": 369706021,
        "railroad": "IAIS",
        "operator": "Iowa Interstate Railroad",
        "owner": null,
        "name": null,
        "ref": null,
        "usage": "branch",
        "service": null,
        "railway": "rail",
        "source": "OpenStreetMap / Overpass"
      }
    },
    {
      "type": "Feature",
      "geometry": {
        "type": "LineString",
        "coordinates": [
          [
            -89.3896424,
            41.270107
          ],
          [
            -89.3898907,
            41.2689987
          ],
          [
            -89.390895,
            41.264209
          ],
          [
            -89.3913527,
            41.2623479
          ],
          [
            -89.3914334,
            41.2620007
          ]
        ]
      },
      "properties": {
        "osm_id": 369706024,
        "railroad": "IAIS",
        "operator": "Iowa Interstate Railroad",
        "owner": null,
        "name": null,
        "ref": null,
        "usage": "branch",
        "service": null,
        "railway": "rail",
        "source": "OpenStreetMap / Overpass"
      }
    },
    {
      "type": "Feature",
      "geometry": {
        "type": "LineString",
        "coordinates": [
          [
            -89.3916585,
            41.2609822
          ],
          [
            -89.3922666,
            41.2582607
          ]
        ]
      },
      "properties": {
        "osm_id": 369706026,
        "railroad": "IAIS",
        "operator": "Iowa Interstate Railroad",
        "owner": null,
        "name": null,
        "ref": null,
        "usage": "branch",
        "service": null,
        "railway": "rail",
        "source": "OpenStreetMap / Overpass"
      }
    },
    {
      "type": "Feature",
      "geometry": {
        "type": "LineString",
        "coordinates": [
          [
            -89.3776769,
            41.1021501
          ],
          [
            -89.3841382,
            41.0970985
          ],
          [
            -89.3847272,
            41.0966354
          ],
          [
            -89.3890375,
            41.0932518
          ],
          [
            -89.395608,
            41.0881033
          ],
          [
            -89.3978615,
            41.0863374
          ],
          [
            -89.4030077,
            41.0823004
          ],
          [
            -89.408661,
            41.0778702
          ],
          [
            -89.4120694,
            41.0751904
          ],
          [
            -89.4162561,
            41.0718984
          ],
          [
            -89.4186115,
            41.0700526
          ]
        ]
      },
      "properties": {
        "osm_id": 369716149,
        "railroad": "IAIS",
        "operator": "Iowa Interstate Railroad",
        "owner": null,
        "name": "Iowa Interstate Railroad",
        "ref": null,
        "usage": "branch",
        "service": null,
        "railway": "rail",
        "source": "OpenStreetMap / Overpass"
      }
    },
    {
      "type": "Feature",
      "geometry": {
        "type": "LineString",
        "coordinates": [
          [
            -89.3676951,
            41.1099663
          ],
          [
            -89.372696,
            41.1060518
          ],
          [
            -89.3776769,
            41.1021501
          ]
        ]
      },
      "properties": {
        "osm_id": 369716150,
        "railroad": "IAIS",
        "operator": "Iowa Interstate Railroad",
        "owner": null,
        "name": "Iowa Interstate Railroad",
        "ref": null,
        "usage": "branch",
        "service": null,
        "railway": "rail",
        "source": "OpenStreetMap / Overpass"
      }
    },
    {
      "type": "Feature",
      "geometry": {
        "type": "LineString",
        "coordinates": [
          [
            -89.3922919,
            41.2581475
          ],
          [
            -89.3925158,
            41.2570638
          ],
          [
            -89.3925914,
            41.2566345
          ],
          [
            -89.3926558,
            41.2562241
          ],
          [
            -89.3927202,
            41.2557296
          ],
          [
            -89.392779,
            41.255294
          ],
          [
            -89.3928181,
            41.2548857
          ],
          [
            -89.3929917,
            41.2531412
          ],
          [
            -89.3930589,
            41.2526298
          ],
          [
            -89.3931569,
            41.2521016
          ],
          [
            -89.39323,
            41.25181
          ],
          [
            -89.393308,
            41.2514555
          ],
          [
            -89.39342,
            41.251043
          ],
          [
            -89.3935655,
            41.2505842
          ],
          [
            -89.3937251,
            41.2501528
          ],
          [
            -89.3938567,
            41.2498266
          ],
          [
            -89.3941517,
            41.2491611
          ]
        ]
      },
      "properties": {
        "osm_id": 369716179,
        "railroad": "IAIS",
        "operator": "Iowa Interstate Railroad",
        "owner": null,
        "name": null,
        "ref": null,
        "usage": "branch",
        "service": null,
        "railway": "rail",
        "source": "OpenStreetMap / Overpass"
      }
    },
    {
      "type": "Feature",
      "geometry": {
        "type": "LineString",
        "coordinates": [
          [
            -89.3993077,
            41.2341269
          ],
          [
            -89.3992943,
            41.2340299
          ]
        ]
      },
      "properties": {
        "osm_id": 369716180,
        "railroad": "IAIS",
        "operator": "Iowa Interstate Railroad",
        "owner": null,
        "name": null,
        "ref": null,
        "usage": "branch",
        "service": null,
        "railway": "rail",
        "source": "OpenStreetMap / Overpass"
      }
    },
    {
      "type": "Feature",
      "geometry": {
        "type": "LineString",
        "coordinates": [
          [
            -89.3941517,
            41.2491611
          ],
          [
            -89.3941758,
            41.2491068
          ]
        ]
      },
      "properties": {
        "osm_id": 369716181,
        "railroad": "IAIS",
        "operator": "Iowa Interstate Railroad",
        "owner": null,
        "name": null,
        "ref": null,
        "usage": "branch",
        "service": null,
        "railway": "rail",
        "source": "OpenStreetMap / Overpass"
      }
    },
    {
      "type": "Feature",
      "geometry": {
        "type": "LineString",
        "coordinates": [
          [
            -89.4008849,
            41.2029159
          ],
          [
            -89.4008835,
            41.2027172
          ]
        ]
      },
      "properties": {
        "osm_id": 369716183,
        "railroad": "IAIS",
        "operator": "Iowa Interstate Railroad",
        "owner": null,
        "name": null,
        "ref": null,
        "usage": "branch",
        "service": null,
        "railway": "rail",
        "source": "OpenStreetMap / Overpass"
      }
    },
    {
      "type": "Feature",
      "geometry": {
        "type": "LineString",
        "coordinates": [
          [
            -89.3922666,
            41.2582607
          ],
          [
            -89.3922919,
            41.2581475
          ]
        ]
      },
      "properties": {
        "osm_id": 369716184,
        "railroad": "IAIS",
        "operator": "Iowa Interstate Railroad",
        "owner": null,
        "name": null,
        "ref": null,
        "usage": "branch",
        "service": null,
        "railway": "rail",
        "source": "OpenStreetMap / Overpass"
      }
    },
    {
      "type": "Feature",
      "geometry": {
        "type": "LineString",
        "coordinates": [
          [
            -89.3763504,
            41.1565813
          ],
          [
            -89.3762118,
            41.1563831
          ]
        ]
      },
      "properties": {
        "osm_id": 369716185,
        "railroad": "IAIS",
        "operator": "Iowa Interstate Railroad",
        "owner": null,
        "name": null,
        "ref": null,
        "usage": "branch",
        "service": null,
        "railway": "rail",
        "source": "OpenStreetMap / Overpass"
      }
    },
    {
      "type": "Feature",
      "geometry": {
        "type": "LineString",
        "coordinates": [
          [
            -89.4008639,
            41.1989247
          ],
          [
            -89.4008631,
            41.198594
          ]
        ]
      },
      "properties": {
        "osm_id": 369716186,
        "railroad": "IAIS",
        "operator": "Iowa Interstate Railroad",
        "owner": null,
        "name": null,
        "ref": null,
        "usage": "branch",
        "service": null,
        "railway": "rail",
        "source": "OpenStreetMap / Overpass"
      }
    },
    {
      "type": "Feature",
      "geometry": {
        "type": "LineString",
        "coordinates": [
          [
            -89.3992943,
            41.2340299
          ],
          [
            -89.3989194,
            41.2313371
          ],
          [
            -89.398537,
            41.228591
          ],
          [
            -89.3984026,
            41.2277544
          ],
          [
            -89.3983186,
            41.2270975
          ],
          [
            -89.3982542,
            41.2266175
          ],
          [
            -89.3982178,
            41.2262428
          ],
          [
            -89.3981898,
            41.2258364
          ],
          [
            -89.3981842,
            41.2255059
          ],
          [
            -89.3981898,
            41.2252196
          ],
          [
            -89.3982206,
            41.2248659
          ],
          [
            -89.3982542,
            41.2245774
          ],
          [
            -89.3983018,
            41.2242932
          ],
          [
            -89.3983606,
            41.2239943
          ],
          [
            -89.3984534,
            41.2236135
          ],
          [
            -89.3986538,
            41.2228708
          ],
          [
            -89.4006481,
            41.2151684
          ],
          [
            -89.4007231,
            41.2148014
          ],
          [
            -89.4007959,
            41.214433
          ],
          [
            -89.4008491,
            41.2140413
          ],
          [
            -89.4008883,
            41.2136833
          ],
          [
            -89.4009247,
            41.2131948
          ],
          [
            -89.4009387,
            41.2127526
          ],
          [
            -89.4009135,
            41.2070015
          ],
          [
            -89.4008849,
            41.2029159
          ]
        ]
      },
      "properties": {
        "osm_id": 369716187,
        "railroad": "IAIS",
        "operator": "Iowa Interstate Railroad",
        "owner": null,
        "name": null,
        "ref": null,
        "usage": "branch",
        "service": null,
        "railway": "rail",
        "source": "OpenStreetMap / Overpass"
      }
    },
    {
      "type": "Feature",
      "geometry": {
        "type": "LineString",
        "coordinates": [
          [
            -89.3941758,
            41.2491068
          ],
          [
            -89.3943801,
            41.2486943
          ],
          [
            -89.3945537,
            41.2483849
          ],
          [
            -89.3947048,
            41.2481113
          ],
          [
            -89.3949092,
            41.2477704
          ],
          [
            -89.3951807,
            41.2473537
          ],
          [
            -89.3954382,
            41.2469664
          ],
          [
            -89.3967147,
            41.2450932
          ],
          [
            -89.3980639,
            41.2431169
          ],
          [
            -89.3983606,
            41.2426728
          ],
          [
            -89.3985341,
            41.2423781
          ],
          [
            -89.3987581,
            41.2420097
          ],
          [
            -89.39901,
            41.2415214
          ],
          [
            -89.3991584,
            41.2411741
          ],
          [
            -89.3992843,
            41.2408605
          ],
          [
            -89.3994159,
            41.2404985
          ],
          [
            -89.3995111,
            41.2401406
          ],
          [
            -89.399609,
            41.2397491
          ],
          [
            -89.3996706,
            41.2394145
          ],
          [
            -89.3997294,
            41.2390524
          ],
          [
            -89.3997574,
            41.2387535
          ],
          [
            -89.3997826,
            41.2383894
          ],
          [
            -89.3997882,
            41.2381115
          ],
          [
            -89.3997826,
            41.2378063
          ],
          [
            -89.3997546,
            41.2374779
          ],
          [
            -89.3997154,
            41.2370801
          ],
          [
            -89.3993077,
            41.2341269
          ]
        ]
      },
      "properties": {
        "osm_id": 369716188,
        "railroad": "IAIS",
        "operator": "Iowa Interstate Railroad",
        "owner": null,
        "name": null,
        "ref": null,
        "usage": "branch",
        "service": null,
        "railway": "rail",
        "source": "OpenStreetMap / Overpass"
      }
    },
    {
      "type": "Feature",
      "geometry": {
        "type": "LineString",
        "coordinates": [
          [
            -89.4008631,
            41.198594
          ],
          [
            -89.4008491,
            41.1964014
          ],
          [
            -89.4008407,
            41.1959612
          ],
          [
            -89.4008211,
            41.1954873
          ],
          [
            -89.4007819,
            41.1950471
          ],
          [
            -89.4007315,
            41.1946111
          ],
          [
            -89.4006587,
            41.1941729
          ],
          [
            -89.4005888,
            41.1938149
          ],
          [
            -89.4005132,
            41.1934757
          ],
          [
            -89.4004068,
            41.1930629
          ],
          [
            -89.4003032,
            41.1927259
          ],
          [
            -89.4002193,
            41.1924541
          ],
          [
            -89.4000681,
            41.192035
          ],
          [
            -89.399847,
            41.1914894
          ],
          [
            -89.3996958,
            41.191146
          ],
          [
            -89.3994411,
            41.1906215
          ],
          [
            -89.3992423,
            41.1902445
          ],
          [
            -89.3990464,
            41.1899138
          ],
          [
            -89.39887,
            41.189621
          ],
          [
            -89.3986349,
            41.1892523
          ],
          [
            -89.3957251,
            41.1849911
          ],
          [
            -89.3935445,
            41.1818123
          ],
          [
            -89.3903086,
            41.1770783
          ],
          [
            -89.3856305,
            41.170237
          ],
          [
            -89.3831005,
            41.1665197
          ],
          [
            -89.3795092,
            41.1612178
          ],
          [
            -89.3763504,
            41.1565813
          ]
        ]
      },
      "properties": {
        "osm_id": 369716189,
        "railroad": "IAIS",
        "operator": "Iowa Interstate Railroad",
        "owner": null,
        "name": null,
        "ref": null,
        "usage": "branch",
        "service": null,
        "railway": "rail",
        "source": "OpenStreetMap / Overpass"
      }
    },
    {
      "type": "Feature",
      "geometry": {
        "type": "LineString",
        "coordinates": [
          [
            -89.4008835,
            41.2027172
          ],
          [
            -89.4008702,
            41.2015402
          ],
          [
            -89.4008639,
            41.1989247
          ]
        ]
      },
      "properties": {
        "osm_id": 369716190,
        "railroad": "IAIS",
        "operator": "Iowa Interstate Railroad",
        "owner": null,
        "name": null,
        "ref": null,
        "usage": "branch",
        "service": null,
        "railway": "rail",
        "source": "OpenStreetMap / Overpass"
      }
    },
    {
      "type": "Feature",
      "geometry": {
        "type": "LineString",
        "coordinates": [
          [
            -89.3762118,
            41.1563831
          ],
          [
            -89.3706095,
            41.1481192
          ],
          [
            -89.3660916,
            41.1414413
          ],
          [
            -89.3657749,
            41.1409613
          ],
          [
            -89.3655057,
            41.140523
          ],
          [
            -89.3653137,
            41.1401936
          ],
          [
            -89.3651177,
            41.1398269
          ],
          [
            -89.3649673,
            41.1395168
          ],
          [
            -89.3647476,
            41.1390398
          ],
          [
            -89.3646031,
            41.138697
          ],
          [
            -89.3644546,
            41.138299
          ],
          [
            -89.364328,
            41.1379382
          ],
          [
            -89.364136,
            41.1373449
          ],
          [
            -89.3629146,
            41.1334369
          ],
          [
            -89.3621993,
            41.1311189
          ],
          [
            -89.3611459,
            41.1276963
          ],
          [
            -89.3610012,
            41.1272145
          ],
          [
            -89.3605772,
            41.1258555
          ],
          [
            -89.3604732,
            41.1254946
          ],
          [
            -89.3603427,
            41.1249678
          ],
          [
            -89.3602224,
            41.1243611
          ],
          [
            -89.3601715,
            41.124057
          ],
          [
            -89.3601348,
            41.1237667
          ],
          [
            -89.3601021,
            41.1234687
          ],
          [
            -89.3600736,
            41.1231738
          ],
          [
            -89.3600614,
            41.1229035
          ],
          [
            -89.3600512,
            41.1225886
          ],
          [
            -89.360045,
            41.122283
          ],
          [
            -89.3600506,
            41.1219714
          ],
          [
            -89.3600858,
            41.121366
          ],
          [
            -89.3601286,
            41.1209175
          ],
          [
            -89.3601653,
            41.1206456
          ],
          [
            -89.3602143,
            41.1203277
          ],
          [
            -89.3603221,
            41.119752
          ]
        ]
      },
      "properties": {
        "osm_id": 369716191,
        "railroad": "IAIS",
        "operator": "Iowa Interstate Railroad",
        "owner": null,
        "name": null,
        "ref": null,
        "usage": "branch",
        "service": null,
        "railway": "rail",
        "source": "OpenStreetMap / Overpass"
      }
    },
    {
      "type": "Feature",
      "geometry": {
        "type": "LineString",
        "coordinates": [
          [
            -89.4509258,
            40.9810878
          ],
          [
            -89.451008,
            40.980959
          ]
        ]
      },
      "properties": {
        "osm_id": 369718609,
        "railroad": "IAIS",
        "operator": "Iowa Interstate Railroad",
        "owner": null,
        "name": "Iowa Interstate Railroad",
        "ref": null,
        "usage": "branch",
        "service": null,
        "railway": "rail",
        "source": "OpenStreetMap / Overpass"
      }
    },
    {
      "type": "Feature",
      "geometry": {
        "type": "LineString",
        "coordinates": [
          [
            -89.4456295,
            40.9903296
          ],
          [
            -89.4457112,
            40.9901785
          ]
        ]
      },
      "properties": {
        "osm_id": 369718610,
        "railroad": "IAIS",
        "operator": "Iowa Interstate Railroad",
        "owner": null,
        "name": "Iowa Interstate Railroad",
        "ref": null,
        "usage": "branch",
        "service": null,
        "railway": "rail",
        "source": "OpenStreetMap / Overpass"
      }
    },
    {
      "type": "Feature",
      "geometry": {
        "type": "LineString",
        "coordinates": [
          [
            -89.4517456,
            40.9798217
          ],
          [
            -89.4517791,
            40.9797701
          ]
        ]
      },
      "properties": {
        "osm_id": 369718611,
        "railroad": "IAIS",
        "operator": "Iowa Interstate Railroad",
        "owner": null,
        "name": "Iowa Interstate Railroad",
        "ref": null,
        "usage": "branch",
        "service": null,
        "railway": "rail",
        "source": "OpenStreetMap / Overpass"
      }
    },
    {
      "type": "Feature",
      "geometry": {
        "type": "LineString",
        "coordinates": [
          [
            -89.4704326,
            40.9536671
          ],
          [
            -89.4704866,
            40.9535503
          ]
        ]
      },
      "properties": {
        "osm_id": 369718612,
        "railroad": "IAIS",
        "operator": "Iowa Interstate Railroad",
        "owner": null,
        "name": "Iowa Interstate Railroad",
        "ref": null,
        "usage": "branch",
        "service": null,
        "railway": "rail",
        "source": "OpenStreetMap / Overpass"
      }
    },
    {
      "type": "Feature",
      "geometry": {
        "type": "LineString",
        "coordinates": [
          [
            -89.4428,
            40.9972364
          ],
          [
            -89.4428727,
            40.9970383
          ]
        ]
      },
      "properties": {
        "osm_id": 369718613,
        "railroad": "IAIS",
        "operator": "Iowa Interstate Railroad",
        "owner": null,
        "name": "Iowa Interstate Railroad",
        "ref": null,
        "usage": "branch",
        "service": null,
        "railway": "rail",
        "source": "OpenStreetMap / Overpass"
      }
    },
    {
      "type": "Feature",
      "geometry": {
        "type": "LineString",
        "coordinates": [
          [
            -89.451008,
            40.980959
          ],
          [
            -89.4517456,
            40.9798217
          ]
        ]
      },
      "properties": {
        "osm_id": 369718614,
        "railroad": "IAIS",
        "operator": "Iowa Interstate Railroad",
        "owner": null,
        "name": "Iowa Interstate Railroad",
        "ref": null,
        "usage": "branch",
        "service": null,
        "railway": "rail",
        "source": "OpenStreetMap / Overpass"
      }
    },
    {
      "type": "Feature",
      "geometry": {
        "type": "LineString",
        "coordinates": [
          [
            -89.4825062,
            40.9268765
          ],
          [
            -89.482572,
            40.9267271
          ],
          [
            -89.4826268,
            40.926605
          ],
          [
            -89.4838947,
            40.9237762
          ],
          [
            -89.4848393,
            40.9216767
          ],
          [
            -89.4853072,
            40.9206264
          ],
          [
            -89.4857683,
            40.9195931
          ],
          [
            -89.4862261,
            40.9185594
          ],
          [
            -89.4866985,
            40.9175148
          ],
          [
            -89.4871682,
            40.9164755
          ],
          [
            -89.4876301,
            40.9154374
          ],
          [
            -89.4880973,
            40.9143967
          ],
          [
            -89.4885561,
            40.9133747
          ],
          [
            -89.4890165,
            40.9123314
          ],
          [
            -89.4894752,
            40.9113124
          ],
          [
            -89.4906081,
            40.9087836
          ],
          [
            -89.491122,
            40.9076385
          ],
          [
            -89.4914801,
            40.9068689
          ]
        ]
      },
      "properties": {
        "osm_id": 369718615,
        "railroad": "IAIS",
        "operator": "Iowa Interstate Railroad",
        "owner": null,
        "name": "Iowa Interstate Railroad",
        "ref": null,
        "usage": "branch",
        "service": null,
        "railway": "rail",
        "source": "OpenStreetMap / Overpass"
      }
    },
    {
      "type": "Feature",
      "geometry": {
        "type": "LineString",
        "coordinates": [
          [
            -89.4517791,
            40.9797701
          ],
          [
            -89.4528212,
            40.9781057
          ],
          [
            -89.4543162,
            40.975752
          ],
          [
            -89.4556058,
            40.9737685
          ],
          [
            -89.4561492,
            40.9730591
          ],
          [
            -89.4577043,
            40.9712608
          ],
          [
            -89.4590586,
            40.9696985
          ],
          [
            -89.4609198,
            40.9674991
          ],
          [
            -89.4617136,
            40.9665754
          ],
          [
            -89.4633142,
            40.9647102
          ],
          [
            -89.4647323,
            40.9630468
          ],
          [
            -89.4655898,
            40.9620361
          ],
          [
            -89.4661262,
            40.9614164
          ],
          [
            -89.4663662,
            40.9611331
          ],
          [
            -89.4666138,
            40.9608323
          ],
          [
            -89.4668564,
            40.9605373
          ],
          [
            -89.4671218,
            40.9601942
          ],
          [
            -89.4673082,
            40.9599301
          ],
          [
            -89.4674895,
            40.9596736
          ],
          [
            -89.4676809,
            40.9593864
          ],
          [
            -89.4678571,
            40.9591049
          ],
          [
            -89.4679924,
            40.9588793
          ],
          [
            -89.4682824,
            40.9583644
          ],
          [
            -89.4685004,
            40.9579192
          ],
          [
            -89.4686919,
            40.9575086
          ],
          [
            -89.4692837,
            40.956209
          ],
          [
            -89.4700495,
            40.9544961
          ],
          [
            -89.4704326,
            40.9536671
          ]
        ]
      },
      "properties": {
        "osm_id": 369718616,
        "railroad": "IAIS",
        "operator": "Iowa Interstate Railroad",
        "owner": null,
        "name": "Iowa Interstate Railroad",
        "ref": null,
        "usage": "branch",
        "service": null,
        "railway": "rail",
        "source": "OpenStreetMap / Overpass"
      }
    },
    {
      "type": "Feature",
      "geometry": {
        "type": "LineString",
        "coordinates": [
          [
            -89.4793497,
            40.9339226
          ],
          [
            -89.4799336,
            40.9325994
          ],
          [
            -89.4802338,
            40.9319389
          ],
          [
            -89.4805339,
            40.9312655
          ],
          [
            -89.4808681,
            40.9305287
          ],
          [
            -89.4812149,
            40.9297495
          ],
          [
            -89.4825062,
            40.9268765
          ]
        ]
      },
      "properties": {
        "osm_id": 369718617,
        "railroad": "IAIS",
        "operator": "Iowa Interstate Railroad",
        "owner": null,
        "name": "Iowa Interstate Railroad",
        "ref": null,
        "usage": "branch",
        "service": null,
        "railway": "rail",
        "source": "OpenStreetMap / Overpass"
      }
    },
    {
      "type": "Feature",
      "geometry": {
        "type": "LineString",
        "coordinates": [
          [
            -89.4704866,
            40.9535503
          ],
          [
            -89.470735,
            40.9529908
          ],
          [
            -89.4714603,
            40.951399
          ],
          [
            -89.4736302,
            40.9466074
          ],
          [
            -89.4743748,
            40.9449562
          ],
          [
            -89.4752631,
            40.9430074
          ],
          [
            -89.4763387,
            40.9405982
          ],
          [
            -89.4767147,
            40.9397606
          ]
        ]
      },
      "properties": {
        "osm_id": 369718619,
        "railroad": "IAIS",
        "operator": "Iowa Interstate Railroad",
        "owner": null,
        "name": "Iowa Interstate Railroad",
        "ref": null,
        "usage": "branch",
        "service": null,
        "railway": "rail",
        "source": "OpenStreetMap / Overpass"
      }
    },
    {
      "type": "Feature",
      "geometry": {
        "type": "LineString",
        "coordinates": [
          [
            -89.4457112,
            40.9901785
          ],
          [
            -89.4459705,
            40.9896994
          ],
          [
            -89.4467682,
            40.9881913
          ],
          [
            -89.4485333,
            40.98486
          ],
          [
            -89.4487528,
            40.9844694
          ],
          [
            -89.4489685,
            40.9841346
          ],
          [
            -89.4499356,
            40.9826182
          ],
          [
            -89.4507842,
            40.9813094
          ],
          [
            -89.4509258,
            40.9810878
          ]
        ]
      },
      "properties": {
        "osm_id": 369718620,
        "railroad": "IAIS",
        "operator": "Iowa Interstate Railroad",
        "owner": null,
        "name": "Iowa Interstate Railroad",
        "ref": null,
        "usage": "branch",
        "service": null,
        "railway": "rail",
        "source": "OpenStreetMap / Overpass"
      }
    },
    {
      "type": "Feature",
      "geometry": {
        "type": "LineString",
        "coordinates": [
          [
            -89.4428727,
            40.9970383
          ],
          [
            -89.4429057,
            40.9969394
          ],
          [
            -89.4434514,
            40.9953703
          ],
          [
            -89.443856,
            40.9942303
          ],
          [
            -89.4441617,
            40.9933481
          ],
          [
            -89.4444434,
            40.9926628
          ],
          [
            -89.444815,
            40.9918688
          ],
          [
            -89.4453694,
            40.9908102
          ],
          [
            -89.4456295,
            40.9903296
          ]
        ]
      },
      "properties": {
        "osm_id": 369718621,
        "railroad": "IAIS",
        "operator": "Iowa Interstate Railroad",
        "owner": null,
        "name": "Iowa Interstate Railroad",
        "ref": null,
        "usage": "branch",
        "service": null,
        "railway": "rail",
        "source": "OpenStreetMap / Overpass"
      }
    },
    {
      "type": "Feature",
      "geometry": {
        "type": "LineString",
        "coordinates": [
          [
            -89.5434525,
            40.8437373
          ],
          [
            -89.5438156,
            40.8434056
          ],
          [
            -89.544154,
            40.8430853
          ],
          [
            -89.5447169,
            40.8425346
          ],
          [
            -89.5465974,
            40.8407311
          ],
          [
            -89.5488242,
            40.8385971
          ],
          [
            -89.5501553,
            40.8373188
          ],
          [
            -89.5505105,
            40.8369762
          ],
          [
            -89.5556112,
            40.8320791
          ],
          [
            -89.558499,
            40.8293047
          ],
          [
            -89.5596375,
            40.8282107
          ],
          [
            -89.560225,
            40.8276215
          ],
          [
            -89.5606492,
            40.8271498
          ],
          [
            -89.5609384,
            40.8268026
          ],
          [
            -89.5610605,
            40.8266541
          ],
          [
            -89.5612154,
            40.8264572
          ]
        ]
      },
      "properties": {
        "osm_id": 369720653,
        "railroad": "IAIS",
        "operator": "Iowa Interstate Railroad",
        "owner": null,
        "name": null,
        "ref": null,
        "usage": "branch",
        "service": null,
        "railway": "rail",
        "source": "OpenStreetMap / Overpass"
      }
    },
    {
      "type": "Feature",
      "geometry": {
        "type": "LineString",
        "coordinates": [
          [
            -89.5010361,
            40.8858336
          ],
          [
            -89.5010629,
            40.8857746
          ]
        ]
      },
      "properties": {
        "osm_id": 369720655,
        "railroad": "IAIS",
        "operator": "Iowa Interstate Railroad",
        "owner": null,
        "name": null,
        "ref": null,
        "usage": "branch",
        "service": null,
        "railway": "rail",
        "source": "OpenStreetMap / Overpass"
      }
    },
    {
      "type": "Feature",
      "geometry": {
        "type": "LineString",
        "coordinates": [
          [
            -89.5433832,
            40.8437972
          ],
          [
            -89.5434525,
            40.8437373
          ]
        ]
      },
      "properties": {
        "osm_id": 369720656,
        "railroad": "IAIS",
        "operator": "Iowa Interstate Railroad",
        "owner": null,
        "name": null,
        "ref": null,
        "usage": "branch",
        "service": null,
        "railway": "rail",
        "source": "OpenStreetMap / Overpass"
      }
    },
    {
      "type": "Feature",
      "geometry": {
        "type": "LineString",
        "coordinates": [
          [
            -89.5010629,
            40.8857746
          ],
          [
            -89.5017927,
            40.88417
          ],
          [
            -89.5025796,
            40.8824456
          ],
          [
            -89.503562,
            40.880275
          ],
          [
            -89.5040532,
            40.879191
          ],
          [
            -89.5045046,
            40.878205
          ],
          [
            -89.5049585,
            40.8772508
          ],
          [
            -89.5052794,
            40.876697
          ],
          [
            -89.5055939,
            40.8761828
          ],
          [
            -89.5059574,
            40.8756568
          ],
          [
            -89.5062321,
            40.8752801
          ],
          [
            -89.5065128,
            40.8749244
          ],
          [
            -89.5067537,
            40.8746276
          ],
          [
            -89.5070267,
            40.8743162
          ],
          [
            -89.5073015,
            40.8740187
          ],
          [
            -89.5075426,
            40.8737676
          ],
          [
            -89.5079103,
            40.8733969
          ],
          [
            -89.50844,
            40.8729127
          ],
          [
            -89.5087661,
            40.8726332
          ],
          [
            -89.5091634,
            40.8722969
          ],
          [
            -89.5135703,
            40.8686359
          ],
          [
            -89.5144962,
            40.8678727
          ],
          [
            -89.5153146,
            40.8671906
          ],
          [
            -89.5162198,
            40.8664392
          ],
          [
            -89.517095,
            40.865706
          ],
          [
            -89.5181625,
            40.8648159
          ],
          [
            -89.5203884,
            40.8629698
          ],
          [
            -89.525018,
            40.859123
          ],
          [
            -89.5255899,
            40.8586428
          ],
          [
            -89.5376777,
            40.84857
          ],
          [
            -89.538044,
            40.8482663
          ],
          [
            -89.5384255,
            40.8479433
          ],
          [
            -89.541315,
            40.8455419
          ],
          [
            -89.5425282,
            40.8445261
          ],
          [
            -89.5431116,
            40.8440321
          ],
          [
            -89.5433832,
            40.8437972
          ]
        ]
      },
      "properties": {
        "osm_id": 369720658,
        "railroad": "IAIS",
        "operator": "Iowa Interstate Railroad",
        "owner": null,
        "name": null,
        "ref": null,
        "usage": "branch",
        "service": null,
        "railway": "rail",
        "source": "OpenStreetMap / Overpass"
      }
    },
    {
      "type": "Feature",
      "geometry": {
        "type": "LineString",
        "coordinates": [
          [
            -89.5677937,
            40.8136451
          ],
          [
            -89.5678757,
            40.8134834
          ]
        ]
      },
      "properties": {
        "osm_id": 369722770,
        "railroad": "IAIS",
        "operator": "Iowa Interstate Railroad",
        "owner": null,
        "name": null,
        "ref": null,
        "usage": "branch",
        "service": null,
        "railway": "rail",
        "source": "OpenStreetMap / Overpass"
      }
    },
    {
      "type": "Feature",
      "geometry": {
        "type": "LineString",
        "coordinates": [
          [
            -89.570215,
            40.8086845
          ],
          [
            -89.5702962,
            40.8085177
          ]
        ]
      },
      "properties": {
        "osm_id": 369722771,
        "railroad": "IAIS",
        "operator": "Iowa Interstate Railroad",
        "owner": null,
        "name": null,
        "ref": null,
        "usage": "branch",
        "service": null,
        "railway": "rail",
        "source": "OpenStreetMap / Overpass"
      }
    },
    {
      "type": "Feature",
      "geometry": {
        "type": "LineString",
        "coordinates": [
          [
            -89.5678757,
            40.8134834
          ],
          [
            -89.5683156,
            40.8125796
          ]
        ]
      },
      "properties": {
        "osm_id": 369722772,
        "railroad": "IAIS",
        "operator": "Iowa Interstate Railroad",
        "owner": null,
        "name": null,
        "ref": null,
        "usage": "branch",
        "service": null,
        "railway": "rail",
        "source": "OpenStreetMap / Overpass"
      }
    },
    {
      "type": "Feature",
      "geometry": {
        "type": "LineString",
        "coordinates": [
          [
            -89.5683156,
            40.8125796
          ],
          [
            -89.5683578,
            40.8124928
          ]
        ]
      },
      "properties": {
        "osm_id": 369722773,
        "railroad": "IAIS",
        "operator": "Iowa Interstate Railroad",
        "owner": null,
        "name": null,
        "ref": null,
        "usage": "branch",
        "service": null,
        "railway": "rail",
        "source": "OpenStreetMap / Overpass"
      }
    },
    {
      "type": "Feature",
      "geometry": {
        "type": "LineString",
        "coordinates": [
          [
            -89.5683578,
            40.8124928
          ],
          [
            -89.5685756,
            40.8120451
          ],
          [
            -89.5695029,
            40.8101482
          ],
          [
            -89.570215,
            40.8086845
          ]
        ]
      },
      "properties": {
        "osm_id": 369722774,
        "railroad": "IAIS",
        "operator": "Iowa Interstate Railroad",
        "owner": null,
        "name": null,
        "ref": null,
        "usage": "branch",
        "service": null,
        "railway": "rail",
        "source": "OpenStreetMap / Overpass"
      }
    },
    {
      "type": "Feature",
      "geometry": {
        "type": "LineString",
        "coordinates": [
          [
            -89.5768948,
            40.7913829
          ],
          [
            -89.5769229,
            40.7887627
          ],
          [
            -89.5769252,
            40.7866628
          ],
          [
            -89.5769602,
            40.7828448
          ],
          [
            -89.576965,
            40.7816525
          ],
          [
            -89.5769532,
            40.7811502
          ],
          [
            -89.5769298,
            40.7807211
          ],
          [
            -89.5769116,
            40.7804829
          ],
          [
            -89.5768363,
            40.7799456
          ],
          [
            -89.5767869,
            40.7796543
          ],
          [
            -89.5767297,
            40.7793591
          ],
          [
            -89.5766595,
            40.7790383
          ],
          [
            -89.5765633,
            40.7786663
          ],
          [
            -89.5765035,
            40.7784143
          ],
          [
            -89.5763866,
            40.7780384
          ],
          [
            -89.5762774,
            40.7777156
          ],
          [
            -89.576176,
            40.7774125
          ],
          [
            -89.5760634,
            40.7771315
          ],
          [
            -89.5759239,
            40.7767865
          ],
          [
            -89.5758017,
            40.7765051
          ],
          [
            -89.5756406,
            40.7761645
          ],
          [
            -89.5754716,
            40.775824
          ],
          [
            -89.5752975,
            40.7755189
          ],
          [
            -89.5750921,
            40.7751548
          ],
          [
            -89.5748582,
            40.774769
          ],
          [
            -89.5742395,
            40.7737873
          ],
          [
            -89.5735656,
            40.7727285
          ],
          [
            -89.5732611,
            40.7722519
          ],
          [
            -89.5729059,
            40.7716909
          ],
          [
            -89.5714528,
            40.7693954
          ]
        ]
      },
      "properties": {
        "osm_id": 369722776,
        "railroad": "IAIS",
        "operator": "Iowa Interstate Railroad",
        "owner": null,
        "name": null,
        "ref": null,
        "usage": "branch",
        "service": null,
        "railway": "rail",
        "source": "OpenStreetMap / Overpass"
      }
    },
    {
      "type": "Feature",
      "geometry": {
        "type": "LineString",
        "coordinates": [
          [
            -89.5581219,
            40.7171375
          ],
          [
            -89.5581757,
            40.7170525
          ],
          [
            -89.55884,
            40.7159834
          ],
          [
            -89.5591529,
            40.715481
          ]
        ]
      },
      "properties": {
        "osm_id": 369724775,
        "railroad": "IAIS",
        "operator": "Iowa Interstate Railroad",
        "owner": null,
        "name": null,
        "ref": null,
        "usage": "branch",
        "service": null,
        "railway": "rail",
        "source": "OpenStreetMap / Overpass"
      }
    },
    {
      "type": "Feature",
      "geometry": {
        "type": "LineString",
        "coordinates": [
          [
            -89.5532048,
            40.7251446
          ],
          [
            -89.5535398,
            40.7246115
          ],
          [
            -89.5538364,
            40.7241415
          ],
          [
            -89.5547259,
            40.7227097
          ],
          [
            -89.5574603,
            40.7182418
          ],
          [
            -89.5581219,
            40.7171375
          ]
        ]
      },
      "properties": {
        "osm_id": 369724776,
        "railroad": "IAIS",
        "operator": "Iowa Interstate Railroad",
        "owner": null,
        "name": null,
        "ref": null,
        "usage": "branch",
        "service": null,
        "railway": "rail",
        "source": "OpenStreetMap / Overpass"
      }
    },
    {
      "type": "Feature",
      "geometry": {
        "type": "LineString",
        "coordinates": [
          [
            -91.3302855,
            41.6124614
          ],
          [
            -91.3315437,
            41.6132826
          ],
          [
            -91.3329065,
            41.6140246
          ],
          [
            -91.3339539,
            41.6145068
          ]
        ]
      },
      "properties": {
        "osm_id": 373261728,
        "railroad": "IAIS",
        "operator": "Iowa Interstate Railroad",
        "owner": null,
        "name": "Iowa Interstate Railroad",
        "ref": null,
        "usage": "branch",
        "service": null,
        "railway": "rail",
        "source": "OpenStreetMap / Overpass"
      }
    },
    {
      "type": "Feature",
      "geometry": {
        "type": "LineString",
        "coordinates": [
          [
            -91.3300848,
            41.6123306
          ],
          [
            -91.3302855,
            41.6124614
          ]
        ]
      },
      "properties": {
        "osm_id": 373261732,
        "railroad": "IAIS",
        "operator": "Iowa Interstate Railroad",
        "owner": null,
        "name": "Iowa Interstate Railroad",
        "ref": null,
        "usage": "branch",
        "service": null,
        "railway": "rail",
        "source": "OpenStreetMap / Overpass"
      }
    },
    {
      "type": "Feature",
      "geometry": {
        "type": "LineString",
        "coordinates": [
          [
            -91.385019,
            41.6168801
          ],
          [
            -91.385914,
            41.61688
          ],
          [
            -91.392221,
            41.616912
          ],
          [
            -91.394936,
            41.616925
          ],
          [
            -91.405321,
            41.616977
          ],
          [
            -91.410008,
            41.617001
          ],
          [
            -91.413311,
            41.617015
          ],
          [
            -91.426489,
            41.617079
          ],
          [
            -91.427621,
            41.617085
          ],
          [
            -91.428457,
            41.617095
          ],
          [
            -91.42918,
            41.617118
          ],
          [
            -91.42992,
            41.617162
          ],
          [
            -91.43045,
            41.617207
          ],
          [
            -91.430869,
            41.617249
          ],
          [
            -91.431264,
            41.617294
          ],
          [
            -91.431962,
            41.617389
          ],
          [
            -91.432381,
            41.617455
          ],
          [
            -91.432816,
            41.617531
          ],
          [
            -91.433642,
            41.617695
          ],
          [
            -91.434018,
            41.617781
          ],
          [
            -91.434558,
            41.617912
          ],
          [
            -91.434908,
            41.618003
          ],
          [
            -91.435265,
            41.618102
          ],
          [
            -91.435735,
            41.618241
          ],
          [
            -91.436172,
            41.61838
          ],
          [
            -91.436593,
            41.618521
          ],
          [
            -91.437058,
            41.618686
          ],
          [
            -91.437599,
            41.618891
          ],
          [
            -91.442851,
            41.620995
          ],
          [
            -91.44606,
            41.622284
          ],
          [
            -91.4577257,
            41.6269746
          ]
        ]
      },
      "properties": {
        "osm_id": 373261735,
        "railroad": "IAIS",
        "operator": "Iowa Interstate Railroad",
        "owner": null,
        "name": "Iowa Interstate Railroad",
        "ref": null,
        "usage": "branch",
        "service": null,
        "railway": "rail",
        "source": "OpenStreetMap / Overpass"
      }
    },
    {
      "type": "Feature",
      "geometry": {
        "type": "LineString",
        "coordinates": [
          [
            -91.3339539,
            41.6145068
          ],
          [
            -91.3342384,
            41.614626
          ]
        ]
      },
      "properties": {
        "osm_id": 373261741,
        "railroad": "IAIS",
        "operator": "Iowa Interstate Railroad",
        "owner": null,
        "name": "Iowa Interstate Railroad",
        "ref": null,
        "usage": "branch",
        "service": null,
        "railway": "rail",
        "source": "OpenStreetMap / Overpass"
      }
    },
    {
      "type": "Feature",
      "geometry": {
        "type": "LineString",
        "coordinates": [
          [
            -95.0267578,
            41.4142523
          ],
          [
            -95.0266327,
            41.4142009
          ],
          [
            -95.025881,
            41.4138853
          ],
          [
            -95.0224023,
            41.4124782
          ],
          [
            -95.0214185,
            41.4120986
          ],
          [
            -95.020781,
            41.411856
          ],
          [
            -95.0188708,
            41.4113045
          ],
          [
            -95.0169747,
            41.4109274
          ],
          [
            -95.0165399,
            41.4108593
          ],
          [
            -95.0157013,
            41.4107289
          ],
          [
            -95.0132393,
            41.4103593
          ],
          [
            -95.007999,
            41.409544
          ],
          [
            -95.007733,
            41.409506
          ],
          [
            -95.007395,
            41.409454
          ],
          [
            -95.0047646,
            41.4090697
          ],
          [
            -95.0039273,
            41.4089392
          ],
          [
            -95.0032911,
            41.4088418
          ],
          [
            -95.0016034,
            41.4085867
          ],
          [
            -95.0005003,
            41.4084236
          ],
          [
            -95.000252,
            41.408386
          ],
          [
            -94.999148,
            41.408222
          ],
          [
            -94.9906697,
            41.4069188
          ],
          [
            -94.9888557,
            41.4066378
          ],
          [
            -94.98411,
            41.406017
          ],
          [
            -94.9788488,
            41.4051284
          ],
          [
            -94.9781495,
            41.4050456
          ],
          [
            -94.9779342,
            41.4050349
          ],
          [
            -94.9766277,
            41.4049955
          ],
          [
            -94.9755996,
            41.4050302
          ],
          [
            -94.9745324,
            41.4051152
          ],
          [
            -94.9691717,
            41.4056329
          ],
          [
            -94.9685348,
            41.4056972
          ],
          [
            -94.9678201,
            41.4057672
          ],
          [
            -94.9665862,
            41.405878
          ],
          [
            -94.9656969,
            41.4058691
          ],
          [
            -94.9654292,
            41.4058588
          ],
          [
            -94.9651109,
            41.4058266
          ],
          [
            -94.9647599,
            41.4057875
          ],
          [
            -94.964493,
            41.4057478
          ],
          [
            -94.9639213,
            41.4056277
          ],
          [
            -94.9637172,
            41.4055662
          ],
          [
            -94.9632669,
            41.4054305
          ],
          [
            -94.9627934,
            41.4052469
          ],
          [
            -94.9624799,
            41.4051037
          ],
          [
            -94.9622587,
            41.4049913
          ],
          [
            -94.9616803,
            41.4046753
          ],
          [
            -94.9611937,
            41.4043402
          ],
          [
            -94.9606061,
            41.403875
          ],
          [
            -94.9600371,
            41.4032786
          ],
          [
            -94.9593934,
            41.4024853
          ],
          [
            -94.9580099,
            41.4001266
          ],
          [
            -94.955646,
            41.396101
          ],
          [
            -94.9537038,
            41.3927088
          ],
          [
            -94.953243,
            41.3920979
          ],
          [
            -94.9529633,
            41.3917656
          ],
          [
            -94.9524483,
            41.3913145
          ],
          [
            -94.9519867,
            41.3909667
          ],
          [
            -94.9517178,
            41.3907926
          ],
          [
            -94.9511353,
            41.3904888
          ],
          [
            -94.9505617,
            41.3902329
          ],
          [
            -94.9494503,
            41.3898931
          ],
          [
            -94.948577,
            41.38974
          ],
          [
            -94.9469137,
            41.3896335
          ],
          [
            -94.945918,
            41.389576
          ],
          [
            -94.941884,
            41.389549
          ],
          [
            -94.932485,
            41.389489
          ],
          [
            -94.9311063,
            41.3894639
          ],
          [
            -94.9302462,
            41.3894992
          ],
          [
            -94.9288434,
            41.389624
          ],
          [
            -94.9276107,
            41.3897629
          ],
          [
            -94.9265835,
            41.3899303
          ],
          [
            -94.9245877,
            41.390303
          ]
        ]
      },
      "properties": {
        "osm_id": 382742383,
        "railroad": "IAIS",
        "operator": "Iowa Interstate Railroad",
        "owner": null,
        "name": "Iowa Interstate Railroad",
        "ref": null,
        "usage": "branch",
        "service": null,
        "railway": "rail",
        "source": "OpenStreetMap / Overpass"
      }
    },
    {
      "type": "Feature",
      "geometry": {
        "type": "LineString",
        "coordinates": [
          [
            -95.028188,
            41.4148397
          ],
          [
            -95.0267578,
            41.4142523
          ]
        ]
      },
      "properties": {
        "osm_id": 382742402,
        "railroad": "IAIS",
        "operator": "Iowa Interstate Railroad",
        "owner": null,
        "name": "Iowa Interstate Railroad",
        "ref": null,
        "usage": "branch",
        "service": null,
        "railway": "rail",
        "source": "OpenStreetMap / Overpass"
      }
    },
    {
      "type": "Feature",
      "geometry": {
        "type": "LineString",
        "coordinates": [
          [
            -95.0442393,
            41.4151336
          ],
          [
            -95.0435812,
            41.4153635
          ]
        ]
      },
      "properties": {
        "osm_id": 382742407,
        "railroad": "IAIS",
        "operator": "Iowa Interstate Railroad",
        "owner": null,
        "name": "Iowa Interstate Railroad",
        "ref": null,
        "usage": "branch",
        "service": null,
        "railway": "rail",
        "source": "OpenStreetMap / Overpass"
      }
    },
    {
      "type": "Feature",
      "geometry": {
        "type": "LineString",
        "coordinates": [
          [
            -95.0435812,
            41.4153635
          ],
          [
            -95.0425017,
            41.4157406
          ],
          [
            -95.0410587,
            41.4161711
          ],
          [
            -95.0406188,
            41.4162716
          ],
          [
            -95.039508,
            41.4165123
          ]
        ]
      },
      "properties": {
        "osm_id": 382742408,
        "railroad": "IAIS",
        "operator": "Iowa Interstate Railroad",
        "owner": null,
        "name": "Iowa Interstate Railroad",
        "ref": null,
        "usage": "branch",
        "service": null,
        "railway": "rail",
        "source": "OpenStreetMap / Overpass"
      }
    },
    {
      "type": "Feature",
      "geometry": {
        "type": "LineString",
        "coordinates": [
          [
            -91.6010614,
            41.6840442
          ],
          [
            -91.6005947,
            41.6838018
          ],
          [
            -91.5992805,
            41.6831167
          ],
          [
            -91.5974634,
            41.6821856
          ],
          [
            -91.5970208,
            41.6819512
          ],
          [
            -91.5967377,
            41.6818147
          ],
          [
            -91.5965997,
            41.6817609
          ],
          [
            -91.5964208,
            41.6816896
          ]
        ]
      },
      "properties": {
        "osm_id": 383502324,
        "railroad": "IAIS",
        "operator": "Iowa Interstate Railroad",
        "owner": null,
        "name": null,
        "ref": null,
        "usage": null,
        "service": "siding",
        "railway": "rail",
        "source": "OpenStreetMap / Overpass"
      }
    },
    {
      "type": "Feature",
      "geometry": {
        "type": "LineString",
        "coordinates": [
          [
            -90.932037,
            41.603078
          ],
          [
            -90.9322111,
            41.6030766
          ]
        ]
      },
      "properties": {
        "osm_id": 407533395,
        "railroad": "IAIS",
        "operator": "Iowa Interstate Railroad",
        "owner": null,
        "name": "Iowa Interstate Railroad",
        "ref": null,
        "usage": "branch",
        "service": null,
        "railway": "rail",
        "source": "OpenStreetMap / Overpass"
      }
    },
    {
      "type": "Feature",
      "geometry": {
        "type": "LineString",
        "coordinates": [
          [
            -90.9712593,
            41.5961454
          ],
          [
            -90.9772412,
            41.5950348
          ],
          [
            -90.9841413,
            41.5937653
          ],
          [
            -90.9875397,
            41.5931655
          ],
          [
            -90.9909161,
            41.5925067
          ],
          [
            -90.9965996,
            41.5914506
          ],
          [
            -90.99992,
            41.5908281
          ],
          [
            -91.0026822,
            41.5903412
          ],
          [
            -91.0065515,
            41.5896162
          ],
          [
            -91.0079323,
            41.58935
          ],
          [
            -91.0098608,
            41.5890008
          ],
          [
            -91.0113433,
            41.5887173
          ],
          [
            -91.0140888,
            41.5882051
          ],
          [
            -91.0155574,
            41.5879287
          ],
          [
            -91.0163744,
            41.5877766
          ],
          [
            -91.0170258,
            41.5876603
          ],
          [
            -91.017557,
            41.5875671
          ],
          [
            -91.017747,
            41.5875336
          ],
          [
            -91.0199791,
            41.5871181
          ],
          [
            -91.0225114,
            41.5866458
          ],
          [
            -91.0238431,
            41.5863987
          ],
          [
            -91.0249666,
            41.58619
          ],
          [
            -91.0283248,
            41.5855611
          ],
          [
            -91.0325299,
            41.5847792
          ],
          [
            -91.0378754,
            41.5837852
          ],
          [
            -91.0499635,
            41.5815381
          ],
          [
            -91.0518982,
            41.5811221
          ],
          [
            -91.057461,
            41.5797286
          ],
          [
            -91.0617485,
            41.5786861
          ],
          [
            -91.0650825,
            41.577857
          ]
        ]
      },
      "properties": {
        "osm_id": 407533397,
        "railroad": "IAIS",
        "operator": "Iowa Interstate Railroad",
        "owner": null,
        "name": "Iowa Interstate Railroad",
        "ref": null,
        "usage": "branch",
        "service": null,
        "railway": "rail",
        "source": "OpenStreetMap / Overpass"
      }
    },
    {
      "type": "Feature",
      "geometry": {
        "type": "LineString",
        "coordinates": [
          [
            -95.6652029,
            41.3457761
          ],
          [
            -95.6653347,
            41.3456619
          ]
        ]
      },
      "properties": {
        "osm_id": 422694550,
        "railroad": "IAIS",
        "operator": "Iowa Interstate Railroad",
        "owner": null,
        "name": "Iowa Interstate Railroad",
        "ref": null,
        "usage": "branch",
        "service": null,
        "railway": "rail",
        "source": "OpenStreetMap / Overpass"
      }
    },
    {
      "type": "Feature",
      "geometry": {
        "type": "LineString",
        "coordinates": [
          [
            -95.6569582,
            41.3523698
          ],
          [
            -95.657576,
            41.351902
          ],
          [
            -95.659461,
            41.350441
          ],
          [
            -95.661175,
            41.349062
          ],
          [
            -95.661865,
            41.348507
          ],
          [
            -95.663083,
            41.347488
          ],
          [
            -95.664325,
            41.346484
          ],
          [
            -95.6652029,
            41.3457761
          ]
        ]
      },
      "properties": {
        "osm_id": 422694551,
        "railroad": "IAIS",
        "operator": "Iowa Interstate Railroad",
        "owner": null,
        "name": "Iowa Interstate Railroad",
        "ref": null,
        "usage": "branch",
        "service": null,
        "railway": "rail",
        "source": "OpenStreetMap / Overpass"
      }
    },
    {
      "type": "Feature",
      "geometry": {
        "type": "LineString",
        "coordinates": [
          [
            -90.3450649,
            41.4799436
          ],
          [
            -90.348543,
            41.4808108
          ]
        ]
      },
      "properties": {
        "osm_id": 434302270,
        "railroad": "IAIS",
        "operator": "Iowa Interstate Railroad",
        "owner": null,
        "name": "Iowa Interstate Railroad",
        "ref": null,
        "usage": "branch",
        "service": null,
        "railway": "rail",
        "source": "OpenStreetMap / Overpass"
      }
    },
    {
      "type": "Feature",
      "geometry": {
        "type": "LineString",
        "coordinates": [
          [
            -90.3445298,
            41.4798069
          ],
          [
            -90.3450649,
            41.4799436
          ]
        ]
      },
      "properties": {
        "osm_id": 434302271,
        "railroad": "IAIS",
        "operator": "Iowa Interstate Railroad",
        "owner": null,
        "name": "Iowa Interstate Railroad",
        "ref": null,
        "usage": "branch",
        "service": null,
        "railway": "rail",
        "source": "OpenStreetMap / Overpass"
      }
    },
    {
      "type": "Feature",
      "geometry": {
        "type": "LineString",
        "coordinates": [
          [
            -89.3953274,
            41.3058609
          ],
          [
            -89.3958079,
            41.3059998
          ],
          [
            -89.3962483,
            41.3061087
          ],
          [
            -89.3967078,
            41.3062146
          ],
          [
            -89.3971063,
            41.3062934
          ],
          [
            -89.39748,
            41.3063579
          ],
          [
            -89.3978632,
            41.306418
          ],
          [
            -89.3983799,
            41.3064825
          ],
          [
            -89.3988324,
            41.306526
          ],
          [
            -89.3993638,
            41.3065627
          ],
          [
            -89.3998347,
            41.3065856
          ],
          [
            -89.400319,
            41.3065956
          ],
          [
            -89.4008205,
            41.3065913
          ],
          [
            -89.4013124,
            41.3065741
          ],
          [
            -89.4018233,
            41.3065426
          ],
          [
            -89.4023248,
            41.3065083
          ],
          [
            -89.40299,
            41.3064516
          ]
        ]
      },
      "properties": {
        "osm_id": 435253613,
        "railroad": "IAIS",
        "operator": "Iowa Interstate Railroad",
        "owner": null,
        "name": "Blue Island Subdivision",
        "ref": null,
        "usage": "branch",
        "service": null,
        "railway": "rail",
        "source": "OpenStreetMap / Overpass"
      }
    },
    {
      "type": "Feature",
      "geometry": {
        "type": "LineString",
        "coordinates": [
          [
            -89.3952988,
            41.3058967
          ],
          [
            -89.395785,
            41.3060342
          ],
          [
            -89.3962369,
            41.3061488
          ],
          [
            -89.3966888,
            41.3062504
          ],
          [
            -89.397093,
            41.3063335
          ],
          [
            -89.3974705,
            41.3064023
          ],
          [
            -89.3978518,
            41.3064596
          ],
          [
            -89.3983704,
            41.3065226
          ],
          [
            -89.3988318,
            41.3065698
          ],
          [
            -89.39936,
            41.3066071
          ],
          [
            -89.3998366,
            41.3066286
          ],
          [
            -89.400319,
            41.3066386
          ],
          [
            -89.40083,
            41.3066343
          ],
          [
            -89.4013333,
            41.3066142
          ],
          [
            -89.4021341,
            41.3065627
          ],
          [
            -89.4023381,
            41.3065398
          ],
          [
            -89.4026546,
            41.3064997
          ],
          [
            -89.40299,
            41.3064516
          ]
        ]
      },
      "properties": {
        "osm_id": 435253614,
        "railroad": "IAIS",
        "operator": "Iowa Interstate Railroad",
        "owner": null,
        "name": "Blue Island Subdivision",
        "ref": null,
        "usage": "branch",
        "service": null,
        "railway": "rail",
        "source": "OpenStreetMap / Overpass"
      }
    },
    {
      "type": "Feature",
      "geometry": {
        "type": "LineString",
        "coordinates": [
          [
            -89.394559,
            41.3056074
          ],
          [
            -89.3948565,
            41.3057105
          ],
          [
            -89.3953274,
            41.3058609
          ]
        ]
      },
      "properties": {
        "osm_id": 435253615,
        "railroad": "IAIS",
        "operator": "Iowa Interstate Railroad",
        "owner": null,
        "name": "Blue Island Subdivision",
        "ref": null,
        "usage": "branch",
        "service": null,
        "railway": "rail",
        "source": "OpenStreetMap / Overpass"
      }
    },
    {
      "type": "Feature",
      "geometry": {
        "type": "LineString",
        "coordinates": [
          [
            -89.3945323,
            41.3056432
          ],
          [
            -89.3948298,
            41.3057449
          ],
          [
            -89.3952988,
            41.3058967
          ]
        ]
      },
      "properties": {
        "osm_id": 435253616,
        "railroad": "IAIS",
        "operator": "Iowa Interstate Railroad",
        "owner": null,
        "name": "Blue Island Subdivision",
        "ref": null,
        "usage": "branch",
        "service": null,
        "railway": "rail",
        "source": "OpenStreetMap / Overpass"
      }
    },
    {
      "type": "Feature",
      "geometry": {
        "type": "LineString",
        "coordinates": [
          [
            -91.5017824,
            41.6446904
          ],
          [
            -91.5021415,
            41.6448421
          ]
        ]
      },
      "properties": {
        "osm_id": 448381107,
        "railroad": "IAIS",
        "operator": "Iowa Interstate Railroad",
        "owner": null,
        "name": "Iowa Interstate Railroad",
        "ref": null,
        "usage": "branch",
        "service": null,
        "railway": "rail",
        "source": "OpenStreetMap / Overpass"
      }
    },
    {
      "type": "Feature",
      "geometry": {
        "type": "LineString",
        "coordinates": [
          [
            -91.5021415,
            41.6448421
          ],
          [
            -91.504357,
            41.6457136
          ],
          [
            -91.5056247,
            41.6462134
          ],
          [
            -91.507977,
            41.647135
          ],
          [
            -91.508651,
            41.647405
          ],
          [
            -91.511008,
            41.64835
          ],
          [
            -91.512745,
            41.649046
          ],
          [
            -91.513472,
            41.649338
          ],
          [
            -91.513819,
            41.649477
          ],
          [
            -91.514265,
            41.649653
          ],
          [
            -91.514708,
            41.649817
          ],
          [
            -91.515324,
            41.650024
          ],
          [
            -91.515865,
            41.650187
          ],
          [
            -91.51646,
            41.650342
          ],
          [
            -91.517139,
            41.650509
          ],
          [
            -91.517162,
            41.650515
          ],
          [
            -91.5181932,
            41.6507272
          ],
          [
            -91.5234926,
            41.6517589
          ],
          [
            -91.5239701,
            41.6518519
          ],
          [
            -91.5305785,
            41.6531395
          ]
        ]
      },
      "properties": {
        "osm_id": 448381111,
        "railroad": "IAIS",
        "operator": "Iowa Interstate Railroad",
        "owner": null,
        "name": "Iowa Interstate Railroad",
        "ref": null,
        "usage": "branch",
        "service": null,
        "railway": "rail",
        "source": "OpenStreetMap / Overpass"
      }
    },
    {
      "type": "Feature",
      "geometry": {
        "type": "LineString",
        "coordinates": [
          [
            -94.4335766,
            41.5226641
          ],
          [
            -94.4334018,
            41.5226972
          ]
        ]
      },
      "properties": {
        "osm_id": 456698673,
        "railroad": "IAIS",
        "operator": "Iowa Interstate Railroad",
        "owner": null,
        "name": "Iowa Interstate Railroad",
        "ref": null,
        "usage": "branch",
        "service": null,
        "railway": "rail",
        "source": "OpenStreetMap / Overpass"
      }
    },
    {
      "type": "Feature",
      "geometry": {
        "type": "LineString",
        "coordinates": [
          [
            -94.5394281,
            41.5110871
          ],
          [
            -94.531015,
            41.508267
          ],
          [
            -94.528494,
            41.507415
          ],
          [
            -94.5259993,
            41.5065539
          ],
          [
            -94.5240604,
            41.505919
          ],
          [
            -94.5225846,
            41.5054124
          ],
          [
            -94.5208492,
            41.5049148
          ],
          [
            -94.519941,
            41.5047005
          ],
          [
            -94.5192345,
            41.5045741
          ],
          [
            -94.5184752,
            41.5044745
          ],
          [
            -94.5175869,
            41.5043652
          ],
          [
            -94.5166623,
            41.5042953
          ],
          [
            -94.5154727,
            41.5042678
          ],
          [
            -94.5142708,
            41.5043018
          ],
          [
            -94.5128866,
            41.5043754
          ],
          [
            -94.5060336,
            41.5052029
          ],
          [
            -94.5049286,
            41.5054453
          ],
          [
            -94.5036227,
            41.5058548
          ],
          [
            -94.5024396,
            41.5064149
          ],
          [
            -94.5012565,
            41.507142
          ],
          [
            -94.5004306,
            41.5078692
          ],
          [
            -94.4997944,
            41.5087385
          ],
          [
            -94.4980421,
            41.5120984
          ],
          [
            -94.4973278,
            41.5130929
          ],
          [
            -94.4964572,
            41.5138535
          ],
          [
            -94.4954303,
            41.514497
          ],
          [
            -94.4942138,
            41.5150068
          ],
          [
            -94.4936422,
            41.5151634
          ],
          [
            -94.4931388,
            41.5152603
          ],
          [
            -94.4925216,
            41.515347
          ],
          [
            -94.4920157,
            41.5153849
          ],
          [
            -94.491486,
            41.5153927
          ],
          [
            -94.4910254,
            41.5153776
          ],
          [
            -94.4904971,
            41.5153411
          ],
          [
            -94.4828181,
            41.5146892
          ],
          [
            -94.4815569,
            41.5146224
          ],
          [
            -94.4798604,
            41.5146809
          ],
          [
            -94.4784652,
            41.5148982
          ],
          [
            -94.4768133,
            41.5152742
          ],
          [
            -94.4756414,
            41.5158091
          ],
          [
            -94.474302,
            41.51672
          ],
          [
            -94.4736212,
            41.5174471
          ],
          [
            -94.4731524,
            41.5182076
          ],
          [
            -94.4723711,
            41.5200545
          ],
          [
            -94.47188,
            41.5207815
          ],
          [
            -94.471255,
            41.5214834
          ],
          [
            -94.4703621,
            41.5220935
          ],
          [
            -94.4691902,
            41.5226951
          ],
          [
            -94.4599263,
            41.5266142
          ],
          [
            -94.4586986,
            41.5270152
          ],
          [
            -94.4574373,
            41.5272576
          ],
          [
            -94.4564886,
            41.5273495
          ],
          [
            -94.4527788,
            41.5273193
          ],
          [
            -94.4501044,
            41.5272993
          ],
          [
            -94.4488878,
            41.5271824
          ],
          [
            -94.4477047,
            41.526915
          ],
          [
            -94.4465328,
            41.5265306
          ],
          [
            -94.4453943,
            41.5260877
          ],
          [
            -94.4416218,
            41.5238901
          ],
          [
            -94.4404945,
            41.5233804
          ],
          [
            -94.4392221,
            41.5229542
          ],
          [
            -94.4376819,
            41.5226533
          ],
          [
            -94.4363871,
            41.5225196
          ],
          [
            -94.4350255,
            41.5225196
          ],
          [
            -94.4335766,
            41.5226641
          ]
        ]
      },
      "properties": {
        "osm_id": 456698674,
        "railroad": "IAIS",
        "operator": "Iowa Interstate Railroad",
        "owner": null,
        "name": "Iowa Interstate Railroad",
        "ref": null,
        "usage": "branch",
        "service": null,
        "railway": "rail",
        "source": "OpenStreetMap / Overpass"
      }
    },
    {
      "type": "Feature",
      "geometry": {
        "type": "LineString",
        "coordinates": [
          [
            -91.0249666,
            41.58619
          ],
          [
            -91.0253187,
            41.5861432
          ],
          [
            -91.0255765,
            41.5861126
          ],
          [
            -91.0263893,
            41.5859658
          ],
          [
            -91.0287023,
            41.5855368
          ],
          [
            -91.0332482,
            41.5846891
          ],
          [
            -91.0383421,
            41.5837392
          ],
          [
            -91.0384989,
            41.58371
          ],
          [
            -91.0420811,
            41.583043
          ],
          [
            -91.0497871,
            41.5816125
          ],
          [
            -91.0506964,
            41.581428
          ],
          [
            -91.0519195,
            41.5811571
          ],
          [
            -91.0574603,
            41.5797747
          ],
          [
            -91.0651063,
            41.577895
          ]
        ]
      },
      "properties": {
        "osm_id": 461418008,
        "railroad": "IAIS",
        "operator": "Iowa Interstate Railroad",
        "owner": null,
        "name": "Iowa Interstate Railroad",
        "ref": null,
        "usage": "branch",
        "service": null,
        "railway": "rail",
        "source": "OpenStreetMap / Overpass"
      }
    },
    {
      "type": "Feature",
      "geometry": {
        "type": "LineString",
        "coordinates": [
          [
            -90.9710693,
            41.5961828
          ],
          [
            -90.9712593,
            41.5961454
          ]
        ]
      },
      "properties": {
        "osm_id": 463681044,
        "railroad": "IAIS",
        "operator": "Iowa Interstate Railroad",
        "owner": null,
        "name": "Iowa Interstate Railroad",
        "ref": null,
        "usage": "branch",
        "service": null,
        "railway": "rail",
        "source": "OpenStreetMap / Overpass"
      }
    },
    {
      "type": "Feature",
      "geometry": {
        "type": "LineString",
        "coordinates": [
          [
            -90.9322111,
            41.6030766
          ],
          [
            -90.9331239,
            41.6030206
          ],
          [
            -90.933544,
            41.6029874
          ],
          [
            -90.9344034,
            41.6028969
          ],
          [
            -90.9348027,
            41.6028411
          ],
          [
            -90.9383287,
            41.6022374
          ],
          [
            -90.9388125,
            41.6021483
          ],
          [
            -90.9456708,
            41.6008866
          ]
        ]
      },
      "properties": {
        "osm_id": 463681048,
        "railroad": "IAIS",
        "operator": "Iowa Interstate Railroad",
        "owner": null,
        "name": "Iowa Interstate Railroad",
        "ref": null,
        "usage": "branch",
        "service": null,
        "railway": "rail",
        "source": "OpenStreetMap / Overpass"
      }
    },
    {
      "type": "Feature",
      "geometry": {
        "type": "LineString",
        "coordinates": [
          [
            -90.9456708,
            41.6008866
          ],
          [
            -90.9458363,
            41.6008553
          ]
        ]
      },
      "properties": {
        "osm_id": 463691404,
        "railroad": "IAIS",
        "operator": "Iowa Interstate Railroad",
        "owner": null,
        "name": "Iowa Interstate Railroad",
        "ref": null,
        "usage": "branch",
        "service": null,
        "railway": "rail",
        "source": "OpenStreetMap / Overpass"
      }
    },
    {
      "type": "Feature",
      "geometry": {
        "type": "LineString",
        "coordinates": [
          [
            -90.9458363,
            41.6008553
          ],
          [
            -90.9473742,
            41.6005707
          ],
          [
            -90.9551984,
            41.5991151
          ],
          [
            -90.9578478,
            41.5986272
          ],
          [
            -90.9579831,
            41.5986048
          ],
          [
            -90.9601243,
            41.5982083
          ],
          [
            -90.9642244,
            41.597438
          ],
          [
            -90.9674613,
            41.5968579
          ],
          [
            -90.9710693,
            41.5961828
          ]
        ]
      },
      "properties": {
        "osm_id": 463691405,
        "railroad": "IAIS",
        "operator": "Iowa Interstate Railroad",
        "owner": null,
        "name": "Iowa Interstate Railroad",
        "ref": null,
        "usage": "branch",
        "service": null,
        "railway": "rail",
        "source": "OpenStreetMap / Overpass"
      }
    },
    {
      "type": "Feature",
      "geometry": {
        "type": "LineString",
        "coordinates": [
          [
            -90.6491134,
            41.5587201
          ],
          [
            -90.6487661,
            41.558571
          ]
        ]
      },
      "properties": {
        "osm_id": 472345959,
        "railroad": "IAIS",
        "operator": "Iowa Interstate Railroad",
        "owner": null,
        "name": "Iowa Interstate Railroad",
        "ref": null,
        "usage": "branch",
        "service": null,
        "railway": "rail",
        "source": "OpenStreetMap / Overpass"
      }
    },
    {
      "type": "Feature",
      "geometry": {
        "type": "LineString",
        "coordinates": [
          [
            -90.677958,
            41.570617
          ],
          [
            -90.677132,
            41.570445
          ],
          [
            -90.674332,
            41.569811
          ],
          [
            -90.673196,
            41.569478
          ],
          [
            -90.672041,
            41.569073
          ],
          [
            -90.67017,
            41.568279
          ],
          [
            -90.6678052,
            41.567202
          ],
          [
            -90.664832,
            41.565881
          ],
          [
            -90.662631,
            41.564869
          ],
          [
            -90.655111,
            41.561495
          ],
          [
            -90.652771,
            41.560435
          ],
          [
            -90.6491134,
            41.5587201
          ]
        ]
      },
      "properties": {
        "osm_id": 472345964,
        "railroad": "IAIS",
        "operator": "Iowa Interstate Railroad",
        "owner": null,
        "name": "Iowa Interstate Railroad",
        "ref": null,
        "usage": "branch",
        "service": null,
        "railway": "rail",
        "source": "OpenStreetMap / Overpass"
      }
    },
    {
      "type": "Feature",
      "geometry": {
        "type": "LineString",
        "coordinates": [
          [
            -90.6069883,
            41.5275067
          ],
          [
            -90.606625,
            41.527112
          ],
          [
            -90.606262,
            41.526764
          ],
          [
            -90.605914,
            41.526474
          ],
          [
            -90.605296,
            41.526052
          ],
          [
            -90.604914,
            41.525814
          ],
          [
            -90.604497,
            41.525608
          ],
          [
            -90.604006,
            41.525394
          ],
          [
            -90.603452,
            41.525167
          ],
          [
            -90.603218,
            41.525094
          ],
          [
            -90.602958,
            41.525013
          ],
          [
            -90.602225,
            41.524813
          ],
          [
            -90.6015459,
            41.5247006
          ],
          [
            -90.6013798,
            41.52468
          ]
        ]
      },
      "properties": {
        "osm_id": 472446418,
        "railroad": "IAIS",
        "operator": "Iowa Interstate Railroad",
        "owner": null,
        "name": "Iowa Interstate Railroad",
        "ref": null,
        "usage": "branch",
        "service": null,
        "railway": "rail",
        "source": "OpenStreetMap / Overpass"
      }
    },
    {
      "type": "Feature",
      "geometry": {
        "type": "LineString",
        "coordinates": [
          [
            -90.607091,
            41.5276195
          ],
          [
            -90.6069883,
            41.5275067
          ]
        ]
      },
      "properties": {
        "osm_id": 472446419,
        "railroad": "IAIS",
        "operator": "Iowa Interstate Railroad",
        "owner": null,
        "name": "Iowa Interstate Railroad",
        "ref": null,
        "usage": "branch",
        "service": null,
        "railway": "rail",
        "source": "OpenStreetMap / Overpass"
      }
    },
    {
      "type": "Feature",
      "geometry": {
        "type": "LineString",
        "coordinates": [
          [
            -94.3678243,
            41.517925
          ],
          [
            -94.3675305,
            41.517774
          ]
        ]
      },
      "properties": {
        "osm_id": 480302588,
        "railroad": "IAIS",
        "operator": "Iowa Interstate Railroad",
        "owner": null,
        "name": "Iowa Interstate Railroad",
        "ref": null,
        "usage": "branch",
        "service": null,
        "railway": "rail",
        "source": "OpenStreetMap / Overpass"
      }
    },
    {
      "type": "Feature",
      "geometry": {
        "type": "LineString",
        "coordinates": [
          [
            -94.4334018,
            41.5226972
          ],
          [
            -94.4322463,
            41.5229458
          ],
          [
            -94.4241703,
            41.5255234
          ],
          [
            -94.4234697,
            41.5257062
          ],
          [
            -94.422815,
            41.5258454
          ],
          [
            -94.4222314,
            41.525937
          ],
          [
            -94.421498,
            41.5260209
          ],
          [
            -94.4209325,
            41.5260571
          ],
          [
            -94.4202712,
            41.5260822
          ],
          [
            -94.4196586,
            41.5260535
          ],
          [
            -94.4191622,
            41.5260067
          ],
          [
            -94.4186906,
            41.5259591
          ],
          [
            -94.4181537,
            41.5258868
          ],
          [
            -94.4176229,
            41.5257865
          ],
          [
            -94.4170658,
            41.5256587
          ],
          [
            -94.4140929,
            41.5246945
          ],
          [
            -94.410935,
            41.523639
          ],
          [
            -94.407716,
            41.522471
          ],
          [
            -94.4049322,
            41.5215033
          ],
          [
            -94.4045227,
            41.5213434
          ],
          [
            -94.4034768,
            41.521009
          ],
          [
            -94.4029735,
            41.5208295
          ],
          [
            -94.4019073,
            41.5204339
          ],
          [
            -94.4017418,
            41.5203725
          ],
          [
            -94.4003772,
            41.5199371
          ],
          [
            -94.3997653,
            41.5197706
          ],
          [
            -94.3990813,
            41.5196429
          ],
          [
            -94.3983715,
            41.5195243
          ],
          [
            -94.3975503,
            41.519451
          ],
          [
            -94.3966709,
            41.5194222
          ],
          [
            -94.3961066,
            41.5194286
          ],
          [
            -94.3957021,
            41.5194579
          ],
          [
            -94.3949259,
            41.5195199
          ],
          [
            -94.391999,
            41.520001
          ],
          [
            -94.39,
            41.520254
          ],
          [
            -94.385095,
            41.521129
          ],
          [
            -94.382704,
            41.521429
          ],
          [
            -94.379948,
            41.521843
          ],
          [
            -94.378464,
            41.521913
          ],
          [
            -94.3773906,
            41.5218405
          ],
          [
            -94.376676,
            41.521732
          ],
          [
            -94.3758361,
            41.5215821
          ],
          [
            -94.374577,
            41.521254
          ],
          [
            -94.3736366,
            41.5208693
          ],
          [
            -94.3729113,
            41.5205083
          ],
          [
            -94.3716759,
            41.5198909
          ],
          [
            -94.3678243,
            41.517925
          ]
        ]
      },
      "properties": {
        "osm_id": 480302591,
        "railroad": "IAIS",
        "operator": "Iowa Interstate Railroad",
        "owner": null,
        "name": "Iowa Interstate Railroad",
        "ref": null,
        "usage": "branch",
        "service": null,
        "railway": "rail",
        "source": "OpenStreetMap / Overpass"
      }
    },
    {
      "type": "Feature",
      "geometry": {
        "type": "LineString",
        "coordinates": [
          [
            -95.3934575,
            41.3781331
          ],
          [
            -95.3782823,
            41.3811702
          ]
        ]
      },
      "properties": {
        "osm_id": 483718658,
        "railroad": "IAIS",
        "operator": "Iowa Interstate Railroad",
        "owner": null,
        "name": "Iowa Interstate Railroad",
        "ref": null,
        "usage": "branch",
        "service": null,
        "railway": "rail",
        "source": "OpenStreetMap / Overpass"
      }
    },
    {
      "type": "Feature",
      "geometry": {
        "type": "LineString",
        "coordinates": [
          [
            -95.394019,
            41.378021
          ],
          [
            -95.3934575,
            41.3781331
          ]
        ]
      },
      "properties": {
        "osm_id": 483718659,
        "railroad": "IAIS",
        "operator": "Iowa Interstate Railroad",
        "owner": null,
        "name": "Iowa Interstate Railroad",
        "ref": null,
        "usage": "branch",
        "service": null,
        "railway": "rail",
        "source": "OpenStreetMap / Overpass"
      }
    },
    {
      "type": "Feature",
      "geometry": {
        "type": "LineString",
        "coordinates": [
          [
            -92.0922879,
            41.7858058
          ],
          [
            -92.09883,
            41.783603
          ],
          [
            -92.113613,
            41.778571
          ],
          [
            -92.1232385,
            41.7753074
          ],
          [
            -92.1347524,
            41.7713763
          ],
          [
            -92.1428908,
            41.7686301
          ],
          [
            -92.152544,
            41.7653364
          ],
          [
            -92.1622558,
            41.7620421
          ],
          [
            -92.1628641,
            41.7618268
          ],
          [
            -92.1664958,
            41.7605952
          ],
          [
            -92.1696753,
            41.759502
          ],
          [
            -92.173163,
            41.758395
          ],
          [
            -92.1779345,
            41.7568115
          ],
          [
            -92.180173,
            41.7562496
          ],
          [
            -92.180949,
            41.756079
          ],
          [
            -92.1826577,
            41.7557004
          ],
          [
            -92.1859415,
            41.7549949
          ],
          [
            -92.1865044,
            41.7548656
          ],
          [
            -92.1892259,
            41.7542873
          ],
          [
            -92.1921693,
            41.7536471
          ],
          [
            -92.2015797,
            41.7515826
          ],
          [
            -92.205395,
            41.750816
          ],
          [
            -92.2208115,
            41.7473864
          ],
          [
            -92.2337408,
            41.7445607
          ],
          [
            -92.240227,
            41.743087
          ],
          [
            -92.240966,
            41.742918
          ],
          [
            -92.2432333,
            41.7424848
          ],
          [
            -92.2464431,
            41.7417707
          ],
          [
            -92.2500566,
            41.741004
          ],
          [
            -92.255593,
            41.739801
          ],
          [
            -92.2635945,
            41.738055
          ]
        ]
      },
      "properties": {
        "osm_id": 489393317,
        "railroad": "IAIS",
        "operator": "Iowa Interstate Railroad",
        "owner": null,
        "name": "Iowa Interstate Railroad",
        "ref": null,
        "usage": "branch",
        "service": null,
        "railway": "rail",
        "source": "OpenStreetMap / Overpass"
      }
    },
    {
      "type": "Feature",
      "geometry": {
        "type": "LineString",
        "coordinates": [
          [
            -92.0912506,
            41.786162
          ],
          [
            -92.0922879,
            41.7858058
          ]
        ]
      },
      "properties": {
        "osm_id": 489393325,
        "railroad": "IAIS",
        "operator": "Iowa Interstate Railroad",
        "owner": null,
        "name": "Iowa Interstate Railroad",
        "ref": null,
        "usage": "branch",
        "service": null,
        "railway": "rail",
        "source": "OpenStreetMap / Overpass"
      }
    },
    {
      "type": "Feature",
      "geometry": {
        "type": "LineString",
        "coordinates": [
          [
            -95.2510139,
            41.408084
          ],
          [
            -95.2514372,
            41.408018
          ]
        ]
      },
      "properties": {
        "osm_id": 489924728,
        "railroad": "IAIS",
        "operator": "Iowa Interstate Railroad",
        "owner": null,
        "name": "Iowa Interstate Railroad",
        "ref": null,
        "usage": "branch",
        "service": null,
        "railway": "rail",
        "source": "OpenStreetMap / Overpass"
      }
    },
    {
      "type": "Feature",
      "geometry": {
        "type": "LineString",
        "coordinates": [
          [
            -95.2514372,
            41.408018
          ],
          [
            -95.251839,
            41.407947
          ],
          [
            -95.252355,
            41.407871
          ],
          [
            -95.253132,
            41.407746
          ],
          [
            -95.263908,
            41.406077
          ],
          [
            -95.2684131,
            41.405386
          ],
          [
            -95.2721475,
            41.4048374
          ]
        ]
      },
      "properties": {
        "osm_id": 489924729,
        "railroad": "IAIS",
        "operator": "Iowa Interstate Railroad",
        "owner": null,
        "name": "Iowa Interstate Railroad",
        "ref": null,
        "usage": "branch",
        "service": null,
        "railway": "rail",
        "source": "OpenStreetMap / Overpass"
      }
    },
    {
      "type": "Feature",
      "geometry": {
        "type": "LineString",
        "coordinates": [
          [
            -95.039508,
            41.4165123
          ],
          [
            -95.0391107,
            41.4165811
          ]
        ]
      },
      "properties": {
        "osm_id": 490164093,
        "railroad": "IAIS",
        "operator": "Iowa Interstate Railroad",
        "owner": null,
        "name": "Iowa Interstate Railroad",
        "ref": null,
        "usage": "branch",
        "service": null,
        "railway": "rail",
        "source": "OpenStreetMap / Overpass"
      }
    },
    {
      "type": "Feature",
      "geometry": {
        "type": "LineString",
        "coordinates": [
          [
            -95.0391107,
            41.4165811
          ],
          [
            -95.0389504,
            41.4166055
          ],
          [
            -95.0376576,
            41.4167302
          ],
          [
            -95.0363272,
            41.4167705
          ],
          [
            -95.0353616,
            41.4167302
          ],
          [
            -95.0343806,
            41.4166275
          ],
          [
            -95.0333255,
            41.416484
          ],
          [
            -95.0325592,
            41.4163415
          ],
          [
            -95.031754,
            41.4161265
          ],
          [
            -95.0305624,
            41.4157746
          ],
          [
            -95.0282973,
            41.4148845
          ],
          [
            -95.028188,
            41.4148397
          ]
        ]
      },
      "properties": {
        "osm_id": 490164094,
        "railroad": "IAIS",
        "operator": "Iowa Interstate Railroad",
        "owner": null,
        "name": "Iowa Interstate Railroad",
        "ref": null,
        "usage": "branch",
        "service": null,
        "railway": "rail",
        "source": "OpenStreetMap / Overpass"
      }
    },
    {
      "type": "Feature",
      "geometry": {
        "type": "LineString",
        "coordinates": [
          [
            -94.8820743,
            41.4023057
          ],
          [
            -94.8816769,
            41.4025213
          ],
          [
            -94.8795514,
            41.4036664
          ],
          [
            -94.876836,
            41.405089
          ],
          [
            -94.8744994,
            41.4063666
          ],
          [
            -94.872383,
            41.4074758
          ],
          [
            -94.870738,
            41.4081978
          ],
          [
            -94.869622,
            41.4086318
          ],
          [
            -94.8665776,
            41.4096336
          ],
          [
            -94.861738,
            41.4112243
          ]
        ]
      },
      "properties": {
        "osm_id": 508591958,
        "railroad": "IAIS",
        "operator": "Iowa Interstate Railroad",
        "owner": null,
        "name": "Iowa Interstate Railroad",
        "ref": null,
        "usage": "branch",
        "service": null,
        "railway": "rail",
        "source": "OpenStreetMap / Overpass"
      }
    },
    {
      "type": "Feature",
      "geometry": {
        "type": "LineString",
        "coordinates": [
          [
            -92.8374826,
            41.7017438
          ],
          [
            -92.8367894,
            41.7018738
          ],
          [
            -92.8357279,
            41.7019936
          ],
          [
            -92.8348665,
            41.7020395
          ],
          [
            -92.8338947,
            41.7020185
          ],
          [
            -92.8329,
            41.7019246
          ],
          [
            -92.832206,
            41.7018191
          ],
          [
            -92.8313478,
            41.701643
          ],
          [
            -92.8293456,
            41.7011535
          ],
          [
            -92.8284309,
            41.7009332
          ],
          [
            -92.827522,
            41.7007366
          ],
          [
            -92.8266669,
            41.7006046
          ],
          [
            -92.8260792,
            41.7005543
          ],
          [
            -92.825519,
            41.7005249
          ],
          [
            -92.8250077,
            41.7005142
          ],
          [
            -92.8244973,
            41.7005285
          ],
          [
            -92.8240644,
            41.7005513
          ],
          [
            -92.823621,
            41.70059
          ],
          [
            -92.8231898,
            41.7006459
          ],
          [
            -92.8227609,
            41.7007153
          ],
          [
            -92.8223172,
            41.7007991
          ],
          [
            -92.8218764,
            41.7009021
          ],
          [
            -92.8210063,
            41.7011431
          ],
          [
            -92.8201457,
            41.7014586
          ],
          [
            -92.8193213,
            41.7018249
          ],
          [
            -92.8179042,
            41.7025338
          ],
          [
            -92.8121342,
            41.7054594
          ],
          [
            -92.8086228,
            41.7072478
          ],
          [
            -92.8050781,
            41.7090298
          ],
          [
            -92.8044268,
            41.7093625
          ],
          [
            -92.8036595,
            41.7096851
          ],
          [
            -92.8027861,
            41.7100157
          ],
          [
            -92.8024124,
            41.7101474
          ],
          [
            -92.8011699,
            41.7105619
          ],
          [
            -92.7991721,
            41.7111029
          ],
          [
            -92.7971454,
            41.7116047
          ],
          [
            -92.7955483,
            41.7120188
          ],
          [
            -92.7930833,
            41.7126579
          ],
          [
            -92.79077,
            41.7132665
          ],
          [
            -92.7895286,
            41.7135937
          ],
          [
            -92.7884189,
            41.7139252
          ],
          [
            -92.7878451,
            41.7141243
          ],
          [
            -92.7872663,
            41.7143526
          ],
          [
            -92.7868106,
            41.7145498
          ],
          [
            -92.7864848,
            41.714726
          ],
          [
            -92.7859126,
            41.7150056
          ],
          [
            -92.7854499,
            41.7152695
          ],
          [
            -92.7849442,
            41.7155922
          ],
          [
            -92.7843442,
            41.716003
          ],
          [
            -92.7834102,
            41.716655
          ],
          [
            -92.7823163,
            41.7175391
          ],
          [
            -92.7818916,
            41.7178103
          ],
          [
            -92.7813498,
            41.7181147
          ],
          [
            -92.7808982,
            41.7183508
          ],
          [
            -92.7804355,
            41.7185603
          ],
          [
            -92.7799641,
            41.7187323
          ],
          [
            -92.7792967,
            41.7189529
          ],
          [
            -92.7784293,
            41.7191871
          ],
          [
            -92.7776348,
            41.7193471
          ],
          [
            -92.7766397,
            41.7194891
          ],
          [
            -92.7760563,
            41.7195454
          ],
          [
            -92.7669217,
            41.7204265
          ]
        ]
      },
      "properties": {
        "osm_id": 550959350,
        "railroad": "IAIS",
        "operator": "Iowa Interstate Railroad",
        "owner": null,
        "name": "Iowa Interstate Railroad",
        "ref": null,
        "usage": "branch",
        "service": null,
        "railway": "rail",
        "source": "OpenStreetMap / Overpass"
      }
    },
    {
      "type": "Feature",
      "geometry": {
        "type": "LineString",
        "coordinates": [
          [
            -92.6535685,
            41.7330299
          ],
          [
            -92.6580329,
            41.7342352
          ],
          [
            -92.6593333,
            41.734592
          ],
          [
            -92.6614358,
            41.7351664
          ],
          [
            -92.6624894,
            41.7354484
          ],
          [
            -92.6631185,
            41.7356004
          ],
          [
            -92.6636822,
            41.7357211
          ],
          [
            -92.6641078,
            41.7358002
          ],
          [
            -92.6646849,
            41.735901
          ],
          [
            -92.665372,
            41.7360039
          ],
          [
            -92.6659587,
            41.7360804
          ],
          [
            -92.6664945,
            41.7361333
          ],
          [
            -92.6670161,
            41.7361829
          ],
          [
            -92.6673973,
            41.7362136
          ],
          [
            -92.6678963,
            41.7362417
          ],
          [
            -92.6683526,
            41.7362567
          ],
          [
            -92.6687061,
            41.7362646
          ],
          [
            -92.669225,
            41.7362629
          ],
          [
            -92.6749169,
            41.7361958
          ],
          [
            -92.6849852,
            41.7360757
          ],
          [
            -92.6886676,
            41.7360299
          ],
          [
            -92.6913776,
            41.7360011
          ],
          [
            -92.6938141,
            41.7359695
          ],
          [
            -92.6943383,
            41.735969
          ],
          [
            -92.6948434,
            41.7359764
          ],
          [
            -92.6953493,
            41.7359933
          ],
          [
            -92.6959202,
            41.7360248
          ],
          [
            -92.6964373,
            41.7360629
          ],
          [
            -92.6969924,
            41.7361048
          ],
          [
            -92.6974429,
            41.7361531
          ],
          [
            -92.6979415,
            41.736219
          ],
          [
            -92.6983674,
            41.7362789
          ],
          [
            -92.6987874,
            41.7363436
          ],
          [
            -92.699175,
            41.7364143
          ],
          [
            -92.6995574,
            41.7364872
          ],
          [
            -92.7005616,
            41.7366997
          ],
          [
            -92.7005911,
            41.7367056
          ],
          [
            -92.708007,
            41.7383034
          ],
          [
            -92.7113686,
            41.7390285
          ],
          [
            -92.7144322,
            41.739689
          ],
          [
            -92.7169778,
            41.7402346
          ],
          [
            -92.7177149,
            41.7403901
          ],
          [
            -92.7193255,
            41.740742
          ],
          [
            -92.7207912,
            41.7410628
          ],
          [
            -92.7214693,
            41.741212
          ],
          [
            -92.7224942,
            41.7414289
          ],
          [
            -92.7230798,
            41.7415604
          ],
          [
            -92.723439,
            41.7416331
          ],
          [
            -92.7241602,
            41.741779
          ],
          [
            -92.7247267,
            41.7418815
          ],
          [
            -92.7251105,
            41.741943
          ],
          [
            -92.725776,
            41.7420388
          ],
          [
            -92.7265524,
            41.7421152
          ],
          [
            -92.7273648,
            41.7421925
          ],
          [
            -92.7281219,
            41.7422266
          ],
          [
            -92.7288355,
            41.7422541
          ],
          [
            -92.7296286,
            41.7422439
          ],
          [
            -92.7303098,
            41.7421868
          ],
          [
            -92.7309635,
            41.7420716
          ],
          [
            -92.7315965,
            41.7419341
          ],
          [
            -92.7322285,
            41.7417276
          ],
          [
            -92.7332609,
            41.7413894
          ],
          [
            -92.7345113,
            41.7409702
          ],
          [
            -92.737157,
            41.740078
          ],
          [
            -92.7407797,
            41.7388833
          ],
          [
            -92.7432874,
            41.7380567
          ],
          [
            -92.7466398,
            41.7369307
          ],
          [
            -92.7502374,
            41.7357392
          ],
          [
            -92.7531959,
            41.7347412
          ],
          [
            -92.7539981,
            41.7344206
          ],
          [
            -92.754772,
            41.73405
          ],
          [
            -92.7554782,
            41.7336533
          ],
          [
            -92.7560443,
            41.7332667
          ],
          [
            -92.7565033,
            41.7329176
          ],
          [
            -92.7569997,
            41.7324721
          ],
          [
            -92.7573323,
            41.7321316
          ],
          [
            -92.7575909,
            41.7318485
          ],
          [
            -92.7579535,
            41.7313767
          ],
          [
            -92.7582877,
            41.7308658
          ],
          [
            -92.7586617,
            41.7301438
          ],
          [
            -92.7594509,
            41.7282592
          ],
          [
            -92.761356,
            41.7239418
          ],
          [
            -92.7616217,
            41.7234864
          ],
          [
            -92.7619046,
            41.7230745
          ],
          [
            -92.7621455,
            41.7227568
          ],
          [
            -92.7624357,
            41.7224692
          ],
          [
            -92.7627963,
            41.7221517
          ],
          [
            -92.7631421,
            41.7218759
          ],
          [
            -92.7634505,
            41.7216541
          ],
          [
            -92.7638347,
            41.721403
          ],
          [
            -92.7641425,
            41.7212337
          ],
          [
            -92.764537,
            41.721043
          ],
          [
            -92.764931,
            41.7208714
          ],
          [
            -92.7653503,
            41.7207344
          ],
          [
            -92.7658912,
            41.720592
          ],
          [
            -92.766138,
            41.7205257
          ],
          [
            -92.7666193,
            41.7204552
          ]
        ]
      },
      "properties": {
        "osm_id": 550959351,
        "railroad": "IAIS",
        "operator": "Iowa Interstate Railroad",
        "owner": null,
        "name": "Iowa Interstate Railroad",
        "ref": null,
        "usage": "branch",
        "service": null,
        "railway": "rail",
        "source": "OpenStreetMap / Overpass"
      }
    },
    {
      "type": "Feature",
      "geometry": {
        "type": "LineString",
        "coordinates": [
          [
            -91.0862461,
            41.5746302
          ],
          [
            -91.0857253,
            41.574459
          ],
          [
            -91.0851244,
            41.5742869
          ],
          [
            -91.0846066,
            41.5741644
          ],
          [
            -91.0839792,
            41.5740553
          ],
          [
            -91.0833375,
            41.5739834
          ],
          [
            -91.0824614,
            41.5739366
          ],
          [
            -91.0816476,
            41.5739606
          ],
          [
            -91.0811811,
            41.5740095
          ],
          [
            -91.0807147,
            41.5740724
          ],
          [
            -91.0802537,
            41.5741542
          ],
          [
            -91.0796207,
            41.5742912
          ],
          [
            -91.077342,
            41.574823
          ],
          [
            -91.0768659,
            41.5749409
          ],
          [
            -91.0693719,
            41.5767964
          ],
          [
            -91.0658674,
            41.5776641
          ]
        ]
      },
      "properties": {
        "osm_id": 557992171,
        "railroad": "IAIS",
        "operator": "Iowa Interstate Railroad",
        "owner": null,
        "name": "Iowa Interstate Railroad",
        "ref": null,
        "usage": "branch",
        "service": null,
        "railway": "rail",
        "source": "OpenStreetMap / Overpass"
      }
    },
    {
      "type": "Feature",
      "geometry": {
        "type": "LineString",
        "coordinates": [
          [
            -91.0658862,
            41.5776979
          ],
          [
            -91.068712,
            41.5769977
          ],
          [
            -91.0706387,
            41.576522
          ],
          [
            -91.0734979,
            41.5758117
          ],
          [
            -91.0746539,
            41.5755257
          ],
          [
            -91.0760232,
            41.5751866
          ],
          [
            -91.0763007,
            41.5751113
          ],
          [
            -91.0768659,
            41.5749409
          ]
        ]
      },
      "properties": {
        "osm_id": 557992172,
        "railroad": "IAIS",
        "operator": "Iowa Interstate Railroad",
        "owner": null,
        "name": "Iowa Interstate Railroad",
        "ref": null,
        "usage": "branch",
        "service": null,
        "railway": "rail",
        "source": "OpenStreetMap / Overpass"
      }
    },
    {
      "type": "Feature",
      "geometry": {
        "type": "LineString",
        "coordinates": [
          [
            -91.0651063,
            41.577895
          ],
          [
            -91.0658862,
            41.5776979
          ]
        ]
      },
      "properties": {
        "osm_id": 557992173,
        "railroad": "IAIS",
        "operator": "Iowa Interstate Railroad",
        "owner": null,
        "name": "Iowa Interstate Railroad",
        "ref": null,
        "usage": "branch",
        "service": null,
        "railway": "rail",
        "source": "OpenStreetMap / Overpass"
      }
    },
    {
      "type": "Feature",
      "geometry": {
        "type": "LineString",
        "coordinates": [
          [
            -95.1946864,
            41.416756
          ],
          [
            -95.195082,
            41.416711
          ],
          [
            -95.195729,
            41.416631
          ],
          [
            -95.196241,
            41.416558
          ],
          [
            -95.197966,
            41.416297
          ],
          [
            -95.206495,
            41.414977
          ],
          [
            -95.212867,
            41.413991
          ],
          [
            -95.218291,
            41.413149
          ],
          [
            -95.219938,
            41.412898
          ],
          [
            -95.22134,
            41.412678
          ],
          [
            -95.227656,
            41.411701
          ],
          [
            -95.231918,
            41.4110432
          ],
          [
            -95.235911,
            41.41042
          ],
          [
            -95.240136,
            41.409762
          ],
          [
            -95.242809,
            41.40935
          ],
          [
            -95.243521,
            41.409236
          ],
          [
            -95.2510139,
            41.408084
          ]
        ]
      },
      "properties": {
        "osm_id": 637680661,
        "railroad": "IAIS",
        "operator": "Iowa Interstate Railroad",
        "owner": null,
        "name": "Iowa Interstate Railroad",
        "ref": null,
        "usage": "branch",
        "service": null,
        "railway": "rail",
        "source": "OpenStreetMap / Overpass"
      }
    },
    {
      "type": "Feature",
      "geometry": {
        "type": "LineString",
        "coordinates": [
          [
            -94.7281022,
            41.4614407
          ],
          [
            -94.7211558,
            41.4616312
          ],
          [
            -94.720509,
            41.4616719
          ],
          [
            -94.7199273,
            41.4617288
          ],
          [
            -94.7192718,
            41.4618326
          ],
          [
            -94.7187339,
            41.4619416
          ],
          [
            -94.7179149,
            41.4621535
          ],
          [
            -94.713952,
            41.463264
          ],
          [
            -94.7126446,
            41.4636154
          ],
          [
            -94.7119602,
            41.4637805
          ],
          [
            -94.7113998,
            41.4639007
          ],
          [
            -94.7101983,
            41.4641001
          ],
          [
            -94.7090079,
            41.4642782
          ],
          [
            -94.7077927,
            41.4644655
          ],
          [
            -94.7058637,
            41.4647605
          ],
          [
            -94.7052019,
            41.4648918
          ],
          [
            -94.7046787,
            41.4650243
          ],
          [
            -94.7041176,
            41.4651911
          ],
          [
            -94.7036506,
            41.4653557
          ],
          [
            -94.7031842,
            41.4655443
          ],
          [
            -94.7027877,
            41.4657113
          ],
          [
            -94.7024044,
            41.4658981
          ],
          [
            -94.7016478,
            41.4663323
          ],
          [
            -94.7007867,
            41.4669156
          ],
          [
            -94.699209,
            41.4680092
          ],
          [
            -94.6912066,
            41.4736479
          ],
          [
            -94.6887303,
            41.4753785
          ],
          [
            -94.6856405,
            41.4775608
          ],
          [
            -94.6827814,
            41.4794564
          ],
          [
            -94.6822417,
            41.4797632
          ],
          [
            -94.6812814,
            41.4802398
          ],
          [
            -94.6807161,
            41.4805054
          ],
          [
            -94.6799596,
            41.4808348
          ],
          [
            -94.6789804,
            41.4812063
          ],
          [
            -94.6783523,
            41.4814236
          ]
        ]
      },
      "properties": {
        "osm_id": 637680662,
        "railroad": "IAIS",
        "operator": "Iowa Interstate Railroad",
        "owner": null,
        "name": "Iowa Interstate Railroad",
        "ref": null,
        "usage": "branch",
        "service": null,
        "railway": "rail",
        "source": "OpenStreetMap / Overpass"
      }
    },
    {
      "type": "Feature",
      "geometry": {
        "type": "LineString",
        "coordinates": [
          [
            -94.7806341,
            41.4364621
          ],
          [
            -94.7780393,
            41.4370975
          ],
          [
            -94.777277,
            41.4373158
          ],
          [
            -94.7767348,
            41.4374965
          ],
          [
            -94.776059,
            41.437778
          ],
          [
            -94.770127,
            41.4408519
          ],
          [
            -94.7695025,
            41.4411875
          ],
          [
            -94.7677531,
            41.4421006
          ],
          [
            -94.7673274,
            41.4423258
          ],
          [
            -94.7650174,
            41.4435366
          ],
          [
            -94.7639609,
            41.444107
          ],
          [
            -94.7622841,
            41.4449918
          ],
          [
            -94.759906,
            41.4462327
          ],
          [
            -94.7594416,
            41.4464856
          ],
          [
            -94.7551471,
            41.4487413
          ],
          [
            -94.753876,
            41.4494074
          ],
          [
            -94.7532508,
            41.4497378
          ],
          [
            -94.7517873,
            41.450521
          ],
          [
            -94.7513803,
            41.4507368
          ],
          [
            -94.7509034,
            41.4509979
          ],
          [
            -94.7505581,
            41.4512116
          ],
          [
            -94.7501757,
            41.4514665
          ],
          [
            -94.7497564,
            41.4517461
          ],
          [
            -94.7493309,
            41.4520524
          ],
          [
            -94.7467299,
            41.4539704
          ]
        ]
      },
      "properties": {
        "osm_id": 637680663,
        "railroad": "IAIS",
        "operator": "Iowa Interstate Railroad",
        "owner": null,
        "name": "Iowa Interstate Railroad",
        "ref": null,
        "usage": "branch",
        "service": null,
        "railway": "rail",
        "source": "OpenStreetMap / Overpass"
      }
    },
    {
      "type": "Feature",
      "geometry": {
        "type": "LineString",
        "coordinates": [
          [
            -94.6783523,
            41.4814236
          ],
          [
            -94.6778912,
            41.4815716
          ]
        ]
      },
      "properties": {
        "osm_id": 637680664,
        "railroad": "IAIS",
        "operator": "Iowa Interstate Railroad",
        "owner": null,
        "name": "Iowa Interstate Railroad",
        "ref": null,
        "usage": "branch",
        "service": null,
        "railway": "rail",
        "source": "OpenStreetMap / Overpass"
      }
    },
    {
      "type": "Feature",
      "geometry": {
        "type": "LineString",
        "coordinates": [
          [
            -94.8616311,
            41.4112606
          ],
          [
            -94.853569,
            41.4138855
          ],
          [
            -94.841545,
            41.417761
          ],
          [
            -94.8345319,
            41.4201083
          ],
          [
            -94.829156,
            41.421796
          ],
          [
            -94.825607,
            41.422985
          ],
          [
            -94.820442,
            41.424713
          ],
          [
            -94.8152,
            41.426467
          ],
          [
            -94.81481,
            41.426597
          ],
          [
            -94.814404,
            41.426733
          ],
          [
            -94.806238,
            41.4293514
          ],
          [
            -94.799969,
            41.431391
          ],
          [
            -94.7968077,
            41.4324094
          ],
          [
            -94.7923225,
            41.433542
          ],
          [
            -94.7868004,
            41.4349343
          ],
          [
            -94.7807645,
            41.4364302
          ]
        ]
      },
      "properties": {
        "osm_id": 637680665,
        "railroad": "IAIS",
        "operator": "Iowa Interstate Railroad",
        "owner": null,
        "name": "Iowa Interstate Railroad",
        "ref": null,
        "usage": "branch",
        "service": null,
        "railway": "rail",
        "source": "OpenStreetMap / Overpass"
      }
    },
    {
      "type": "Feature",
      "geometry": {
        "type": "LineString",
        "coordinates": [
          [
            -94.7354486,
            41.4611545
          ],
          [
            -94.734818,
            41.4612213
          ],
          [
            -94.7342816,
            41.4612634
          ],
          [
            -94.7282387,
            41.461436
          ]
        ]
      },
      "properties": {
        "osm_id": 637680666,
        "railroad": "IAIS",
        "operator": "Iowa Interstate Railroad",
        "owner": null,
        "name": "Iowa Interstate Railroad",
        "ref": null,
        "usage": "branch",
        "service": null,
        "railway": "rail",
        "source": "OpenStreetMap / Overpass"
      }
    },
    {
      "type": "Feature",
      "geometry": {
        "type": "LineString",
        "coordinates": [
          [
            -94.7464809,
            41.454154
          ],
          [
            -94.7453435,
            41.4549937
          ],
          [
            -94.7392333,
            41.4594986
          ],
          [
            -94.7385015,
            41.4600055
          ],
          [
            -94.7380082,
            41.4602886
          ],
          [
            -94.7375387,
            41.4605235
          ],
          [
            -94.7369666,
            41.4607635
          ],
          [
            -94.7363879,
            41.4609522
          ],
          [
            -94.7361387,
            41.4610198
          ],
          [
            -94.7358883,
            41.4610761
          ],
          [
            -94.735607,
            41.4611291
          ]
        ]
      },
      "properties": {
        "osm_id": 637680667,
        "railroad": "IAIS",
        "operator": "Iowa Interstate Railroad",
        "owner": null,
        "name": "Iowa Interstate Railroad",
        "ref": null,
        "usage": "branch",
        "service": null,
        "railway": "rail",
        "source": "OpenStreetMap / Overpass"
      }
    },
    {
      "type": "Feature",
      "geometry": {
        "type": "LineString",
        "coordinates": [
          [
            -94.7807645,
            41.4364302
          ],
          [
            -94.7806341,
            41.4364621
          ]
        ]
      },
      "properties": {
        "osm_id": 637680668,
        "railroad": "IAIS",
        "operator": "Iowa Interstate Railroad",
        "owner": null,
        "name": "Iowa Interstate Railroad",
        "ref": null,
        "usage": "branch",
        "service": null,
        "railway": "rail",
        "source": "OpenStreetMap / Overpass"
      }
    },
    {
      "type": "Feature",
      "geometry": {
        "type": "LineString",
        "coordinates": [
          [
            -94.7467299,
            41.4539704
          ],
          [
            -94.7464809,
            41.454154
          ]
        ]
      },
      "properties": {
        "osm_id": 637680669,
        "railroad": "IAIS",
        "operator": "Iowa Interstate Railroad",
        "owner": null,
        "name": "Iowa Interstate Railroad",
        "ref": null,
        "usage": "branch",
        "service": null,
        "railway": "rail",
        "source": "OpenStreetMap / Overpass"
      }
    },
    {
      "type": "Feature",
      "geometry": {
        "type": "LineString",
        "coordinates": [
          [
            -95.1940204,
            41.4168064
          ],
          [
            -95.1944045,
            41.416782
          ],
          [
            -95.1946864,
            41.416756
          ]
        ]
      },
      "properties": {
        "osm_id": 637680670,
        "railroad": "IAIS",
        "operator": "Iowa Interstate Railroad",
        "owner": null,
        "name": "Iowa Interstate Railroad",
        "ref": null,
        "usage": "branch",
        "service": null,
        "railway": "rail",
        "source": "OpenStreetMap / Overpass"
      }
    },
    {
      "type": "Feature",
      "geometry": {
        "type": "LineString",
        "coordinates": [
          [
            -94.6778912,
            41.4815716
          ],
          [
            -94.6686106,
            41.4843333
          ],
          [
            -94.666984,
            41.4848086
          ],
          [
            -94.6645718,
            41.4856063
          ],
          [
            -94.6638852,
            41.4858945
          ],
          [
            -94.6625981,
            41.4864625
          ],
          [
            -94.661166,
            41.487215
          ],
          [
            -94.660591,
            41.487573
          ],
          [
            -94.657053,
            41.4898662
          ],
          [
            -94.6529578,
            41.4925602
          ],
          [
            -94.6523104,
            41.4929743
          ],
          [
            -94.6519628,
            41.4931957
          ],
          [
            -94.6511579,
            41.4936774
          ],
          [
            -94.6502455,
            41.4941622
          ],
          [
            -94.649726,
            41.4944147
          ],
          [
            -94.649294,
            41.494595
          ],
          [
            -94.6450327,
            41.4964238
          ],
          [
            -94.6441074,
            41.4968292
          ],
          [
            -94.643412,
            41.497133
          ],
          [
            -94.642884,
            41.497356
          ],
          [
            -94.6401258,
            41.4985811
          ],
          [
            -94.6395892,
            41.498798
          ],
          [
            -94.6391943,
            41.4989731
          ],
          [
            -94.6370427,
            41.4999122
          ],
          [
            -94.6367364,
            41.5000459
          ],
          [
            -94.6357729,
            41.5004636
          ],
          [
            -94.6345543,
            41.5009921
          ],
          [
            -94.62902,
            41.5033861
          ],
          [
            -94.6276693,
            41.5039509
          ],
          [
            -94.6269609,
            41.5042222
          ],
          [
            -94.6259741,
            41.5045614
          ],
          [
            -94.6247359,
            41.5049436
          ],
          [
            -94.624199,
            41.505092
          ],
          [
            -94.6234577,
            41.5052953
          ],
          [
            -94.6223848,
            41.5055323
          ],
          [
            -94.6209176,
            41.5058215
          ],
          [
            -94.6192976,
            41.5060666
          ],
          [
            -94.6175729,
            41.5062353
          ],
          [
            -94.6166368,
            41.5063076
          ],
          [
            -94.6153011,
            41.5063478
          ],
          [
            -94.6133431,
            41.5063358
          ],
          [
            -94.6104543,
            41.506167
          ],
          [
            -94.6074483,
            41.5059699
          ],
          [
            -94.6037273,
            41.5057492
          ],
          [
            -94.5988725,
            41.505456
          ],
          [
            -94.5971237,
            41.5053475
          ],
          [
            -94.59475,
            41.505231
          ],
          [
            -94.5940151,
            41.5052149
          ],
          [
            -94.5933204,
            41.5052471
          ],
          [
            -94.5922958,
            41.5053194
          ],
          [
            -94.5913677,
            41.5054359
          ],
          [
            -94.5903109,
            41.5056448
          ],
          [
            -94.5891629,
            41.5059461
          ],
          [
            -94.5884468,
            41.506163
          ],
          [
            -94.587449,
            41.5065527
          ],
          [
            -94.5863681,
            41.5070468
          ],
          [
            -94.5858811,
            41.5072972
          ],
          [
            -94.5856874,
            41.5074139
          ],
          [
            -94.5854642,
            41.507553
          ],
          [
            -94.5845844,
            41.5080953
          ],
          [
            -94.5823732,
            41.5096002
          ],
          [
            -94.5797672,
            41.5113813
          ]
        ]
      },
      "properties": {
        "osm_id": 637680671,
        "railroad": "IAIS",
        "operator": "Iowa Interstate Railroad",
        "owner": null,
        "name": "Iowa Interstate Railroad",
        "ref": null,
        "usage": "branch",
        "service": null,
        "railway": "rail",
        "source": "OpenStreetMap / Overpass"
      }
    },
    {
      "type": "Feature",
      "geometry": {
        "type": "LineString",
        "coordinates": [
          [
            -94.7282387,
            41.461436
          ],
          [
            -94.7281022,
            41.4614407
          ]
        ]
      },
      "properties": {
        "osm_id": 637680672,
        "railroad": "IAIS",
        "operator": "Iowa Interstate Railroad",
        "owner": null,
        "name": "Iowa Interstate Railroad",
        "ref": null,
        "usage": "branch",
        "service": null,
        "railway": "rail",
        "source": "OpenStreetMap / Overpass"
      }
    },
    {
      "type": "Feature",
      "geometry": {
        "type": "LineString",
        "coordinates": [
          [
            -94.861738,
            41.4112243
          ],
          [
            -94.8616311,
            41.4112606
          ]
        ]
      },
      "properties": {
        "osm_id": 637680673,
        "railroad": "IAIS",
        "operator": "Iowa Interstate Railroad",
        "owner": null,
        "name": "Iowa Interstate Railroad",
        "ref": null,
        "usage": "branch",
        "service": null,
        "railway": "rail",
        "source": "OpenStreetMap / Overpass"
      }
    },
    {
      "type": "Feature",
      "geometry": {
        "type": "LineString",
        "coordinates": [
          [
            -94.735607,
            41.4611291
          ],
          [
            -94.7354486,
            41.4611545
          ]
        ]
      },
      "properties": {
        "osm_id": 637680674,
        "railroad": "IAIS",
        "operator": "Iowa Interstate Railroad",
        "owner": null,
        "name": "Iowa Interstate Railroad",
        "ref": null,
        "usage": "branch",
        "service": null,
        "railway": "rail",
        "source": "OpenStreetMap / Overpass"
      }
    },
    {
      "type": "Feature",
      "geometry": {
        "type": "LineString",
        "coordinates": [
          [
            -95.3655734,
            41.3881755
          ],
          [
            -95.3654602,
            41.3883574
          ]
        ]
      },
      "properties": {
        "osm_id": 637940780,
        "railroad": "IAIS",
        "operator": "Iowa Interstate Railroad",
        "owner": null,
        "name": null,
        "ref": null,
        "usage": null,
        "service": "spur",
        "railway": "rail",
        "source": "OpenStreetMap / Overpass"
      }
    },
    {
      "type": "Feature",
      "geometry": {
        "type": "LineString",
        "coordinates": [
          [
            -95.3654602,
            41.3883574
          ],
          [
            -95.3647672,
            41.3896091
          ],
          [
            -95.3645576,
            41.3900261
          ],
          [
            -95.364091,
            41.391037
          ],
          [
            -95.363848,
            41.391561
          ],
          [
            -95.363706,
            41.391819
          ],
          [
            -95.363536,
            41.392091
          ],
          [
            -95.363412,
            41.392251
          ],
          [
            -95.363271,
            41.392405
          ],
          [
            -95.363103,
            41.392553
          ],
          [
            -95.362858,
            41.392757
          ],
          [
            -95.3626789,
            41.3929442
          ],
          [
            -95.3625133,
            41.3931666
          ],
          [
            -95.362385,
            41.3933717
          ],
          [
            -95.3587528,
            41.3992941
          ]
        ]
      },
      "properties": {
        "osm_id": 637940781,
        "railroad": "IAIS",
        "operator": "Iowa Interstate Railroad",
        "owner": null,
        "name": null,
        "ref": null,
        "usage": null,
        "service": "spur",
        "railway": "rail",
        "source": "OpenStreetMap / Overpass"
      }
    },
    {
      "type": "Feature",
      "geometry": {
        "type": "LineString",
        "coordinates": [
          [
            -95.2728838,
            41.4047237
          ],
          [
            -95.2750962,
            41.4043699
          ],
          [
            -95.2763392,
            41.404165
          ],
          [
            -95.278345,
            41.403837
          ],
          [
            -95.279329,
            41.403678
          ],
          [
            -95.2824858,
            41.4031986
          ],
          [
            -95.283392,
            41.4030403
          ],
          [
            -95.2840122,
            41.4029226
          ],
          [
            -95.2847127,
            41.4027551
          ],
          [
            -95.28545,
            41.402556
          ],
          [
            -95.287657,
            41.401966
          ],
          [
            -95.289349,
            41.401505
          ],
          [
            -95.289678,
            41.4014228
          ],
          [
            -95.2966893,
            41.3995358
          ],
          [
            -95.2975628,
            41.3993066
          ],
          [
            -95.2991678,
            41.3988752
          ],
          [
            -95.300751,
            41.398421
          ],
          [
            -95.302129,
            41.398041
          ],
          [
            -95.303298,
            41.397729
          ],
          [
            -95.3050409,
            41.397251
          ],
          [
            -95.3059965,
            41.3970005
          ],
          [
            -95.30851,
            41.3963245
          ],
          [
            -95.3104488,
            41.3958063
          ],
          [
            -95.3133598,
            41.3950419
          ],
          [
            -95.3156362,
            41.3943895
          ],
          [
            -95.3172389,
            41.3939544
          ],
          [
            -95.3193814,
            41.3933611
          ],
          [
            -95.3218003,
            41.3926862
          ],
          [
            -95.3233822,
            41.3922941
          ],
          [
            -95.32404,
            41.3921098
          ],
          [
            -95.3247512,
            41.3919285
          ],
          [
            -95.3252559,
            41.3918033
          ],
          [
            -95.3259713,
            41.3916397
          ],
          [
            -95.3265158,
            41.3915219
          ],
          [
            -95.3278225,
            41.3912604
          ],
          [
            -95.328888,
            41.3910563
          ],
          [
            -95.3303294,
            41.3907635
          ],
          [
            -95.3321644,
            41.3903925
          ],
          [
            -95.3345139,
            41.3899272
          ],
          [
            -95.3383039,
            41.3891718
          ],
          [
            -95.3412349,
            41.388585
          ],
          [
            -95.3438314,
            41.3880652
          ],
          [
            -95.3494037,
            41.3869598
          ],
          [
            -95.3519903,
            41.3864265
          ],
          [
            -95.3543342,
            41.3859398
          ],
          [
            -95.3564902,
            41.3855419
          ],
          [
            -95.3583351,
            41.3851898
          ],
          [
            -95.3623172,
            41.3843994
          ],
          [
            -95.3659179,
            41.383651
          ],
          [
            -95.3679818,
            41.3832389
          ]
        ]
      },
      "properties": {
        "osm_id": 637940782,
        "railroad": "IAIS",
        "operator": "Iowa Interstate Railroad",
        "owner": null,
        "name": "Iowa Interstate Railroad",
        "ref": null,
        "usage": "branch",
        "service": null,
        "railway": "rail",
        "source": "OpenStreetMap / Overpass"
      }
    },
    {
      "type": "Feature",
      "geometry": {
        "type": "LineString",
        "coordinates": [
          [
            -95.2721475,
            41.4048374
          ],
          [
            -95.2728838,
            41.4047237
          ]
        ]
      },
      "properties": {
        "osm_id": 637940783,
        "railroad": "IAIS",
        "operator": "Iowa Interstate Railroad",
        "owner": null,
        "name": "Iowa Interstate Railroad",
        "ref": null,
        "usage": "branch",
        "service": null,
        "railway": "rail",
        "source": "OpenStreetMap / Overpass"
      }
    },
    {
      "type": "Feature",
      "geometry": {
        "type": "LineString",
        "coordinates": [
          [
            -95.60993,
            41.370066
          ],
          [
            -95.6088256,
            41.3702003
          ]
        ]
      },
      "properties": {
        "osm_id": 706553818,
        "railroad": "IAIS",
        "operator": "Iowa Interstate Railroad",
        "owner": null,
        "name": "Iowa Interstate Railroad",
        "ref": null,
        "usage": "branch",
        "service": null,
        "railway": "rail",
        "source": "OpenStreetMap / Overpass"
      }
    },
    {
      "type": "Feature",
      "geometry": {
        "type": "LineString",
        "coordinates": [
          [
            -95.6569582,
            41.3523698
          ],
          [
            -95.654697,
            41.354082
          ],
          [
            -95.6541955,
            41.3544742
          ],
          [
            -95.6536382,
            41.3549024
          ],
          [
            -95.65262,
            41.355629
          ],
          [
            -95.65072,
            41.357078
          ],
          [
            -95.644443,
            41.361814
          ],
          [
            -95.642255,
            41.363463
          ],
          [
            -95.641713,
            41.363832
          ],
          [
            -95.641155,
            41.364189
          ],
          [
            -95.640583,
            41.364532
          ],
          [
            -95.639996,
            41.364861
          ],
          [
            -95.639396,
            41.365176
          ],
          [
            -95.639044,
            41.365351
          ],
          [
            -95.638749,
            41.36549
          ],
          [
            -95.638149,
            41.365757
          ],
          [
            -95.637537,
            41.366008
          ],
          [
            -95.636915,
            41.366244
          ],
          [
            -95.6366,
            41.366357
          ],
          [
            -95.636283,
            41.366465
          ],
          [
            -95.635763,
            41.366632
          ],
          [
            -95.635123,
            41.366822
          ],
          [
            -95.634801,
            41.366911
          ],
          [
            -95.634149,
            41.367077
          ],
          [
            -95.634119,
            41.367084
          ],
          [
            -95.633821,
            41.367154
          ],
          [
            -95.633159,
            41.367294
          ],
          [
            -95.632826,
            41.367358
          ],
          [
            -95.6318,
            41.367529
          ],
          [
            -95.630457,
            41.367701
          ],
          [
            -95.629414,
            41.367816
          ],
          [
            -95.628317,
            41.367948
          ],
          [
            -95.626283,
            41.368181
          ],
          [
            -95.625625,
            41.368261
          ],
          [
            -95.624503,
            41.368383
          ],
          [
            -95.623343,
            41.36852
          ],
          [
            -95.622019,
            41.368669
          ],
          [
            -95.621522,
            41.368725
          ],
          [
            -95.620972,
            41.368794
          ],
          [
            -95.616653,
            41.369295
          ],
          [
            -95.612365,
            41.369787
          ],
          [
            -95.610464,
            41.370001
          ],
          [
            -95.60993,
            41.370066
          ]
        ]
      },
      "properties": {
        "osm_id": 706553819,
        "railroad": "IAIS",
        "operator": "Iowa Interstate Railroad",
        "owner": null,
        "name": "Iowa Interstate Railroad",
        "ref": null,
        "usage": "branch",
        "service": null,
        "railway": "rail",
        "source": "OpenStreetMap / Overpass"
      }
    },
    {
      "type": "Feature",
      "geometry": {
        "type": "LineString",
        "coordinates": [
          [
            -95.4563269,
            41.373574
          ],
          [
            -95.455554,
            41.373542
          ],
          [
            -95.453129,
            41.373467
          ],
          [
            -95.45053,
            41.373373
          ],
          [
            -95.445941,
            41.373224
          ],
          [
            -95.4417623,
            41.373076
          ],
          [
            -95.432808,
            41.372771
          ],
          [
            -95.432641,
            41.372766
          ],
          [
            -95.432104,
            41.372751
          ],
          [
            -95.427537,
            41.372591
          ],
          [
            -95.426727,
            41.372565
          ],
          [
            -95.42566,
            41.37253
          ],
          [
            -95.424623,
            41.372507
          ],
          [
            -95.424068,
            41.372504
          ],
          [
            -95.423539,
            41.372513
          ],
          [
            -95.423139,
            41.372528
          ],
          [
            -95.4229323,
            41.3725328
          ],
          [
            -95.422441,
            41.372565
          ],
          [
            -95.421843,
            41.372612
          ],
          [
            -95.42121,
            41.372675
          ],
          [
            -95.420564,
            41.372758
          ],
          [
            -95.419922,
            41.372852
          ],
          [
            -95.419308,
            41.372958
          ],
          [
            -95.418627,
            41.373086
          ],
          [
            -95.415047,
            41.373799
          ],
          [
            -95.414291,
            41.373955
          ],
          [
            -95.411363,
            41.374538
          ],
          [
            -95.407995,
            41.375217
          ],
          [
            -95.407059,
            41.375401
          ],
          [
            -95.403723,
            41.3760687
          ],
          [
            -95.403305,
            41.376157
          ],
          [
            -95.402407,
            41.37634
          ],
          [
            -95.400944,
            41.376628
          ],
          [
            -95.400263,
            41.376768
          ],
          [
            -95.397032,
            41.377416
          ],
          [
            -95.396249,
            41.377568
          ],
          [
            -95.394019,
            41.378021
          ]
        ]
      },
      "properties": {
        "osm_id": 709676720,
        "railroad": "IAIS",
        "operator": "Iowa Interstate Railroad",
        "owner": null,
        "name": "Iowa Interstate Railroad",
        "ref": null,
        "usage": "branch",
        "service": null,
        "railway": "rail",
        "source": "OpenStreetMap / Overpass"
      }
    },
    {
      "type": "Feature",
      "geometry": {
        "type": "LineString",
        "coordinates": [
          [
            -95.457222,
            41.373604
          ],
          [
            -95.4563269,
            41.373574
          ]
        ]
      },
      "properties": {
        "osm_id": 709676721,
        "railroad": "IAIS",
        "operator": "Iowa Interstate Railroad",
        "owner": null,
        "name": "Iowa Interstate Railroad",
        "ref": null,
        "usage": "branch",
        "service": null,
        "railway": "rail",
        "source": "OpenStreetMap / Overpass"
      }
    },
    {
      "type": "Feature",
      "geometry": {
        "type": "LineString",
        "coordinates": [
          [
            -95.371182,
            41.379011
          ],
          [
            -95.371061,
            41.379205
          ]
        ]
      },
      "properties": {
        "osm_id": 710538357,
        "railroad": "IAIS",
        "operator": "Iowa Interstate Railroad",
        "owner": null,
        "name": null,
        "ref": null,
        "usage": null,
        "service": "spur",
        "railway": "rail",
        "source": "OpenStreetMap / Overpass"
      }
    },
    {
      "type": "Feature",
      "geometry": {
        "type": "LineString",
        "coordinates": [
          [
            -95.384106,
            41.3579484
          ],
          [
            -95.382704,
            41.360209
          ],
          [
            -95.382198,
            41.361016
          ],
          [
            -95.381716,
            41.361825
          ],
          [
            -95.378634,
            41.366837
          ],
          [
            -95.377734,
            41.368289
          ],
          [
            -95.377649,
            41.36843
          ],
          [
            -95.376366,
            41.370551
          ],
          [
            -95.375786,
            41.371492
          ],
          [
            -95.375732,
            41.371578
          ],
          [
            -95.375683,
            41.371655
          ],
          [
            -95.375196,
            41.372467
          ],
          [
            -95.374394,
            41.373757
          ],
          [
            -95.373743,
            41.374836
          ],
          [
            -95.372712,
            41.376502
          ],
          [
            -95.371247,
            41.378894
          ],
          [
            -95.371182,
            41.379011
          ]
        ]
      },
      "properties": {
        "osm_id": 710538358,
        "railroad": "IAIS",
        "operator": "Iowa Interstate Railroad",
        "owner": null,
        "name": null,
        "ref": null,
        "usage": null,
        "service": "spur",
        "railway": "rail",
        "source": "OpenStreetMap / Overpass"
      }
    },
    {
      "type": "Feature",
      "geometry": {
        "type": "LineString",
        "coordinates": [
          [
            -91.5319524,
            41.6532968
          ],
          [
            -91.53241,
            41.653332
          ],
          [
            -91.532841,
            41.653352
          ],
          [
            -91.5330838,
            41.6533598
          ],
          [
            -91.5332026,
            41.6533644
          ],
          [
            -91.5333316,
            41.6533646
          ],
          [
            -91.53354,
            41.653367
          ],
          [
            -91.5339467,
            41.6533667
          ],
          [
            -91.534355,
            41.65337
          ],
          [
            -91.5345548,
            41.6533669
          ],
          [
            -91.5346926,
            41.6533648
          ],
          [
            -91.5348694,
            41.6533602
          ],
          [
            -91.5350274,
            41.653356
          ],
          [
            -91.535417,
            41.653335
          ],
          [
            -91.5359836,
            41.653291
          ]
        ]
      },
      "properties": {
        "osm_id": 724142792,
        "railroad": "IAIS",
        "operator": "Iowa Interstate Railroad",
        "owner": null,
        "name": "Iowa Interstate Railroad",
        "ref": null,
        "usage": "branch",
        "service": null,
        "railway": "rail",
        "source": "OpenStreetMap / Overpass"
      }
    },
    {
      "type": "Feature",
      "geometry": {
        "type": "LineString",
        "coordinates": [
          [
            -91.5316828,
            41.6532733
          ],
          [
            -91.5317786,
            41.6532802
          ],
          [
            -91.5319206,
            41.653295
          ],
          [
            -91.5319524,
            41.6532968
          ]
        ]
      },
      "properties": {
        "osm_id": 724142793,
        "railroad": "IAIS",
        "operator": "Iowa Interstate Railroad",
        "owner": null,
        "name": "Iowa Interstate Railroad",
        "ref": null,
        "usage": "branch",
        "service": null,
        "railway": "rail",
        "source": "OpenStreetMap / Overpass"
      }
    },
    {
      "type": "Feature",
      "geometry": {
        "type": "LineString",
        "coordinates": [
          [
            -91.7105507,
            41.7094059
          ],
          [
            -91.71071,
            41.7094899
          ]
        ]
      },
      "properties": {
        "osm_id": 741743455,
        "railroad": "IAIS",
        "operator": "Iowa Interstate Railroad",
        "owner": null,
        "name": "Iowa Interstate Railroad",
        "ref": null,
        "usage": "branch",
        "service": null,
        "railway": "rail",
        "source": "OpenStreetMap / Overpass"
      }
    },
    {
      "type": "Feature",
      "geometry": {
        "type": "LineString",
        "coordinates": [
          [
            -91.6321613,
            41.7001725
          ],
          [
            -91.633557,
            41.70089
          ],
          [
            -91.634289,
            41.701259
          ],
          [
            -91.6344131,
            41.7013185
          ],
          [
            -91.6348,
            41.701504
          ],
          [
            -91.635277,
            41.701722
          ],
          [
            -91.635711,
            41.701912
          ],
          [
            -91.636289,
            41.702146
          ],
          [
            -91.636921,
            41.702379
          ],
          [
            -91.637468,
            41.702565
          ],
          [
            -91.637856,
            41.702692
          ],
          [
            -91.638304,
            41.702825
          ],
          [
            -91.6387401,
            41.7029496
          ],
          [
            -91.639568,
            41.70316
          ],
          [
            -91.640042,
            41.703267
          ],
          [
            -91.640661,
            41.703397
          ],
          [
            -91.641503,
            41.703546
          ],
          [
            -91.642221,
            41.703651
          ],
          [
            -91.642709,
            41.703714
          ],
          [
            -91.6432657,
            41.703778
          ],
          [
            -91.6437175,
            41.7038193
          ],
          [
            -91.6441538,
            41.7038474
          ],
          [
            -91.6447268,
            41.7038815
          ],
          [
            -91.6452122,
            41.7038932
          ],
          [
            -91.6456408,
            41.7039039
          ],
          [
            -91.6461843,
            41.7039022
          ],
          [
            -91.646651,
            41.70389
          ],
          [
            -91.6470188,
            41.7038858
          ],
          [
            -91.6471524,
            41.703878
          ],
          [
            -91.647838,
            41.703862
          ],
          [
            -91.6528266,
            41.7037485
          ],
          [
            -91.6564545,
            41.7036479
          ],
          [
            -91.656566,
            41.7036448
          ],
          [
            -91.659086,
            41.703575
          ],
          [
            -91.661185,
            41.703521
          ],
          [
            -91.661765,
            41.703506
          ],
          [
            -91.663143,
            41.703471
          ],
          [
            -91.6665849,
            41.7033834
          ],
          [
            -91.6666862,
            41.7033808
          ],
          [
            -91.668826,
            41.703325
          ],
          [
            -91.685986,
            41.702879
          ],
          [
            -91.690181,
            41.70277
          ],
          [
            -91.690396,
            41.702767
          ],
          [
            -91.690862,
            41.70276
          ],
          [
            -91.691768,
            41.702771
          ],
          [
            -91.692456,
            41.702799
          ],
          [
            -91.692858,
            41.702821
          ],
          [
            -91.693503,
            41.70287
          ],
          [
            -91.694204,
            41.702943
          ],
          [
            -91.694642,
            41.702997
          ],
          [
            -91.695318,
            41.703096
          ],
          [
            -91.6959,
            41.703196
          ],
          [
            -91.696609,
            41.703335
          ],
          [
            -91.697148,
            41.703451
          ],
          [
            -91.69777,
            41.703601
          ],
          [
            -91.698296,
            41.703741
          ],
          [
            -91.698916,
            41.703924
          ],
          [
            -91.699595,
            41.704146
          ],
          [
            -91.700196,
            41.704355
          ],
          [
            -91.700895,
            41.704617
          ],
          [
            -91.701449,
            41.704844
          ],
          [
            -91.70186,
            41.705022
          ],
          [
            -91.702535,
            41.705335
          ],
          [
            -91.703291,
            41.705709
          ],
          [
            -91.7105507,
            41.7094059
          ]
        ]
      },
      "properties": {
        "osm_id": 741743456,
        "railroad": "IAIS",
        "operator": "Iowa Interstate Railroad",
        "owner": null,
        "name": "Iowa Interstate Railroad",
        "ref": null,
        "usage": "branch",
        "service": null,
        "railway": "rail",
        "source": "OpenStreetMap / Overpass"
      }
    },
    {
      "type": "Feature",
      "geometry": {
        "type": "LineString",
        "coordinates": [
          [
            -91.3847905,
            41.616882
          ],
          [
            -91.385019,
            41.6168801
          ]
        ]
      },
      "properties": {
        "osm_id": 741743459,
        "railroad": "IAIS",
        "operator": "Iowa Interstate Railroad",
        "owner": null,
        "name": "Iowa Interstate Railroad",
        "ref": null,
        "usage": "branch",
        "service": null,
        "railway": "rail",
        "source": "OpenStreetMap / Overpass"
      }
    },
    {
      "type": "Feature",
      "geometry": {
        "type": "LineString",
        "coordinates": [
          [
            -91.3342384,
            41.614626
          ],
          [
            -91.3350806,
            41.6149646
          ],
          [
            -91.3360713,
            41.6153225
          ],
          [
            -91.3371388,
            41.6156469
          ],
          [
            -91.3381473,
            41.6159161
          ],
          [
            -91.3391746,
            41.6161421
          ],
          [
            -91.3401134,
            41.6163111
          ],
          [
            -91.3411648,
            41.6164589
          ],
          [
            -91.3424147,
            41.6165818
          ],
          [
            -91.3436807,
            41.6166555
          ],
          [
            -91.346542,
            41.6166767
          ],
          [
            -91.350794,
            41.6167046
          ],
          [
            -91.3520743,
            41.6167079
          ],
          [
            -91.3584355,
            41.6167557
          ],
          [
            -91.378732,
            41.616843
          ],
          [
            -91.3847905,
            41.616882
          ]
        ]
      },
      "properties": {
        "osm_id": 741743460,
        "railroad": "IAIS",
        "operator": "Iowa Interstate Railroad",
        "owner": null,
        "name": "Iowa Interstate Railroad",
        "ref": null,
        "usage": "branch",
        "service": null,
        "railway": "rail",
        "source": "OpenStreetMap / Overpass"
      }
    },
    {
      "type": "Feature",
      "geometry": {
        "type": "LineString",
        "coordinates": [
          [
            -95.8234269,
            41.236048
          ],
          [
            -95.823983,
            41.234784
          ],
          [
            -95.8245092,
            41.2335185
          ],
          [
            -95.8245319,
            41.2334639
          ]
        ]
      },
      "properties": {
        "osm_id": 767999383,
        "railroad": "IAIS",
        "operator": "Iowa Interstate Railroad",
        "owner": null,
        "name": "Iowa Interstate Railroad",
        "ref": null,
        "usage": "branch",
        "service": null,
        "railway": "rail",
        "source": "OpenStreetMap / Overpass"
      }
    },
    {
      "type": "Feature",
      "geometry": {
        "type": "LineString",
        "coordinates": [
          [
            -91.6159394,
            41.6917849
          ],
          [
            -91.6170241,
            41.6923408
          ],
          [
            -91.617496,
            41.6925926
          ],
          [
            -91.620212,
            41.694001
          ],
          [
            -91.6255764,
            41.6967704
          ],
          [
            -91.6260469,
            41.6970108
          ],
          [
            -91.62667,
            41.697333
          ],
          [
            -91.628606,
            41.698333
          ],
          [
            -91.62963,
            41.698863
          ],
          [
            -91.630226,
            41.699171
          ],
          [
            -91.6302804,
            41.6991991
          ],
          [
            -91.6307867,
            41.6994612
          ],
          [
            -91.6319583,
            41.7000674
          ]
        ]
      },
      "properties": {
        "osm_id": 800026944,
        "railroad": "IAIS",
        "operator": "Iowa Interstate Railroad",
        "owner": null,
        "name": "Iowa Interstate Railroad",
        "ref": null,
        "usage": "branch",
        "service": null,
        "railway": "rail",
        "source": "OpenStreetMap / Overpass"
      }
    },
    {
      "type": "Feature",
      "geometry": {
        "type": "LineString",
        "coordinates": [
          [
            -91.6158558,
            41.6917421
          ],
          [
            -91.6159394,
            41.6917849
          ]
        ]
      },
      "properties": {
        "osm_id": 800026945,
        "railroad": "IAIS",
        "operator": "Iowa Interstate Railroad",
        "owner": null,
        "name": "Iowa Interstate Railroad",
        "ref": null,
        "usage": "branch",
        "service": null,
        "railway": "rail",
        "source": "OpenStreetMap / Overpass"
      }
    },
    {
      "type": "Feature",
      "geometry": {
        "type": "LineString",
        "coordinates": [
          [
            -91.4577257,
            41.6269746
          ],
          [
            -91.4579301,
            41.6270558
          ]
        ]
      },
      "properties": {
        "osm_id": 835356637,
        "railroad": "IAIS",
        "operator": "Iowa Interstate Railroad",
        "owner": null,
        "name": "Iowa Interstate Railroad",
        "ref": null,
        "usage": "branch",
        "service": null,
        "railway": "rail",
        "source": "OpenStreetMap / Overpass"
      }
    },
    {
      "type": "Feature",
      "geometry": {
        "type": "LineString",
        "coordinates": [
          [
            -91.4579301,
            41.6270558
          ],
          [
            -91.459221,
            41.627568
          ],
          [
            -91.462446,
            41.628862
          ],
          [
            -91.4633648,
            41.6292325
          ],
          [
            -91.4638141,
            41.6294068
          ],
          [
            -91.4644062,
            41.6296443
          ],
          [
            -91.465532,
            41.630096
          ],
          [
            -91.468034,
            41.631103
          ],
          [
            -91.468509,
            41.631302
          ],
          [
            -91.4707537,
            41.6322048
          ],
          [
            -91.471868,
            41.632653
          ],
          [
            -91.4725257,
            41.6329155
          ],
          [
            -91.4726834,
            41.6329686
          ],
          [
            -91.472792,
            41.6330218
          ],
          [
            -91.47536,
            41.634047
          ],
          [
            -91.47676,
            41.634613
          ],
          [
            -91.477992,
            41.635103
          ],
          [
            -91.4803027,
            41.6360296
          ],
          [
            -91.482849,
            41.637057
          ],
          [
            -91.4830245,
            41.6371272
          ],
          [
            -91.4894139,
            41.6396837
          ],
          [
            -91.490733,
            41.640218
          ],
          [
            -91.4911738,
            41.640379
          ],
          [
            -91.494988,
            41.641928
          ],
          [
            -91.4965872,
            41.6425794
          ],
          [
            -91.4974961,
            41.6429637
          ],
          [
            -91.5005966,
            41.6442182
          ],
          [
            -91.5012759,
            41.6444875
          ],
          [
            -91.5017824,
            41.6446904
          ]
        ]
      },
      "properties": {
        "osm_id": 835356638,
        "railroad": "IAIS",
        "operator": "Iowa Interstate Railroad",
        "owner": null,
        "name": "Iowa Interstate Railroad",
        "ref": null,
        "usage": "branch",
        "service": null,
        "railway": "rail",
        "source": "OpenStreetMap / Overpass"
      }
    },
    {
      "type": "Feature",
      "geometry": {
        "type": "LineString",
        "coordinates": [
          [
            -91.783922,
            41.718787
          ],
          [
            -91.784153,
            41.718829
          ]
        ]
      },
      "properties": {
        "osm_id": 835546079,
        "railroad": "IAIS",
        "operator": "Iowa Interstate Railroad",
        "owner": null,
        "name": "Iowa Interstate Railroad",
        "ref": null,
        "usage": "branch",
        "service": null,
        "railway": "rail",
        "source": "OpenStreetMap / Overpass"
      }
    },
    {
      "type": "Feature",
      "geometry": {
        "type": "LineString",
        "coordinates": [
          [
            -91.7928435,
            41.7222628
          ],
          [
            -91.7936024,
            41.7226932
          ],
          [
            -91.7963608,
            41.7241078
          ],
          [
            -91.7985313,
            41.7253045
          ],
          [
            -91.8010484,
            41.726632
          ],
          [
            -91.8032937,
            41.7278305
          ],
          [
            -91.8049743,
            41.7288159
          ],
          [
            -91.805738,
            41.729334
          ],
          [
            -91.805893,
            41.729444
          ],
          [
            -91.806618,
            41.729997
          ],
          [
            -91.806988,
            41.730308
          ],
          [
            -91.807362,
            41.730636
          ],
          [
            -91.807727,
            41.730975
          ],
          [
            -91.808059,
            41.731301
          ],
          [
            -91.808406,
            41.731662
          ],
          [
            -91.808773,
            41.732066
          ],
          [
            -91.809605,
            41.733028
          ],
          [
            -91.811386,
            41.735104
          ],
          [
            -91.811566,
            41.735319
          ],
          [
            -91.813122,
            41.737135
          ],
          [
            -91.813453,
            41.737513
          ],
          [
            -91.816677,
            41.74127
          ],
          [
            -91.816925,
            41.741545
          ],
          [
            -91.817208,
            41.74185
          ],
          [
            -91.817454,
            41.742102
          ],
          [
            -91.817956,
            41.742581
          ],
          [
            -91.819051,
            41.743549
          ],
          [
            -91.819692,
            41.7441
          ],
          [
            -91.820404,
            41.744724
          ],
          [
            -91.826917,
            41.750385
          ],
          [
            -91.827497,
            41.750875
          ],
          [
            -91.827891,
            41.75119
          ],
          [
            -91.82832,
            41.751512
          ],
          [
            -91.832029,
            41.754136
          ],
          [
            -91.8321905,
            41.7542342
          ],
          [
            -91.8328361,
            41.7546796
          ],
          [
            -91.8332947,
            41.7549902
          ],
          [
            -91.8337971,
            41.7552841
          ],
          [
            -91.8345644,
            41.7556771
          ],
          [
            -91.8352617,
            41.7559647
          ],
          [
            -91.8361168,
            41.75625
          ],
          [
            -91.8368984,
            41.7564536
          ],
          [
            -91.8376928,
            41.7566177
          ],
          [
            -91.8387575,
            41.7567589
          ],
          [
            -91.846536,
            41.75762
          ],
          [
            -91.846827,
            41.757653
          ],
          [
            -91.853064,
            41.758396
          ],
          [
            -91.8562604,
            41.7587042
          ],
          [
            -91.8578733,
            41.7588843
          ],
          [
            -91.8614832,
            41.7592795
          ],
          [
            -91.8627899,
            41.7594539
          ],
          [
            -91.8637726,
            41.759617
          ],
          [
            -91.8649298,
            41.7598207
          ],
          [
            -91.867566,
            41.7603681
          ],
          [
            -91.8701736,
            41.7609625
          ],
          [
            -91.8705569,
            41.7610539
          ],
          [
            -91.8740266,
            41.7619218
          ],
          [
            -91.8767931,
            41.7626147
          ],
          [
            -91.8785698,
            41.763031
          ],
          [
            -91.8809414,
            41.7636242
          ],
          [
            -91.8819866,
            41.7638865
          ],
          [
            -91.8844907,
            41.7643809
          ],
          [
            -91.8867392,
            41.7648255
          ],
          [
            -91.8886294,
            41.7651993
          ],
          [
            -91.8927131,
            41.7659963
          ],
          [
            -91.8969027,
            41.7668324
          ],
          [
            -91.9000363,
            41.7674251
          ],
          [
            -91.9019744,
            41.7677932
          ],
          [
            -91.9026064,
            41.7679179
          ],
          [
            -91.9069481,
            41.7687744
          ],
          [
            -91.9090306,
            41.7691713
          ],
          [
            -91.9095984,
            41.7692795
          ],
          [
            -91.9113964,
            41.7696339
          ],
          [
            -91.9137672,
            41.7700999
          ],
          [
            -91.914808,
            41.7702996
          ],
          [
            -91.9151782,
            41.7703723
          ],
          [
            -91.9170066,
            41.7707316
          ],
          [
            -91.9194587,
            41.7711693
          ],
          [
            -91.9222514,
            41.7716152
          ],
          [
            -91.92451,
            41.7719798
          ],
          [
            -91.927977,
            41.77254
          ],
          [
            -91.9349518,
            41.7736658
          ],
          [
            -91.938684,
            41.7742661
          ],
          [
            -91.942449,
            41.7748825
          ],
          [
            -91.9476345,
            41.7757193
          ],
          [
            -91.9482338,
            41.7758093
          ],
          [
            -91.9510783,
            41.776271
          ],
          [
            -91.9540239,
            41.7767483
          ],
          [
            -91.9555516,
            41.7769954
          ],
          [
            -91.9584225,
            41.7774531
          ],
          [
            -91.9607294,
            41.7778335
          ],
          [
            -91.9636978,
            41.7783012
          ],
          [
            -91.966385,
            41.7787389
          ],
          [
            -91.9677938,
            41.7789754
          ],
          [
            -91.9691339,
            41.7791911
          ],
          [
            -91.9870024,
            41.7820646
          ],
          [
            -91.987491,
            41.7821356
          ],
          [
            -91.9957839,
            41.7834874
          ],
          [
            -91.99581,
            41.7834914
          ],
          [
            -91.9963789,
            41.7835794
          ],
          [
            -91.9963944,
            41.7835819
          ],
          [
            -92.000003,
            41.7841607
          ],
          [
            -92.001685,
            41.7844299
          ],
          [
            -92.0022022,
            41.7845127
          ],
          [
            -92.0045738,
            41.7848913
          ],
          [
            -92.0065011,
            41.7851994
          ],
          [
            -92.0108434,
            41.7858966
          ],
          [
            -92.0137426,
            41.7863617
          ],
          [
            -92.0163768,
            41.7867794
          ],
          [
            -92.0190269,
            41.7872047
          ]
        ]
      },
      "properties": {
        "osm_id": 835546080,
        "railroad": "IAIS",
        "operator": "Iowa Interstate Railroad",
        "owner": null,
        "name": "Iowa Interstate Railroad",
        "ref": null,
        "usage": "branch",
        "service": null,
        "railway": "rail",
        "source": "OpenStreetMap / Overpass"
      }
    },
    {
      "type": "Feature",
      "geometry": {
        "type": "LineString",
        "coordinates": [
          [
            -94.9243537,
            41.3903467
          ],
          [
            -94.91586,
            41.3918955
          ],
          [
            -94.9130546,
            41.3924166
          ],
          [
            -94.9121041,
            41.3926021
          ],
          [
            -94.9110164,
            41.392847
          ],
          [
            -94.9070501,
            41.3938108
          ],
          [
            -94.8972635,
            41.3961731
          ],
          [
            -94.8955636,
            41.3965866
          ],
          [
            -94.8931114,
            41.3971766
          ],
          [
            -94.8918175,
            41.3975443
          ],
          [
            -94.8912849,
            41.3977143
          ],
          [
            -94.8906791,
            41.3979334
          ],
          [
            -94.8899266,
            41.398218
          ],
          [
            -94.8894314,
            41.3984287
          ],
          [
            -94.8889991,
            41.3986384
          ],
          [
            -94.8882717,
            41.3989715
          ],
          [
            -94.8868261,
            41.3997397
          ],
          [
            -94.8853782,
            41.4005337
          ],
          [
            -94.883852,
            41.4013545
          ],
          [
            -94.8820743,
            41.4023057
          ]
        ]
      },
      "properties": {
        "osm_id": 871745274,
        "railroad": "IAIS",
        "operator": "Iowa Interstate Railroad",
        "owner": null,
        "name": "Iowa Interstate Railroad",
        "ref": null,
        "usage": "branch",
        "service": null,
        "railway": "rail",
        "source": "OpenStreetMap / Overpass"
      }
    },
    {
      "type": "Feature",
      "geometry": {
        "type": "LineString",
        "coordinates": [
          [
            -93.5774815,
            41.5903519
          ],
          [
            -93.5775606,
            41.5903486
          ],
          [
            -93.578221,
            41.5902955
          ],
          [
            -93.5789444,
            41.5902393
          ],
          [
            -93.579256,
            41.5902145
          ],
          [
            -93.5795492,
            41.5901865
          ],
          [
            -93.5798337,
            41.5901535
          ],
          [
            -93.580311,
            41.5900874
          ],
          [
            -93.5807797,
            41.5900051
          ],
          [
            -93.5812222,
            41.5899248
          ],
          [
            -93.581785,
            41.5897978
          ],
          [
            -93.5833561,
            41.589438
          ],
          [
            -93.5845625,
            41.5891399
          ],
          [
            -93.584922,
            41.589051
          ],
          [
            -93.5857925,
            41.5888321
          ]
        ]
      },
      "properties": {
        "osm_id": 921670288,
        "railroad": "IAIS",
        "operator": "Union Pacific Railroad",
        "owner": null,
        "name": "Iowa Interstate Railroad",
        "ref": null,
        "usage": "branch",
        "service": null,
        "railway": "rail",
        "source": "OpenStreetMap / Overpass"
      }
    },
    {
      "type": "Feature",
      "geometry": {
        "type": "LineString",
        "coordinates": [
          [
            -93.7818021,
            41.6571019
          ],
          [
            -93.7822338,
            41.6575871
          ]
        ]
      },
      "properties": {
        "osm_id": 944883227,
        "railroad": "IAIS",
        "operator": "Iowa Interstate Railroad",
        "owner": null,
        "name": null,
        "ref": null,
        "usage": null,
        "service": "spur",
        "railway": "rail",
        "source": "OpenStreetMap / Overpass"
      }
    },
    {
      "type": "Feature",
      "geometry": {
        "type": "LineString",
        "coordinates": [
          [
            -89.5702962,
            40.8085177
          ],
          [
            -89.5716552,
            40.8057329
          ],
          [
            -89.5729198,
            40.803127
          ],
          [
            -89.573303,
            40.802337
          ],
          [
            -89.5737289,
            40.801462
          ],
          [
            -89.5741309,
            40.800646
          ],
          [
            -89.5756506,
            40.7975155
          ],
          [
            -89.5758069,
            40.7971634
          ],
          [
            -89.5759577,
            40.7968092
          ],
          [
            -89.5761267,
            40.7963802
          ],
          [
            -89.5762488,
            40.7960516
          ],
          [
            -89.5763398,
            40.7957407
          ],
          [
            -89.5764438,
            40.795418
          ],
          [
            -89.5765087,
            40.7951563
          ],
          [
            -89.5766023,
            40.7947647
          ],
          [
            -89.5766699,
            40.7944361
          ],
          [
            -89.5767297,
            40.794135
          ],
          [
            -89.5767739,
            40.7938556
          ],
          [
            -89.5768077,
            40.7935033
          ],
          [
            -89.5768363,
            40.7932141
          ],
          [
            -89.5768622,
            40.7928913
          ],
          [
            -89.5768882,
            40.7923148
          ],
          [
            -89.5768935,
            40.791438
          ]
        ]
      },
      "properties": {
        "osm_id": 955575841,
        "railroad": "IAIS",
        "operator": "Iowa Interstate Railroad",
        "owner": null,
        "name": null,
        "ref": null,
        "usage": "branch",
        "service": null,
        "railway": "rail",
        "source": "OpenStreetMap / Overpass"
      }
    },
    {
      "type": "Feature",
      "geometry": {
        "type": "LineString",
        "coordinates": [
          [
            -89.5768935,
            40.791438
          ],
          [
            -89.5768948,
            40.7913829
          ]
        ]
      },
      "properties": {
        "osm_id": 955575842,
        "railroad": "IAIS",
        "operator": "Iowa Interstate Railroad",
        "owner": null,
        "name": null,
        "ref": null,
        "usage": "branch",
        "service": null,
        "railway": "rail",
        "source": "OpenStreetMap / Overpass"
      }
    },
    {
      "type": "Feature",
      "geometry": {
        "type": "LineString",
        "coordinates": [
          [
            -90.4469697,
            41.5165006
          ],
          [
            -90.4474763,
            41.5164616
          ],
          [
            -90.4485769,
            41.5163662
          ],
          [
            -90.4490984,
            41.5163259
          ],
          [
            -90.4503408,
            41.5162339
          ],
          [
            -90.4509641,
            41.516187
          ],
          [
            -90.4512479,
            41.5161715
          ],
          [
            -90.4518579,
            41.5161255
          ],
          [
            -90.4529852,
            41.5160429
          ],
          [
            -90.4547304,
            41.5159114
          ],
          [
            -90.455106,
            41.5158847
          ],
          [
            -90.4566302,
            41.5157675
          ],
          [
            -90.4585229,
            41.5156276
          ],
          [
            -90.4606591,
            41.5154668
          ],
          [
            -90.4608046,
            41.5154579
          ],
          [
            -90.4609759,
            41.5154422
          ],
          [
            -90.4614007,
            41.5154088
          ],
          [
            -90.4623158,
            41.5153387
          ],
          [
            -90.4625122,
            41.5153236
          ],
          [
            -90.4631551,
            41.5152786
          ],
          [
            -90.4641714,
            41.5151991
          ],
          [
            -90.4651555,
            41.5151248
          ],
          [
            -90.466364,
            41.5150357
          ],
          [
            -90.4679943,
            41.5149098
          ],
          [
            -90.4692667,
            41.514814
          ],
          [
            -90.4703892,
            41.5147353
          ],
          [
            -90.4710107,
            41.5146844
          ],
          [
            -90.4726054,
            41.5145687
          ],
          [
            -90.4729483,
            41.5145362
          ],
          [
            -90.4742303,
            41.5144446
          ],
          [
            -90.4759745,
            41.5143114
          ],
          [
            -90.4774528,
            41.5142018
          ],
          [
            -90.4784082,
            41.5141266
          ],
          [
            -90.4798146,
            41.5140256
          ],
          [
            -90.4799047,
            41.5140187
          ],
          [
            -90.4800323,
            41.5140089
          ],
          [
            -90.4804581,
            41.5139792
          ],
          [
            -90.4807993,
            41.5139524
          ],
          [
            -90.4815722,
            41.5138898
          ],
          [
            -90.4824164,
            41.5138307
          ],
          [
            -90.4832263,
            41.513771
          ],
          [
            -90.4837694,
            41.5137252
          ],
          [
            -90.4843133,
            41.5136818
          ],
          [
            -90.4853217,
            41.5136091
          ],
          [
            -90.4869836,
            41.5134833
          ],
          [
            -90.4875726,
            41.5134348
          ],
          [
            -90.4894261,
            41.5133002
          ],
          [
            -90.4900876,
            41.5132414
          ],
          [
            -90.490412,
            41.5132178
          ],
          [
            -90.4907932,
            41.5131915
          ],
          [
            -90.4912917,
            41.5131515
          ],
          [
            -90.4922971,
            41.5130815
          ],
          [
            -90.493562,
            41.5129797
          ],
          [
            -90.4985038,
            41.5126059
          ],
          [
            -90.5000857,
            41.51249
          ],
          [
            -90.5005722,
            41.5124486
          ],
          [
            -90.5008992,
            41.5124113
          ],
          [
            -90.5012497,
            41.512371
          ],
          [
            -90.5013611,
            41.5123553
          ],
          [
            -90.5018086,
            41.5122863
          ],
          [
            -90.5024361,
            41.5121742
          ],
          [
            -90.5035675,
            41.5119693
          ],
          [
            -90.5041923,
            41.5118448
          ],
          [
            -90.5045605,
            41.5117582
          ],
          [
            -90.5048187,
            41.5116892
          ],
          [
            -90.5050307,
            41.5116265
          ],
          [
            -90.505347,
            41.5115192
          ],
          [
            -90.5060116,
            41.511288
          ],
          [
            -90.5063919,
            41.5111431
          ],
          [
            -90.5065692,
            41.5110796
          ],
          [
            -90.5066509,
            41.5110471
          ]
        ]
      },
      "properties": {
        "osm_id": 1022430026,
        "railroad": "IAIS",
        "operator": "Iowa Interstate Railroad",
        "owner": null,
        "name": "Iowa Interstate Railroad",
        "ref": "7",
        "usage": "branch",
        "service": null,
        "railway": "rail",
        "source": "OpenStreetMap / Overpass"
      }
    },
    {
      "type": "Feature",
      "geometry": {
        "type": "LineString",
        "coordinates": [
          [
            -90.5787322,
            41.511974
          ],
          [
            -90.5790494,
            41.5118996
          ],
          [
            -90.5794779,
            41.511809
          ],
          [
            -90.5800204,
            41.5116807
          ],
          [
            -90.5808027,
            41.5115098
          ],
          [
            -90.5822567,
            41.5111752
          ],
          [
            -90.582936,
            41.5110259
          ],
          [
            -90.5834322,
            41.5109054
          ],
          [
            -90.5837272,
            41.5108291
          ],
          [
            -90.5841725,
            41.5107066
          ],
          [
            -90.5844568,
            41.5106222
          ],
          [
            -90.5851717,
            41.5104227
          ],
          [
            -90.5856711,
            41.5102785
          ],
          [
            -90.587485,
            41.5096762
          ],
          [
            -90.5889998,
            41.5091617
          ],
          [
            -90.5891285,
            41.5091215
          ],
          [
            -90.5893591,
            41.5090622
          ],
          [
            -90.5896473,
            41.5089802
          ]
        ]
      },
      "properties": {
        "osm_id": 1022430031,
        "railroad": "IAIS",
        "operator": "Iowa Interstate Railroad",
        "owner": null,
        "name": "Iowa Interstate Railroad",
        "ref": null,
        "usage": null,
        "service": "yard",
        "railway": "rail",
        "source": "OpenStreetMap / Overpass"
      }
    },
    {
      "type": "Feature",
      "geometry": {
        "type": "LineString",
        "coordinates": [
          [
            -90.5779601,
            41.5120337
          ],
          [
            -90.5782641,
            41.5120245
          ],
          [
            -90.5784932,
            41.5120084
          ],
          [
            -90.5786682,
            41.5119857
          ],
          [
            -90.5787322,
            41.511974
          ]
        ]
      },
      "properties": {
        "osm_id": 1022430032,
        "railroad": "IAIS",
        "operator": "Iowa Interstate Railroad",
        "owner": null,
        "name": "Iowa Interstate Railroad",
        "ref": null,
        "usage": "industrial",
        "service": null,
        "railway": "rail",
        "source": "OpenStreetMap / Overpass"
      }
    },
    {
      "type": "Feature",
      "geometry": {
        "type": "LineString",
        "coordinates": [
          [
            -90.5769727,
            41.5120891
          ],
          [
            -90.5773731,
            41.5120282
          ],
          [
            -90.5776111,
            41.5120219
          ],
          [
            -90.5778552,
            41.5120279
          ],
          [
            -90.5779601,
            41.5120337
          ],
          [
            -90.578357,
            41.5120398
          ],
          [
            -90.5785464,
            41.5120375
          ],
          [
            -90.5787399,
            41.5120277
          ],
          [
            -90.5789552,
            41.5120026
          ],
          [
            -90.579188,
            41.5119604
          ],
          [
            -90.5796973,
            41.5118591
          ],
          [
            -90.5801614,
            41.5117713
          ],
          [
            -90.5804321,
            41.5117144
          ],
          [
            -90.5806735,
            41.5116715
          ],
          [
            -90.5809211,
            41.5116217
          ],
          [
            -90.5811823,
            41.5115713
          ],
          [
            -90.5816372,
            41.5114833
          ],
          [
            -90.5821235,
            41.5113857
          ],
          [
            -90.5825933,
            41.5112921
          ],
          [
            -90.582817,
            41.5112426
          ],
          [
            -90.5831573,
            41.5111639
          ],
          [
            -90.5833804,
            41.5111055
          ],
          [
            -90.5836049,
            41.511043
          ],
          [
            -90.5838414,
            41.5109718
          ],
          [
            -90.5840785,
            41.5108969
          ],
          [
            -90.5843188,
            41.510818
          ],
          [
            -90.5845518,
            41.5107409
          ],
          [
            -90.5849496,
            41.5106106
          ],
          [
            -90.585273,
            41.5105044
          ],
          [
            -90.5855594,
            41.5104075
          ],
          [
            -90.5864659,
            41.5101113
          ],
          [
            -90.5873892,
            41.5098034
          ],
          [
            -90.5885132,
            41.509434
          ],
          [
            -90.5892636,
            41.5091811
          ],
          [
            -90.5894906,
            41.5091083
          ],
          [
            -90.5897381,
            41.5090379
          ],
          [
            -90.5899828,
            41.5089806
          ],
          [
            -90.590251,
            41.5089348
          ],
          [
            -90.5905589,
            41.508913
          ],
          [
            -90.5908359,
            41.5089148
          ],
          [
            -90.5909967,
            41.5089267
          ],
          [
            -90.5912393,
            41.5089691
          ]
        ]
      },
      "properties": {
        "osm_id": 1022430033,
        "railroad": "IAIS",
        "operator": null,
        "owner": null,
        "name": "Iowa Interstate Railroad",
        "ref": null,
        "usage": "branch",
        "service": null,
        "railway": "rail",
        "source": "OpenStreetMap / Overpass"
      }
    },
    {
      "type": "Feature",
      "geometry": {
        "type": "LineString",
        "coordinates": [
          [
            -94.0161842,
            41.5227894
          ],
          [
            -94.0160944,
            41.5229554
          ],
          [
            -94.0159277,
            41.5232368
          ],
          [
            -94.0158066,
            41.5234402
          ],
          [
            -94.0156262,
            41.5236878
          ],
          [
            -94.015387,
            41.523995
          ],
          [
            -94.0151503,
            41.5242383
          ],
          [
            -94.0149875,
            41.5244157
          ],
          [
            -94.0147738,
            41.524593
          ],
          [
            -94.0145436,
            41.5247908
          ],
          [
            -94.0143076,
            41.5249533
          ],
          [
            -94.0140438,
            41.5251338
          ],
          [
            -94.0137942,
            41.5252817
          ],
          [
            -94.0135107,
            41.5254412
          ],
          [
            -94.0131259,
            41.5256241
          ],
          [
            -94.0124828,
            41.5258774
          ],
          [
            -94.010955,
            41.5265
          ],
          [
            -94.009746,
            41.527
          ],
          [
            -94.009264,
            41.527199
          ],
          [
            -94.008588,
            41.5274779
          ],
          [
            -94.008474,
            41.527525
          ],
          [
            -94.004021,
            41.5294095
          ],
          [
            -94.0029766,
            41.5297997
          ],
          [
            -94.0027323,
            41.529891
          ],
          [
            -94.0013272,
            41.5303277
          ],
          [
            -94.0001996,
            41.5306112
          ],
          [
            -93.9987469,
            41.530894
          ],
          [
            -93.9975957,
            41.5310787
          ],
          [
            -93.996437,
            41.5312036
          ],
          [
            -93.9951278,
            41.5312761
          ],
          [
            -93.9934951,
            41.5313397
          ],
          [
            -93.9905501,
            41.5314264
          ],
          [
            -93.9875293,
            41.5315594
          ],
          [
            -93.986516,
            41.5316843
          ],
          [
            -93.9856143,
            41.53191
          ],
          [
            -93.9845955,
            41.5323216
          ],
          [
            -93.9843053,
            41.5324962
          ],
          [
            -93.9830533,
            41.5332933
          ],
          [
            -93.9821797,
            41.5340977
          ]
        ]
      },
      "properties": {
        "osm_id": 1031328749,
        "railroad": "IAIS",
        "operator": "Iowa Interstate Railroad",
        "owner": null,
        "name": "Iowa Interstate Railroad",
        "ref": null,
        "usage": "branch",
        "service": null,
        "railway": "rail",
        "source": "OpenStreetMap / Overpass"
      }
    },
    {
      "type": "Feature",
      "geometry": {
        "type": "LineString",
        "coordinates": [
          [
            -94.0163256,
            41.5224853
          ],
          [
            -94.0161842,
            41.5227894
          ]
        ]
      },
      "properties": {
        "osm_id": 1031328750,
        "railroad": "IAIS",
        "operator": "Iowa Interstate Railroad",
        "owner": null,
        "name": "Iowa Interstate Railroad",
        "ref": null,
        "usage": "branch",
        "service": null,
        "railway": "rail",
        "source": "OpenStreetMap / Overpass"
      }
    },
    {
      "type": "Feature",
      "geometry": {
        "type": "LineString",
        "coordinates": [
          [
            -94.0136395,
            41.5098811
          ],
          [
            -94.0135052,
            41.5100968
          ],
          [
            -94.0133371,
            41.5104163
          ],
          [
            -94.0132396,
            41.5106178
          ],
          [
            -94.0130514,
            41.5111886
          ],
          [
            -94.0129861,
            41.5114623
          ],
          [
            -94.0129347,
            41.5117841
          ],
          [
            -94.0129108,
            41.5120276
          ],
          [
            -94.0129102,
            41.5124483
          ],
          [
            -94.0129567,
            41.5128648
          ],
          [
            -94.0130142,
            41.5131408
          ],
          [
            -94.0130576,
            41.5133311
          ],
          [
            -94.0131493,
            41.5136173
          ],
          [
            -94.0132289,
            41.5137927
          ],
          [
            -94.0132943,
            41.5139445
          ],
          [
            -94.0133987,
            41.5141483
          ],
          [
            -94.0135201,
            41.5143668
          ],
          [
            -94.0137149,
            41.5146773
          ],
          [
            -94.0140404,
            41.5151899
          ],
          [
            -94.0142949,
            41.5155996
          ],
          [
            -94.0152086,
            41.5170325
          ],
          [
            -94.0156166,
            41.5176874
          ],
          [
            -94.0157942,
            41.5179553
          ],
          [
            -94.0160208,
            41.5183191
          ],
          [
            -94.0161944,
            41.5185732
          ],
          [
            -94.0163455,
            41.5188213
          ],
          [
            -94.0164803,
            41.5190735
          ],
          [
            -94.0166229,
            41.5194189
          ],
          [
            -94.0167143,
            41.5196837
          ],
          [
            -94.0167474,
            41.5198432
          ],
          [
            -94.0167761,
            41.5199875
          ],
          [
            -94.0168069,
            41.520191
          ],
          [
            -94.0168152,
            41.5203622
          ],
          [
            -94.0168151,
            41.5205326
          ],
          [
            -94.0168134,
            41.5207106
          ],
          [
            -94.0167827,
            41.520959
          ],
          [
            -94.0167203,
            41.5213045
          ],
          [
            -94.0166488,
            41.5215864
          ],
          [
            -94.0165802,
            41.5218112
          ],
          [
            -94.0165337,
            41.5219614
          ],
          [
            -94.0164826,
            41.5220983
          ],
          [
            -94.0164173,
            41.5222533
          ],
          [
            -94.0163256,
            41.5224853
          ]
        ]
      },
      "properties": {
        "osm_id": 1031328753,
        "railroad": "IAIS",
        "operator": "Iowa Interstate Railroad",
        "owner": null,
        "name": "Iowa Interstate Railroad",
        "ref": null,
        "usage": "branch",
        "service": null,
        "railway": "rail",
        "source": "OpenStreetMap / Overpass"
      }
    },
    {
      "type": "Feature",
      "geometry": {
        "type": "LineString",
        "coordinates": [
          [
            -94.0138296,
            41.5096266
          ],
          [
            -94.0136395,
            41.5098811
          ]
        ]
      },
      "properties": {
        "osm_id": 1031328754,
        "railroad": "IAIS",
        "operator": "Iowa Interstate Railroad",
        "owner": null,
        "name": "Iowa Interstate Railroad",
        "ref": null,
        "usage": "branch",
        "service": null,
        "railway": "rail",
        "source": "OpenStreetMap / Overpass"
      }
    },
    {
      "type": "Feature",
      "geometry": {
        "type": "LineString",
        "coordinates": [
          [
            -92.3410652,
            41.7276728
          ],
          [
            -92.3425596,
            41.7277178
          ],
          [
            -92.3473006,
            41.7280749
          ],
          [
            -92.3579264,
            41.7288828
          ],
          [
            -92.3732565,
            41.7300462
          ]
        ]
      },
      "properties": {
        "osm_id": 1085889803,
        "railroad": "IAIS",
        "operator": "Iowa Interstate Railroad",
        "owner": null,
        "name": "Iowa Interstate Railroad",
        "ref": null,
        "usage": "branch",
        "service": null,
        "railway": "rail",
        "source": "OpenStreetMap / Overpass"
      }
    },
    {
      "type": "Feature",
      "geometry": {
        "type": "LineString",
        "coordinates": [
          [
            -92.3406109,
            41.7276785
          ],
          [
            -92.3410652,
            41.7276728
          ]
        ]
      },
      "properties": {
        "osm_id": 1085889804,
        "railroad": "IAIS",
        "operator": "Iowa Interstate Railroad",
        "owner": null,
        "name": "Iowa Interstate Railroad",
        "ref": null,
        "usage": "branch",
        "service": null,
        "railway": "rail",
        "source": "OpenStreetMap / Overpass"
      }
    },
    {
      "type": "Feature",
      "geometry": {
        "type": "LineString",
        "coordinates": [
          [
            -95.5130556,
            41.3768457
          ],
          [
            -95.512456,
            41.376849
          ],
          [
            -95.511805,
            41.376847
          ],
          [
            -95.511208,
            41.376831
          ],
          [
            -95.510498,
            41.376795
          ],
          [
            -95.509789,
            41.376743
          ],
          [
            -95.509435,
            41.37671
          ],
          [
            -95.50733,
            41.376497
          ],
          [
            -95.504818,
            41.376237
          ],
          [
            -95.497949,
            41.37552
          ],
          [
            -95.497782,
            41.375502
          ],
          [
            -95.495324,
            41.375248
          ],
          [
            -95.493364,
            41.375041
          ],
          [
            -95.491878,
            41.37489
          ],
          [
            -95.490575,
            41.374776
          ],
          [
            -95.489421,
            41.374701
          ],
          [
            -95.488925,
            41.374682
          ],
          [
            -95.487091,
            41.37461
          ],
          [
            -95.480492,
            41.374395
          ],
          [
            -95.477621,
            41.374297
          ],
          [
            -95.475565,
            41.374226
          ],
          [
            -95.47315,
            41.374138
          ],
          [
            -95.470514,
            41.374056
          ],
          [
            -95.466178,
            41.373907
          ],
          [
            -95.4642,
            41.373835
          ],
          [
            -95.461165,
            41.373736
          ],
          [
            -95.461036,
            41.373732
          ],
          [
            -95.460904,
            41.373728
          ],
          [
            -95.460085,
            41.3737
          ],
          [
            -95.458368,
            41.373633
          ],
          [
            -95.457222,
            41.373604
          ]
        ]
      },
      "properties": {
        "osm_id": 1159760051,
        "railroad": "IAIS",
        "operator": "Iowa Interstate Railroad",
        "owner": null,
        "name": "Iowa Interstate Railroad",
        "ref": null,
        "usage": "branch",
        "service": null,
        "railway": "rail",
        "source": "OpenStreetMap / Overpass"
      }
    },
    {
      "type": "Feature",
      "geometry": {
        "type": "LineString",
        "coordinates": [
          [
            -95.5139459,
            41.3768083
          ],
          [
            -95.513522,
            41.3768251
          ],
          [
            -95.5130556,
            41.3768457
          ]
        ]
      },
      "properties": {
        "osm_id": 1159760052,
        "railroad": "IAIS",
        "operator": "Iowa Interstate Railroad",
        "owner": null,
        "name": "Iowa Interstate Railroad",
        "ref": null,
        "usage": "branch",
        "service": null,
        "railway": "rail",
        "source": "OpenStreetMap / Overpass"
      }
    },
    {
      "type": "Feature",
      "geometry": {
        "type": "LineString",
        "coordinates": [
          [
            -93.8533939,
            41.5291514
          ],
          [
            -93.8523761,
            41.5293489
          ],
          [
            -93.850031,
            41.5297577
          ],
          [
            -93.8487164,
            41.5300153
          ]
        ]
      },
      "properties": {
        "osm_id": 1164284897,
        "railroad": "IAIS",
        "operator": "Iowa Interstate Railroad",
        "owner": null,
        "name": "Iowa Interstate Railroad",
        "ref": null,
        "usage": "branch",
        "service": null,
        "railway": "rail",
        "source": "OpenStreetMap / Overpass"
      }
    },
    {
      "type": "Feature",
      "geometry": {
        "type": "LineString",
        "coordinates": [
          [
            -93.8543747,
            41.5289645
          ],
          [
            -93.8533939,
            41.5291514
          ]
        ]
      },
      "properties": {
        "osm_id": 1164284898,
        "railroad": "IAIS",
        "operator": "Iowa Interstate Railroad",
        "owner": null,
        "name": "Iowa Interstate Railroad",
        "ref": null,
        "usage": "branch",
        "service": null,
        "railway": "rail",
        "source": "OpenStreetMap / Overpass"
      }
    },
    {
      "type": "Feature",
      "geometry": {
        "type": "LineString",
        "coordinates": [
          [
            -95.8272829,
            41.2299704
          ],
          [
            -95.8269276,
            41.2301735
          ],
          [
            -95.8266276,
            41.2303672
          ],
          [
            -95.8263684,
            41.2305468
          ],
          [
            -95.8261118,
            41.2307504
          ],
          [
            -95.8258579,
            41.230984
          ],
          [
            -95.8256225,
            41.2312269
          ],
          [
            -95.8254447,
            41.2314438
          ],
          [
            -95.8253226,
            41.2316068
          ],
          [
            -95.8251881,
            41.2318018
          ],
          [
            -95.8250969,
            41.2319555
          ],
          [
            -95.824989,
            41.2321571
          ],
          [
            -95.8248881,
            41.2323661
          ],
          [
            -95.8248235,
            41.2325351
          ],
          [
            -95.8247519,
            41.232768
          ],
          [
            -95.8246669,
            41.2330494
          ],
          [
            -95.8246244,
            41.2332012
          ],
          [
            -95.8245092,
            41.2335185
          ]
        ]
      },
      "properties": {
        "osm_id": 1191646218,
        "railroad": "IAIS",
        "operator": "Iowa Interstate Railroad",
        "owner": null,
        "name": "Iowa Interstate Railroad",
        "ref": null,
        "usage": null,
        "service": "crossover",
        "railway": "rail",
        "source": "OpenStreetMap / Overpass"
      }
    },
    {
      "type": "Feature",
      "geometry": {
        "type": "LineString",
        "coordinates": [
          [
            -95.3657206,
            41.3879348
          ],
          [
            -95.3655734,
            41.3881755
          ]
        ]
      },
      "properties": {
        "osm_id": 1225427066,
        "railroad": "IAIS",
        "operator": "Iowa Interstate Railroad",
        "owner": null,
        "name": null,
        "ref": null,
        "usage": null,
        "service": "spur",
        "railway": "rail",
        "source": "OpenStreetMap / Overpass"
      }
    },
    {
      "type": "Feature",
      "geometry": {
        "type": "LineString",
        "coordinates": [
          [
            -95.3659317,
            41.3875847
          ],
          [
            -95.3657206,
            41.3879348
          ]
        ]
      },
      "properties": {
        "osm_id": 1225427067,
        "railroad": "IAIS",
        "operator": "Iowa Interstate Railroad",
        "owner": null,
        "name": null,
        "ref": null,
        "usage": null,
        "service": "spur",
        "railway": "rail",
        "source": "OpenStreetMap / Overpass"
      }
    },
    {
      "type": "Feature",
      "geometry": {
        "type": "LineString",
        "coordinates": [
          [
            -95.3733351,
            41.382169
          ],
          [
            -95.3730188,
            41.3822508
          ],
          [
            -95.3728326,
            41.3823061
          ],
          [
            -95.3726292,
            41.3823664
          ],
          [
            -95.3724343,
            41.3824151
          ],
          [
            -95.3719474,
            41.3825211
          ]
        ]
      },
      "properties": {
        "osm_id": 1225427068,
        "railroad": "IAIS",
        "operator": "Iowa Interstate Railroad",
        "owner": null,
        "name": null,
        "ref": null,
        "usage": null,
        "service": "spur",
        "railway": "rail",
        "source": "OpenStreetMap / Overpass"
      }
    },
    {
      "type": "Feature",
      "geometry": {
        "type": "LineString",
        "coordinates": [
          [
            -95.3762119,
            41.3815823
          ],
          [
            -95.3733351,
            41.382169
          ]
        ]
      },
      "properties": {
        "osm_id": 1225427069,
        "railroad": "IAIS",
        "operator": "Iowa Interstate Railroad",
        "owner": null,
        "name": "Iowa Interstate Railroad",
        "ref": null,
        "usage": "branch",
        "service": null,
        "railway": "rail",
        "source": "OpenStreetMap / Overpass"
      }
    },
    {
      "type": "Feature",
      "geometry": {
        "type": "LineString",
        "coordinates": [
          [
            -93.7924498,
            41.6728344
          ],
          [
            -93.7924484,
            41.6708437
          ],
          [
            -93.7924213,
            41.6705496
          ],
          [
            -93.792367,
            41.6702453
          ],
          [
            -93.792315,
            41.66999
          ],
          [
            -93.7922285,
            41.6697125
          ],
          [
            -93.7921327,
            41.6694609
          ],
          [
            -93.7920171,
            41.6692238
          ],
          [
            -93.7918774,
            41.6689725
          ],
          [
            -93.7917257,
            41.6687221
          ],
          [
            -93.7915483,
            41.6684681
          ],
          [
            -93.7913467,
            41.6682115
          ],
          [
            -93.7909799,
            41.6678137
          ],
          [
            -93.7898147,
            41.6665028
          ],
          [
            -93.788339,
            41.664865
          ],
          [
            -93.7863786,
            41.662674
          ]
        ]
      },
      "properties": {
        "osm_id": 1245599781,
        "railroad": "IAIS",
        "operator": "Iowa Interstate Railroad",
        "owner": null,
        "name": null,
        "ref": null,
        "usage": null,
        "service": null,
        "railway": "rail",
        "source": "OpenStreetMap / Overpass"
      }
    },
    {
      "type": "Feature",
      "geometry": {
        "type": "LineString",
        "coordinates": [
          [
            -91.784153,
            41.718829
          ],
          [
            -91.784848,
            41.718981
          ],
          [
            -91.785075,
            41.719037
          ],
          [
            -91.7859532,
            41.7192436
          ],
          [
            -91.788184,
            41.719914
          ],
          [
            -91.788621,
            41.720083
          ],
          [
            -91.790687,
            41.721064
          ],
          [
            -91.791139,
            41.721203
          ],
          [
            -91.792253,
            41.72169
          ]
        ]
      },
      "properties": {
        "osm_id": 1245652463,
        "railroad": "IAIS",
        "operator": "Iowa Interstate Railroad",
        "owner": null,
        "name": "Iowa Interstate Railroad",
        "ref": null,
        "usage": "branch",
        "service": null,
        "railway": "rail",
        "source": "OpenStreetMap / Overpass"
      }
    },
    {
      "type": "Feature",
      "geometry": {
        "type": "LineString",
        "coordinates": [
          [
            -93.3769058,
            41.6568176
          ],
          [
            -93.3726023,
            41.6558642
          ],
          [
            -93.371374,
            41.655579
          ],
          [
            -93.370653,
            41.655425
          ],
          [
            -93.369872,
            41.655272
          ],
          [
            -93.3692316,
            41.6551669
          ],
          [
            -93.368381,
            41.655017
          ],
          [
            -93.367783,
            41.654927
          ],
          [
            -93.3597156,
            41.6537755
          ],
          [
            -93.3583803,
            41.6535754
          ]
        ]
      },
      "properties": {
        "osm_id": 1296526800,
        "railroad": "IAIS",
        "operator": "Iowa Interstate Railroad",
        "owner": null,
        "name": null,
        "ref": null,
        "usage": "branch",
        "service": null,
        "railway": "rail",
        "source": "OpenStreetMap / Overpass"
      }
    },
    {
      "type": "Feature",
      "geometry": {
        "type": "LineString",
        "coordinates": [
          [
            -90.4024739,
            41.5118605
          ],
          [
            -90.401634,
            41.5116183
          ],
          [
            -90.4014141,
            41.511542
          ],
          [
            -90.4012049,
            41.5114496
          ],
          [
            -90.4009447,
            41.511311
          ],
          [
            -90.4006416,
            41.5111282
          ],
          [
            -90.4004619,
            41.5110359
          ],
          [
            -90.4001802,
            41.5109094
          ]
        ]
      },
      "properties": {
        "osm_id": 1330718149,
        "railroad": "IAIS",
        "operator": "Iowa Interstate Railroad",
        "owner": null,
        "name": null,
        "ref": null,
        "usage": null,
        "service": "spur",
        "railway": "rail",
        "source": "OpenStreetMap / Overpass"
      }
    },
    {
      "type": "Feature",
      "geometry": {
        "type": "LineString",
        "coordinates": [
          [
            -90.4029846,
            41.5120063
          ],
          [
            -90.4024739,
            41.5118605
          ]
        ]
      },
      "properties": {
        "osm_id": 1330718150,
        "railroad": "IAIS",
        "operator": "Iowa Interstate Railroad",
        "owner": null,
        "name": null,
        "ref": null,
        "usage": null,
        "service": "spur",
        "railway": "rail",
        "source": "OpenStreetMap / Overpass"
      }
    },
    {
      "type": "Feature",
      "geometry": {
        "type": "LineString",
        "coordinates": [
          [
            -90.4025054,
            41.5117965
          ],
          [
            -90.4020578,
            41.5116685
          ],
          [
            -90.4014731,
            41.5114938
          ],
          [
            -90.40128,
            41.5114215
          ],
          [
            -90.4011609,
            41.5113696
          ],
          [
            -90.4006416,
            41.5111282
          ]
        ]
      },
      "properties": {
        "osm_id": 1330718151,
        "railroad": "IAIS",
        "operator": "Iowa Interstate Railroad",
        "owner": null,
        "name": null,
        "ref": null,
        "usage": null,
        "service": "spur",
        "railway": "rail",
        "source": "OpenStreetMap / Overpass"
      }
    },
    {
      "type": "Feature",
      "geometry": {
        "type": "LineString",
        "coordinates": [
          [
            -90.4030156,
            41.5119435
          ],
          [
            -90.4025054,
            41.5117965
          ]
        ]
      },
      "properties": {
        "osm_id": 1330718152,
        "railroad": "IAIS",
        "operator": "Iowa Interstate Railroad",
        "owner": null,
        "name": null,
        "ref": null,
        "usage": null,
        "service": "spur",
        "railway": "rail",
        "source": "OpenStreetMap / Overpass"
      }
    }
  ]
}